#CHROM,POS,ID,REF,ALT,QUAL,FILTER,INFO,FORMAT,/home/rothlab/dtabet/MGY360/output/mgy21/mgy21_S101_R1_001_sorted.bam,CDS(Orientation)
chrI,3,.,ACAC,"ACACAC,ACCACAC",34.4679,.,"INDEL;IDV=9;IMF=0.333333;DP=27;VDB=3.47555e-15;SGB=-0.651104;MQ0F=0;AF1=1;AC1=1;DP4=19,0,8,0;MQ=37;FQ=-999;PV4=1,1,1,1",GT:PL,"1:138,66,88",N/A
chrI,5,.,ACC,ACACACC,62.4668,.,"INDEL;IDV=18;IMF=0.514286;DP=35;VDB=1.54582e-17;SGB=-0.692831;MQ0F=0;AF1=0.5;AC1=1;DP4=11,0,24,0;MQ=37;FQ=-999;PV4=1,1,0.345336,1",GT:PL,"1:183,83",N/A
chrI,19971,.,CTTT,"CCTTTT,CTTTT",215.469,.,"INDEL;IDV=180;IMF=0.857143;DP=210;VDB=0.988433;SGB=-0.693147;MQSB=0.0794385;MQ0F=0;AF1=1;AC1=1;DP4=4,3,112,91;MQ=15;FQ=-999;PV4=1,1,0.00257696,1",GT:PL,"1:253,255,0,255,255,236",N/A
chrI,25340,.,C,A,183.007,.,"DP=223;VDB=0.000200669;SGB=-0.693147;MQSB=7.16788e-09;MQ0F=0.107623;AF1=1;AC1=1;DP4=0,0,129,87;MQ=15;FQ=-999",GT:PL,"1:213,0",YAL063C(-)
chrI,25488,.,G,A,124.006,.,"DP=231;VDB=0.266468;SGB=-0.693147;RPB=6.80184e-08;MQB=0.502177;MQSB=0.189567;BQB=0.890283;MQ0F=0.164502;AF1=1;AC1=1;DP4=12,30,36,130;MQ=17;FQ=-999;PV4=0.412039,0.402752,0.0978973,1",GT:PL,"1:154,0",YAL063C(-)
chrI,25497,.,G,A,222.007,.,"DP=215;VDB=0.228236;SGB=-0.693147;RPB=0.017775;MQB=0.00626971;MQSB=0.0109761;BQB=0.930384;MQ0F=0.190698;AF1=1;AC1=1;DP4=4,2,30,175;MQ=17;FQ=-999;PV4=0.00677539,0.126877,1,1",GT:PL,"1:252,0",YAL063C(-)
chrI,25506,.,C,T,73.0053,.,"DP=226;VDB=0.000658071;SGB=-0.693147;RPB=6.20192e-08;MQB=0.0473719;MQSB=0.000993206;BQB=0.426998;MQ0F=0.163717;AF1=1;AC1=1;DP4=2,16,14,167;MQ=17;FQ=-999;PV4=0.64278,0.00860517,0.00657082,1",GT:PL,"1:103,0",YAL063C(-)
chrI,25509,.,G,A,146.006,.,"DP=215;VDB=0.000119846;SGB=-0.693147;RPB=0.161111;MQB=0.377778;MQSB=0.00292222;BQB=0.447222;MQ0F=0.15814;AF1=1;AC1=1;DP4=2,0,12,168;MQ=17;FQ=-999;PV4=0.00552486,2.57056e-07,1,1",GT:PL,"1:176,0",YAL063C(-)
chrI,25512,.,T,G,84.0054,.,"DP=214;VDB=0.000117544;SGB=-0.693147;RPB=1.28168e-09;MQB=0.123249;MQSB=0.00104066;BQB=0.304663;MQ0F=0.168224;AF1=1;AC1=1;DP4=2,13,12,169;MQ=17;FQ=-999;PV4=0.291169,0.0905423,0.0184542,1",GT:PL,"1:114,0",YAL063C(-)
chrI,25515,.,A,G,89.0055,.,"DP=233;VDB=0.00331332;SGB=-0.693147;RPB=4.27133e-09;MQB=0.139247;MQSB=0.00114876;BQB=0.220354;MQ0F=0.154506;AF1=1;AC1=1;DP4=2,12,13,175;MQ=17;FQ=-999;PV4=0.278587,0.0559147,0.0295165,1",GT:PL,"1:119,0",YAL063C(-)
chrI,25536,.,G,A,111.006,.,"DP=241;VDB=0.0203232;SGB=-0.693147;RPB=2.13593e-14;MQB=1.22376e-10;MQSB=4.99267e-11;BQB=0.971484;MQ0F=0.107884;AF1=1;AC1=1;DP4=54,1,1,172;MQ=16;FQ=-999;PV4=0,1,1,1",GT:PL,"1:141,0",YAL063C(-)
chrI,25542,.,A,G,86.0054,.,"DP=250;VDB=9.15471e-05;SGB=-0.693147;RPB=2.27282e-19;MQB=7.78356e-15;MQSB=1.19721e-14;BQB=0.542546;MQ0F=0.096;AF1=1;AC1=1;DP4=74,1,0,153;MQ=16;FQ=-999;PV4=0,0.0032824,1,1",GT:PL,"1:116,0",YAL063C(-)
chrI,25560,.,G,A,92.0055,.,"DP=241;VDB=0.0481066;SGB=-0.693147;RPB=2.94883e-06;MQB=8.48406e-21;MQSB=8.92586e-22;BQB=0.90066;MQ0F=0.0788382;AF1=1;AC1=1;DP4=94,2,4,134;MQ=14;FQ=-999;PV4=0,0.356187,1,0.0836509",GT:PL,"1:122,0",YAL063C(-)
chrI,25584,.,A,G,52.005,.,"DP=249;VDB=0.871725;SGB=-0.693147;RPB=0.0863889;MQB=4.81034e-20;MQSB=1.29378e-23;BQB=0.112006;MQ0F=0.0923695;AF1=1;AC1=1;DP4=132,4,9,100;MQ=10;FQ=-999;PV4=0,0.103128,1,0.186018",GT:PL,"1:82,0",YAL063C(-)
chrI,25872,.,G,C,3.01251,.,"DP=181;VDB=0.037073;SGB=-0.693147;RPB=0.642656;MQB=0.557367;MQSB=0.274424;BQB=0.000948881;MQ0F=0.198895;AF1=1;AC1=1;DP4=3,4,59,109;MQ=4;FQ=-999;PV4=0.699471,1,0.223822,1",GT:PL,"1:30,0",YAL063C(-)
chrI,26412,.,G,C,6.19669,.,"DP=249;VDB=0.00270895;SGB=-0.693147;RPB=0.491701;MQB=0.875519;MQSB=7.32124e-12;BQB=0.147303;MQ0F=0.0321285;AF1=1;AC1=1;DP4=0,2,138,103;MQ=4;FQ=-999;PV4=0.185695,1,0.431135,1",GT:PL,"1:35,0",YAL063C(-)
chrI,26778,.,C,T,46.005,.,"DP=249;VDB=0.276172;SGB=-0.693147;RPB=0.398647;MQB=0.915933;MQSB=0.928288;BQB=0.952379;MQ0F=0.184739;AF1=1;AC1=1;DP4=37,43,161,4;MQ=9;FQ=-999;PV4=3.89072e-21,1,1,1",GT:PL,"1:76,0",YAL063C(-)
chrI,26793,.,A,G,44.0051,.,"DP=249;VDB=5.69672e-17;SGB=-0.693147;RPB=1.30319e-10;MQB=0.0291484;MQSB=0.616587;BQB=0.174583;MQ0F=0.200803;AF1=1;AC1=1;DP4=91,51,101,1;MQ=9;FQ=-999;PV4=3.57069e-13,1,1,1",GT:PL,"1:74,0",YAL063C(-)
chrI,26835,.,G,A,7.79382,.,"DP=230;VDB=4.14632e-11;SGB=-0.693147;RPB=3.47508e-10;MQB=0.953484;MQSB=0.952655;BQB=0.196359;MQ0F=0.195652;AF1=1;AC1=1;DP4=30,107,73,3;MQ=8;FQ=-999;PV4=2.30973e-28,9.05254e-05,1,1",GT:PL,"1:37,0",YAL063C(-)
chrI,26838,.,A,G,6.97679,.,"DP=227;VDB=1.46698e-11;SGB=-0.693147;RPB=1.05862e-12;MQB=0.955581;MQSB=0.954929;BQB=0.443508;MQ0F=0.189427;AF1=1;AC1=1;DP4=30,108,69,3;MQ=8;FQ=-999;PV4=2.41229e-27,0.00271254,1,1",GT:PL,"1:36,0",YAL063C(-)
chrI,26839,.,A,G,7.79382,.,"DP=215;VDB=1.08836e-10;SGB=-0.693147;RPB=4.75219e-13;MQB=0.952321;MQSB=0.955327;BQB=0.120982;MQ0F=0.2;AF1=1;AC1=1;DP4=29,106,69,4;MQ=8;FQ=-999;PV4=1.83516e-26,0.00739303,1,0.322863",GT:PL,"1:37,0",YAL063C(-)
chrI,26970,.,G,A,29.0102,.,"DP=247;VDB=2.2414e-20;SGB=-0.693147;RPB=2.74402e-18;MQB=0.000128363;MQSB=0.00562348;BQB=0.194868;MQ0F=0.255061;AF1=1;AC1=1;DP4=14,94,123,5;MQ=11;FQ=-999;PV4=1.38729e-43,1,1,1",GT:PL,"1:59,0",YAL063C(-)
chrI,26973,.,A,G,34.0065,.,"DP=250;VDB=1.20807e-18;SGB=-0.693147;RPB=3.96578e-19;MQB=0.0469415;MQSB=0.00507058;BQB=0.639011;MQ0F=0.256;AF1=1;AC1=1;DP4=3,88,134,5;MQ=12;FQ=-999;PV4=0,1,1,1",GT:PL,"1:64,0",YAL063C(-)
chrI,26974,.,A,G,31.0082,.,"DP=248;VDB=5.52895e-20;SGB=-0.693147;RPB=1.03137e-12;MQB=9.84623e-05;MQSB=0.00723651;BQB=0.856104;MQ0F=0.262097;AF1=1;AC1=1;DP4=15,85,123,5;MQ=12;FQ=-999;PV4=4.70954e-40,0.198664,1,1",GT:PL,"1:61,0",YAL063C(-)
chrI,26981,.,T,C,42.0052,.,"DP=239;VDB=8.74353e-15;SGB=-0.693147;RPB=3.56229e-18;MQB=0.0137827;MQSB=0.000628326;BQB=0.000152326;MQ0F=0.292887;AF1=1;AC1=1;DP4=2,73,155,6;MQ=12;FQ=-999;PV4=0,1,1,1",GT:PL,"1:72,0",YAL063C(-)
chrI,26982,.,G,A,42.0052,.,"DP=239;VDB=7.93899e-15;SGB=-0.693147;RPB=3.56229e-18;MQB=0.0137827;MQSB=0.000628326;BQB=0.533408;MQ0F=0.292887;AF1=1;AC1=1;DP4=2,73,155,6;MQ=12;FQ=-999;PV4=0,0.452925,1,1",GT:PL,"1:72,0",YAL063C(-)
chrI,26983,.,T,G,42.0052,.,"DP=248;VDB=2.03397e-14;SGB=-0.693147;RPB=1.66933e-17;MQB=0.0144568;MQSB=0.00066319;BQB=0.228781;MQ0F=0.282258;AF1=1;AC1=1;DP4=2,71,155,6;MQ=12;FQ=-999;PV4=0,1,1,1",GT:PL,"1:72,0",YAL063C(-)
chrI,27027,.,A,T,103.006,.,"DP=234;VDB=0.472231;SGB=-0.693147;RPB=1.76558e-11;MQB=0.000881841;MQSB=1.20266e-08;BQB=0.00124056;MQ0F=0.307692;AF1=1;AC1=1;DP4=0,56,156,16;MQ=14;FQ=-999;PV4=4.24095e-39,1,1,1",GT:PL,"1:133,0",YAL063C(-)
chrI,27035,.,T,C,86.0054,.,"DP=237;VDB=1.30871e-05;SGB=-0.693147;RPB=4.24573e-23;MQB=9.17448e-06;MQSB=7.06366e-11;BQB=0.833957;MQ0F=0.223629;AF1=1;AC1=1;DP4=10,82,107,14;MQ=13;FQ=-999;PV4=3.28938e-32,1,1,1",GT:PL,"1:116,0",YAL063C(-)
chrI,27036,.,G,A,85.0054,.,"DP=237;VDB=2.87482e-05;SGB=-0.693147;RPB=1.16327e-22;MQB=2.08229e-05;MQSB=7.06366e-11;BQB=0.974068;MQ0F=0.223629;AF1=1;AC1=1;DP4=10,81,107,15;MQ=13;FQ=-999;PV4=2.05097e-31,0.351611,1,1",GT:PL,"1:115,0",YAL063C(-)
chrI,27044,.,C,T,84.0054,.,"DP=242;VDB=0.0063553;SGB=-0.693147;RPB=8.86877e-19;MQB=3.98253e-05;MQSB=1.35897e-13;BQB=5.75968e-07;MQ0F=0.206612;AF1=1;AC1=1;DP4=2,105,106,20;MQ=13;FQ=-999;PV4=1.25977e-42,1,1,1",GT:PL,"1:114,0",YAL063C(-)
chrI,27099,.,T,"C,A",52.005,.,"DP=243;VDB=7.39768e-14;SGB=-0.693147;RPB=5.52618e-32;MQB=0.103619;MQSB=1.0607e-19;BQB=0.000149344;MQ0F=0.259259;AF1=1;AC1=1;DP4=23,109,49,51;MQ=11;FQ=-999;PV4=3.67963e-07,1.17788e-07,1,0.0013533",GT:PL,"1:82,0,81",YAL063C(-)
chrI,27105,.,A,G,94.0055,.,"DP=244;VDB=2.35453e-14;SGB=-0.693147;RPB=4.98838e-33;MQB=0.114456;MQSB=4.05799e-23;BQB=0.00896894;MQ0F=0.262295;AF1=1;AC1=1;DP4=7,100,65,58;MQ=13;FQ=-999;PV4=3.60889e-15,1.13625e-07,1,1",GT:PL,"1:124,0",YAL063C(-)
chrI,27126,.,T,C,225.007,.,"DP=241;VDB=9.88919e-10;SGB=-0.693147;RPB=2.96581e-20;MQB=0.000336419;MQSB=1.83411e-22;BQB=0.000305471;MQ0F=0.26556;AF1=1;AC1=1;DP4=5,33,85,95;MQ=22;FQ=-999;PV4=9.61529e-05,1,1,1",GT:PL,"1:255,0",YAL063C(-)
chrI,27129,.,C,G,225.007,.,"DP=236;VDB=4.46533e-05;SGB=-0.693147;RPB=1.47427e-11;MQB=0.00435607;MQSB=4.47089e-20;BQB=0.533303;MQ0F=0.262712;AF1=1;AC1=1;DP4=0,19,90,121;MQ=22;FQ=-999;PV4=8.48749e-05,0.0279765,1,1",GT:PL,"1:255,0",YAL063C(-)
chrI,41475,.,G,T,225.007,.,"DP=242;VDB=0.533778;SGB=-0.693147;MQSB=0.986682;MQ0F=0;AF1=1;AC1=1;DP4=0,0,80,153;MQ=42;FQ=-999",GT:PL,"1:255,0",YAL056W(+)
chrI,141030,.,T,A,225.007,.,"DP=193;VDB=0.423662;SGB=-0.693147;MQSB=9.49059e-11;MQ0F=0;AF1=1;AC1=1;DP4=0,0,174,17;MQ=24;FQ=-999",GT:PL,"1:255,0","YAL005C(-),YAL004W(+)"
chrI,141135,.,A,T,225.007,.,"DP=136;VDB=0.010169;SGB=-0.693147;RPB=1;MQB=1;MQSB=9.17617e-20;BQB=1;MQ0F=0;AF1=1;AC1=1;DP4=1,0,64,66;MQ=22;FQ=-999;PV4=0.496183,1,0.141533,0.167036",GT:PL,"1:255,0","YAL005C(-),YAL004W(+)"
chrI,183387,.,ACC,AC,165.468,.,"INDEL;IDV=65;IMF=0.955882;DP=68;VDB=6.09005e-06;SGB=-0.693147;MQSB=0.94073;MQ0F=0;AF1=1;AC1=1;DP4=2,6,32,28;MQ=24;FQ=-999;PV4=0.258537,1,1,1",GT:PL,"1:203,70,0",N/A
chrI,199811,.,T,G,225.007,.,"DP=24;VDB=0.0524164;SGB=-0.692352;MQSB=0.978919;MQ0F=0;AF1=1;AC1=1;DP4=0,0,16,5;MQ=41;FQ=-999",GT:PL,"1:255,0",N/A
chrI,204959,.,C,G,3.54149,.,"DP=206;VDB=0.968825;SGB=-0.693147;RPB=0.198586;MQB=0.612626;MQSB=0.395083;BQB=0.0188455;MQ0F=0.0339806;AF1=1;AC1=1;DP4=0,3,63,133;MQ=2;FQ=-999;PV4=0.552956,1,1,1",GT:PL,"1:31,0",YAR050W(+)
chrI,205499,.,C,G,45.0051,.,"DP=243;VDB=1.23061e-11;SGB=-0.693147;MQSB=0.0373634;MQ0F=0.0946502;AF1=1;AC1=1;DP4=0,0,238,4;MQ=8;FQ=-999",GT:PL,"1:75,0",YAR050W(+)
chrI,205519,.,C,A,40.0053,.,"DP=250;VDB=6.79378e-22;SGB=-0.693147;RPB=0.00454477;MQB=0.0196134;MQSB=0.169388;BQB=0.000287407;MQ0F=0.084;AF1=1;AC1=1;DP4=6,1,239,1;MQ=9;FQ=-999;PV4=0.0559889,1,1,1",GT:PL,"1:70,0",YAR050W(+)
chrI,206126,.,T,C,20.0478,.,"DP=21;VDB=0.0147055;SGB=-0.691153;MQSB=0.566419;MQ0F=0;AF1=1;AC1=1;DP4=0,0,10,8;MQ=8;FQ=-999",GT:PL,"1:50,0",YAR050W(+)
chrI,206129,.,A,C,8.64278,.,"DP=20;VDB=0.756484;SGB=-0.688148;RPB=1;MQB=1;MQSB=0.763211;BQB=1;MQ0F=0;AF1=1;AC1=1;DP4=1,0,7,8;MQ=8;FQ=-999;PV4=1,1,1,1",GT:PL,"1:38,0",YAR050W(+)
chrI,206132,.,G,T,16.1122,.,"DP=20;VDB=0.998925;SGB=-0.690438;MQSB=0.571103;MQ0F=0;AF1=1;AC1=1;DP4=0,0,8,9;MQ=8;FQ=-999",GT:PL,"1:46,0",YAR050W(+)
chrI,206144,.,C,T,24.0219,.,"DP=42;VDB=2.0549e-05;SGB=-0.693145;MQSB=0.0853337;MQ0F=0.047619;AF1=1;AC1=1;DP4=0,0,31,9;MQ=8;FQ=-999",GT:PL,"1:54,0",YAR050W(+)
chrI,206177,.,G,C,67.0052,.,"DP=185;VDB=3.92487e-18;SGB=-0.693147;MQSB=0.534868;MQ0F=0.0432432;AF1=1;AC1=1;DP4=0,0,127,58;MQ=9;FQ=-999",GT:PL,"1:97,0",YAR050W(+)
chrI,206178,.,C,A,59.0051,.,"DP=187;VDB=6.60049e-18;SGB=-0.693147;RPB=1;MQB=1;MQSB=0.590723;BQB=1;MQ0F=0.0481283;AF1=1;AC1=1;DP4=1,0,127,58;MQ=9;FQ=-999;PV4=1,1,1,1",GT:PL,"1:89,0",YAR050W(+)
chrI,206179,.,A,C,66.0052,.,"DP=213;VDB=7.03305e-18;SGB=-0.693147;RPB=1;MQB=1;MQSB=0.590723;BQB=1;MQ0F=0.0422535;AF1=1;AC1=1;DP4=1,0,127,58;MQ=9;FQ=-999;PV4=1,0.370969,1,1",GT:PL,"1:96,0",YAR050W(+)
chrI,210818,.,A,T,145.006,.,"DP=147;VDB=1.03339e-12;SGB=-0.693147;MQSB=0.0379232;MQ0F=0.00680272;AF1=1;AC1=1;DP4=0,0,8,138;MQ=14;FQ=-999",GT:PL,"1:175,0",N/A
chrI,211019,.,T,C,66.0052,.,"DP=47;VDB=0.389577;SGB=-0.693145;RPB=0.380342;MQB=0.171447;MQSB=0.000287615;BQB=0.936864;MQ0F=0;AF1=1;AC1=1;DP4=4,1,13,27;MQ=13;FQ=-999;PV4=0.0596091,0.482474,1,0.00174726",GT:PL,"1:96,0",N/A
chrII,6440,.,G,C,215.007,.,"DP=162;VDB=0.0963921;SGB=-0.693147;MQSB=0.83028;MQ0F=0.00617284;AF1=1;AC1=1;DP4=0,0,16,138;MQ=18;FQ=-999",GT:PL,"1:245,0",N/A
chrII,7510,.,G,A,93.0055,.,"DP=11;VDB=0.975882;SGB=-0.676189;MQSB=0.361741;MQ0F=0;AF1=1;AC1=1;DP4=0,0,4,7;MQ=21;FQ=-999",GT:PL,"1:123,0",N/A
chrII,7511,.,G,A,93.0055,.,"DP=12;VDB=0.977856;SGB=-0.676189;MQSB=0.361741;MQ0F=0;AF1=1;AC1=1;DP4=0,0,4,7;MQ=21;FQ=-999",GT:PL,"1:123,0",N/A
chrII,15101,.,T,G,225.007,.,"DP=70;VDB=0.980399;SGB=-0.693147;MQSB=0.927041;MQ0F=0;AF1=1;AC1=1;DP4=0,0,15,50;MQ=42;FQ=-999",GT:PL,"1:255,0",YBL105C(-)
chrII,15510,.,G,T,225.007,.,"DP=102;VDB=0.414916;SGB=-0.693147;MQSB=0.930055;MQ0F=0;AF1=1;AC1=1;DP4=0,0,53,48;MQ=42;FQ=-999",GT:PL,"1:255,0",YBL105C(-)
chrII,15518,.,A,G,225.007,.,"DP=124;VDB=0.863593;SGB=-0.693147;MQSB=0.997729;MQ0F=0;AF1=1;AC1=1;DP4=0,0,63,52;MQ=42;FQ=-999",GT:PL,"1:255,0",YBL105C(-)
chrII,16380,.,C,T,225.007,.,"DP=231;VDB=0.110554;SGB=-0.693147;MQSB=0.910527;MQ0F=0;AF1=1;AC1=1;DP4=0,0,82,134;MQ=42;FQ=-999",GT:PL,"1:255,0",YBL105C(-)
chrII,16392,.,A,G,225.007,.,"DP=228;VDB=0.0435943;SGB=-0.693147;MQSB=0.968894;MQ0F=0;AF1=1;AC1=1;DP4=0,0,93,115;MQ=42;FQ=-999",GT:PL,"1:255,0",YBL105C(-)
chrII,30012,.,C,T,10.418,.,"DP=133;VDB=4.06416e-07;SGB=-0.693147;MQSB=0.331012;MQ0F=0;AF1=1;AC1=1;DP4=0,0,124,9;MQ=8;FQ=-999",GT:PL,"1:40,0","YBL100W-A(+),YBL100W-B(+)"
chrII,30050,.,A,G,6.97679,.,"DP=113;VDB=6.30401e-07;SGB=-0.693147;RPB=0.00231494;MQB=9.34472e-05;MQSB=0.28449;BQB=0.873995;MQ0F=0;AF1=1;AC1=1;DP4=6,2,75,15;MQ=7;FQ=-999;PV4=0.624363,0.35817,1,0.176978",GT:PL,"1:36,0","YBL100W-A(+),YBL100W-B(+)"
chrII,30210,.,T,C,4.12714,.,"DP=82;VDB=0.0039953;SGB=-0.693147;MQSB=0.000204131;MQ0F=0;AF1=1;AC1=1;DP4=0,0,63,17;MQ=5;FQ=-999",GT:PL,"1:32,0","YBL100W-A(+),YBL100W-B(+)"
chrII,35485,.,C,T,156.006,.,"DP=15;VDB=0.157895;SGB=-0.688148;MQSB=0.0342181;MQ0F=0;AF1=1;AC1=1;DP4=0,0,12,3;MQ=35;FQ=-999",GT:PL,"1:186,0",N/A
chrII,59755,.,T,C,225.007,.,"DP=14;VDB=0.450347;SGB=-0.683931;MQSB=1;MQ0F=0;AF1=1;AC1=1;DP4=0,0,10,3;MQ=42;FQ=-999",GT:PL,"1:255,0",N/A
chrII,88484,.,GGAGAAGAGAAGA,GGAGAAGA,217.469,.,"INDEL;IDV=167;IMF=0.878947;DP=190;VDB=2.46349e-24;SGB=-0.693147;MQSB=0.65808;MQ0F=0;AF1=1;AC1=1;DP4=1,0,184,5;MQ=40;FQ=-999;PV4=1,1,0.27182,1",GT:PL,"1:255,255,0",N/A
chrII,88485,.,GAGAA,G,96.4672,.,"INDEL;IDV=1;IMF=0.00526316;DP=190;VDB=1.23158e-24;SGB=-0.693147;MQSB=0.65808;MQ0F=0;AF1=1;AC1=1;DP4=31,3,154,2;MQ=40;FQ=-999;PV4=0.0408112,1,1,1",GT:PL,"1:134,96,0",N/A
chrII,197686,.,T,C,125.006,.,"DP=17;VDB=0.77443;SGB=-0.683931;RPB=0.960728;MQB=1;MQSB=1;BQB=0.66348;MQ0F=0;AF1=0.5;AC1=1;DP4=2,2,5,8;MQ=42;FQ=-999;PV4=1,0.206607,1,1",GT:PL,"1:238,83",N/A
chrII,259764,.,C,T,131.006,.,"DP=9;VDB=0.237542;SGB=-0.662043;MQ0F=0;AF1=1;AC1=1;DP4=0,0,0,9;MQ=40;FQ=-999",GT:PL,"1:161,0",N/A
chrII,263168,.,CG,C,47.4666,.,"INDEL;IDV=24;IMF=1;DP=24;VDB=4.60943e-08;SGB=-0.692562;MQSB=0.975597;MQ0F=0;AF1=1;AC1=1;DP4=2,0,5,17;MQ=11;FQ=-999;PV4=0.076087,1,1,1.35987e-14",GT:PL,"1:85,48,0",YBR012W-B(+)
chrII,265382,.,G,T,121.006,.,"DP=10;VDB=0.167265;SGB=-0.670168;MQ0F=0;AF1=1;AC1=1;DP4=0,0,10,0;MQ=35;FQ=-999",GT:PL,"1:151,0",N/A
chrII,383176,.,CGG,CGGG,217.469,.,"INDEL;IDV=101;IMF=0.863248;DP=117;VDB=0.62124;SGB=-0.693147;MQSB=0.954276;MQ0F=0;AF1=1;AC1=1;DP4=1,3,98,15;MQ=42;FQ=-999;PV4=0.0113093,1,1,1",GT:PL,"1:255,0",YBR073W(+)
chrII,389421,.,GCTCTCT,GCTCT,217.469,.,"INDEL;IDV=28;IMF=1;DP=28;VDB=0.611263;SGB=-0.693021;MQSB=0.970205;MQ0F=0;AF1=1;AC1=1;DP4=0,1,19,8;MQ=39;FQ=-999;PV4=0.321429,1,1,1",GT:PL,"1:255,70,0",N/A
chrII,746361,.,TCATCTGC,T,138.468,.,"INDEL;IDV=1;IMF=0.00595238;DP=168;VDB=0.456968;SGB=-0.693147;MQSB=0.619285;MQ0F=0;AF1=0.5;AC1=1;DP4=32,8,121,7;MQ=39;FQ=-999;PV4=0.00935119,1,1,1",GT:PL,"1:255,0,79",YBR272C(-)
chrII,746362,.,CATCTGCAATCTGCAATCT,CATCTGCAATCT,154.468,.,"INDEL;IDV=105;IMF=0.625;DP=168;VDB=0.466591;SGB=-0.693147;MQSB=0.619285;MQ0F=0;AF1=0.5;AC1=1;DP4=25,6,128,9;MQ=39;FQ=-999;PV4=0.0356714,1,0.00025041,1",GT:PL,"1:249,0,57",YBR272C(-)
chrII,746372,.,CT,CTTAGTT,86.4671,.,"INDEL;IDV=18;IMF=0.119205;DP=151;VDB=0.730237;SGB=-0.693079;MQSB=0.942653;MQ0F=0;AF1=1;AC1=1;DP4=112,10,28,1;MQ=38;FQ=-999;PV4=0.691567,1,1,6.01443e-14",GT:PL,"1:124,70,0",YBR272C(-)
chrIII,304,.,ACACACC,ACACACCACACC,4.41606,.,"INDEL;IDV=22;IMF=0.271605;DP=81;VDB=0.35158;SGB=-0.683931;MQSB=0.336902;MQ0F=0.358025;AF1=1;AC1=1;DP4=57,11,13,0;MQ=13;FQ=-999;PV4=0.196832,1,1,0.00336185",GT:PL,"1:41,1",N/A
chrIII,84421,.,G,A,14.1739,.,"DP=24;VDB=0.262259;SGB=-0.590765;RPB=0.511891;MQB=0.00939909;MQSB=0.668089;BQB=0.785785;MQ0F=0;AF1=0.501994;AC1=1;DP4=6,8,4,1;MQ=20;FQ=-999;PV4=0.303406,0.108214,1,0.214678",GT:PL,"1:65,21",N/A
chrIII,84780,.,A,T,91.0055,.,"DP=5;VDB=0.0277561;SGB=-0.590765;MQ0F=0;AF1=1;AC1=1;DP4=0,0,0,5;MQ=42;FQ=-999",GT:PL,"1:121,0",N/A
chrIII,143131,.,T,C,225.007,.,"DP=39;VDB=0.00156341;SGB=-0.693139;MQSB=1;MQ0F=0;AF1=1;AC1=1;DP4=0,0,28,8;MQ=42;FQ=-999",GT:PL,"1:255,0",N/A
chrIII,148615,.,C,T,62.0051,.,"DP=7;VDB=0.0037798;SGB=-0.636426;MQ0F=0;AF1=1;AC1=1;DP4=0,0,0,7;MQ=33;FQ=-999",GT:PL,"1:92,0",YCR018C(-)
chrIII,151554,.,TA,TAA,4.41606,.,"INDEL;IDV=1;IMF=1;DP=1;SGB=-0.379885;MQ0F=0;AF1=1;AC1=1;DP4=0,0,1,0;MQ=42;FQ=-999",GT:PL,"1:40,3,0",N/A
chrIII,151628,.,A,T,68.0052,.,"DP=38;VDB=0.0511907;SGB=-0.616816;RPB=0.971283;MQB=0.00083264;BQB=1;MQ0F=0;AF1=1;AC1=1;DP4=26,0,6,0;MQ=18;FQ=-999;PV4=1,0.296036,1,0.340165",GT:PL,"1:98,0",YCR018C-A(-)
chrIII,151645,.,G,A,36.0059,.,"DP=37;VDB=0.391905;SGB=-0.590765;RPB=0.339626;MQB=0.00261034;BQB=0.177473;MQ0F=0;AF1=1;AC1=1;DP4=23,0,5,0;MQ=16;FQ=-999;PV4=1,0.0176181,1,1",GT:PL,"1:66,0",YCR018C-A(-)
chrIII,151646,.,T,C,52.005,.,"DP=37;VDB=0.391905;SGB=-0.590765;RPB=0.372991;MQB=0.00275908;BQB=0.372991;MQ0F=0;AF1=1;AC1=1;DP4=22,0,5,0;MQ=17;FQ=-999;PV4=1,0.0502259,1,1",GT:PL,"1:82,0",YCR018C-A(-)
chrIII,162361,.,T,C,225.007,.,"DP=33;VDB=0.00632475;SGB=-0.69311;MQSB=0.173774;MQ0F=0;AF1=1;AC1=1;DP4=0,0,3,28;MQ=41;FQ=-999",GT:PL,"1:255,0",N/A
chrIII,162396,.,G,C,225.007,.,"DP=22;VDB=0.690444;SGB=-0.69168;MQSB=0.732319;MQ0F=0;AF1=1;AC1=1;DP4=0,0,13,6;MQ=42;FQ=-999",GT:PL,"1:255,0",N/A
chrIII,162640,.,T,G,225.007,.,"DP=55;VDB=1.07237e-06;SGB=-0.693147;MQSB=0.971017;MQ0F=0;AF1=1;AC1=1;DP4=0,0,40,10;MQ=42;FQ=-999",GT:PL,"1:255,0",YCR024C-B(-)
chrIII,162694,.,G,A,225.007,.,"DP=49;VDB=0.00527627;SGB=-0.693147;MQSB=0.839418;MQ0F=0;AF1=1;AC1=1;DP4=0,0,29,17;MQ=41;FQ=-999",GT:PL,"1:255,0",YCR024C-B(-)
chrIII,163059,.,T,C,225.007,.,"DP=85;VDB=0.153674;SGB=-0.693147;MQSB=0.961221;MQ0F=0;AF1=1;AC1=1;DP4=0,0,15,64;MQ=42;FQ=-999",GT:PL,"1:255,0",YCR024C-A(-)
chrIII,163192,.,ATTT,ATTTT,7.34966,.,"INDEL;IDV=93;IMF=0.94898;DP=98;VDB=0.0299084;SGB=-0.693147;MQSB=0.336455;MQ0F=0;AF1=0.5;AC1=1;DP4=3,21,4,70;MQ=42;FQ=-999;PV4=0.357252,1,1,1",GT:PL,"1:164,0,120",N/A
chrIII,199081,.,G,A,124.006,.,"DP=251;VDB=0.677182;SGB=-0.693147;RPB=0.945496;MQB=1.77359e-07;MQSB=1.24409e-05;BQB=0.969776;MQ0F=0.00796813;AF1=1;AC1=1;DP4=43,34,69,102;MQ=17;FQ=-999;PV4=0.0275047,1,1,1",GT:PL,"1:154,0",YCR038C(-)
chrIV,130,.,CACA,C,97.4672,.,"INDEL;IDV=44;IMF=0.578947;DP=76;VDB=0.0019792;SGB=-0.693147;MQSB=1;MQ0F=0.157895;AF1=0.520679;AC1=1;DP4=29,1,46,0;MQ=21;FQ=-999;PV4=0.394737,1,1,0.384919",GT:PL,"1:146,0,11",N/A
chrIV,403511,.,GTTTTTTTTT,GTTTTTTTTTT,3.80489,.,"INDEL;IDV=18;IMF=0.818182;DP=22;VDB=0.155754;SGB=-0.689466;MQSB=0.934321;MQ0F=0;AF1=1;AC1=1;DP4=4,2,12,4;MQ=42;FQ=-999;PV4=1,1,1,1",GT:PL,"1:39,0",N/A
chrIV,736999,.,T,A,225.007,.,"DP=163;VDB=0.0068879;SGB=-0.693147;MQSB=0.977498;MQ0F=0;AF1=1;AC1=1;DP4=0,0,45,99;MQ=42;FQ=-999",GT:PL,"1:255,0",YDR141C(-)
chrIV,757631,.,G,"C,T",142.006,.,"DP=222;VDB=0.21832;SGB=-0.693147;RPB=0.240782;MQB=0.0154784;MQSB=0.182958;BQB=0.00358928;MQ0F=0.00900901;AF1=1;AC1=1;DP4=0,6,164,50;MQ=14;FQ=-999;PV4=0.000220861,1,1,1",GT:PL,"1:172,0,147",YDR150W(+)
chrIV,758310,.,T,C,88.0055,.,"DP=234;VDB=0.00153284;SGB=-0.693147;MQSB=0.00140973;MQ0F=0.0042735;AF1=1;AC1=1;DP4=0,0,70,154;MQ=10;FQ=-999",GT:PL,"1:118,0",YDR150W(+)
chrIV,769328,.,G,A,225.007,.,"DP=123;VDB=0.000174396;SGB=-0.693147;MQSB=1;MQ0F=0;AF1=1;AC1=1;DP4=0,0,50,70;MQ=42;FQ=-999",GT:PL,"1:255,0",N/A
chrIV,783598,.,G,A,225.007,.,"DP=241;VDB=0.00127117;SGB=-0.693147;MQSB=0.997473;MQ0F=0;AF1=1;AC1=1;DP4=0,0,103,133;MQ=42;FQ=-999",GT:PL,"1:255,0",YDR164C(-)
chrIV,817531,.,TAAAAAAAAAA,"TAAAAAAAAAAA,TAAAAAAAAAAAA,TAAAAAAAAAAAAA",33.4683,.,"INDEL;IDV=74;IMF=0.755102;DP=98;VDB=5.12907e-05;SGB=-0.693147;MQSB=0.946335;MQ0F=0;AF1=1;AC1=1;DP4=0,24,9,65;MQ=42;FQ=-999;PV4=0.107485,1,1,1",GT:PL,"1:71,58,0,112,166,68,122,185,64,64",N/A
chrIV,864219,.,A,G,225.007,.,"DP=201;VDB=0.000529576;SGB=-0.693147;MQSB=0.998193;MQ0F=0;AF1=1;AC1=1;DP4=0,0,134,59;MQ=42;FQ=-999",GT:PL,"1:255,0",YDR206W(+)
chrIV,880697,.,A,G,40.0053,.,"DP=230;VDB=0.0799335;SGB=-0.693147;RPB=0.0333783;MQB=4.72111e-33;MQSB=1.78896e-33;BQB=0.934288;MQ0F=0;AF1=1;AC1=1;DP4=4,86,131,7;MQ=12;FQ=-999;PV4=0,0.431544,1,1",GT:PL,"1:70,0",YDR210C-D(-)
chrIV,987244,.,G,A,32.0075,.,"DP=29;VDB=0.175312;SGB=-0.616816;RPB=0.81401;MQB=0.00361424;MQSB=0.444994;BQB=1;MQ0F=0;AF1=0.50005;AC1=1;DP4=18,3,2,4;MQ=23;FQ=-999;PV4=0.023908,0.255152,1,1",GT:PL,"1:99,37",N/A
chrIV,1150910,.,AGG,AGGG,217.469,.,"INDEL;IDV=40;IMF=0.97561;DP=41;VDB=0.398491;SGB=-0.693145;MQSB=1;MQ0F=0;AF1=1;AC1=1;DP4=0,1,7,33;MQ=42;FQ=-999;PV4=1,1,1,1",GT:PL,"1:255,107,0",YDR340W(+)
chrIV,1185130,.,C,A,225.007,.,"DP=233;VDB=0.222531;SGB=-0.693147;MQSB=0.983913;MQ0F=0;AF1=1;AC1=1;DP4=0,0,146,64;MQ=42;FQ=-999",GT:PL,"1:255,0",YDR354W(+)
chrIV,1253397,.,T,C,225.007,.,"DP=210;VDB=0.000102259;SGB=-0.693147;MQSB=0.985438;MQ0F=0;AF1=1;AC1=1;DP4=0,0,135,67;MQ=42;FQ=-999",GT:PL,"1:255,0",YDR389W(+)
chrIV,1305680,.,TGG,TG,111.467,.,"INDEL;IDV=11;IMF=1;DP=11;VDB=0.0843876;SGB=-0.662043;MQSB=0.594025;MQ0F=0;AF1=1;AC1=1;DP4=0,2,8,1;MQ=34;FQ=-999;PV4=0.0545455,1,1,0.213458",GT:PL,"1:149,16,0",N/A
chrIV,1402305,.,C,T,225.007,.,"DP=60;VDB=0.575478;SGB=-0.693147;MQSB=0.550827;MQ0F=0;AF1=1;AC1=1;DP4=0,0,43,15;MQ=39;FQ=-999",GT:PL,"1:255,0",YDR471W(+)
chrIV,1433710,.,A,T,225.007,.,"DP=237;VDB=0.0208075;SGB=-0.693147;MQSB=0.998607;MQ0F=0;AF1=1;AC1=1;DP4=0,0,131,84;MQ=42;FQ=-999",GT:PL,"1:255,0",YDR490C(-)
chrIV,1524974,.,A,G,225.007,.,"DP=197;VDB=0.980771;SGB=-0.693147;MQSB=0.998991;MQ0F=0.0101523;AF1=1;AC1=1;DP4=0,0,95,80;MQ=22;FQ=-999",GT:PL,"1:255,0",N/A
chrIV,1525313,.,T,G,212.007,.,"DP=178;VDB=3.35843e-12;SGB=-0.693147;MQSB=0.0718537;MQ0F=0.0168539;AF1=1;AC1=1;DP4=0,0,4,173;MQ=20;FQ=-999",GT:PL,"1:242,0",YDR544C(-)
chrIV,1525335,.,C,G,135.006,.,"DP=148;VDB=1.54226e-27;SGB=-0.693147;MQ0F=0.0135135;AF1=1;AC1=1;DP4=0,0,0,146;MQ=19;FQ=-999",GT:PL,"1:165,0",YDR544C(-)
chrIV,1525340,.,C,A,115.006,.,"DP=139;VDB=2.03993e-28;SGB=-0.693147;MQ0F=0.0143885;AF1=1;AC1=1;DP4=0,0,0,139;MQ=19;FQ=-999",GT:PL,"1:145,0",YDR544C(-)
chrIV,1525345,.,C,G,106.006,.,"DP=98;VDB=7.60529e-22;SGB=-0.693147;MQ0F=0.0204082;AF1=1;AC1=1;DP4=0,0,0,93;MQ=19;FQ=-999",GT:PL,"1:136,0",YDR544C(-)
chrIV,1525351,.,C,G,70.0052,.,"DP=89;VDB=2.69997e-31;SGB=-0.693147;MQ0F=0.0224719;AF1=1;AC1=1;DP4=0,0,0,59;MQ=18;FQ=-999",GT:PL,"1:100,0",YDR544C(-)
chrIV,1525357,.,C,G,75.0053,.,"DP=57;VDB=5.94329e-23;SGB=-0.693146;MQ0F=0.0350877;AF1=1;AC1=1;DP4=0,0,0,42;MQ=21;FQ=-999",GT:PL,"1:105,0",YDR544C(-)
chrIV,1525363,.,C,G,26.0156,.,"DP=42;VDB=1.23368e-13;SGB=-0.693079;MQ0F=0.0238095;AF1=1;AC1=1;DP4=0,0,0,29;MQ=23;FQ=-999",GT:PL,"1:56,0",YDR544C(-)
chrV,31696,.,ATG,A,23.4858,.,"INDEL;IDV=1;IMF=0.5;DP=2;VDB=0.06;SGB=-0.453602;MQ0F=0;AF1=1;AC1=1;DP4=0,0,0,2;MQ=40;FQ=-999",GT:PL,"1:61,6,0",YEL063C(-)
chrV,48384,.,T,C,225.007,.,"DP=47;VDB=0.907585;SGB=-0.693146;MQSB=1;MQ0F=0;AF1=1;AC1=1;DP4=0,0,21,22;MQ=42;FQ=-999",GT:PL,"1:255,0",N/A
chrV,117045,.,A,AAGCT,126.468,.,"INDEL;IDV=29;IMF=0.90625;DP=32;VDB=5.31404e-18;SGB=-0.692831;MQ0F=0;AF1=1;AC1=1;DP4=8,0,24,0;MQ=28;FQ=-999;PV4=1,1,1,6.75204e-06",GT:PL,"1:164,26,0",N/A
chrV,154531,.,T,A,225.007,.,"DP=170;VDB=1.34189e-05;SGB=-0.693147;RPB=0.939369;MQB=1;MQSB=1;BQB=0.0153387;MQ0F=0;AF1=1;AC1=1;DP4=0,3,44,118;MQ=42;FQ=-999;PV4=0.565465,1,1,0.201944",GT:PL,"1:255,0",YER001W(+)
chrV,272558,.,GTTTTTTTTTTTT,"GTTTTTTTTTTT,GTTTTTTTTTT",8.18204,.,"INDEL;IDV=137;IMF=0.938356;DP=146;VDB=5.47352e-11;SGB=-0.693147;MQSB=0.995888;MQ0F=0;AF1=1;AC1=1;DP4=11,4,93,38;MQ=42;FQ=-999;PV4=1,1,1,1",GT:PL,"1:45,0,44",N/A
chrV,352394,.,A,G,225.007,.,"DP=158;VDB=0.0218114;SGB=-0.693147;MQSB=1;MQ0F=0;AF1=1;AC1=1;DP4=0,0,60,74;MQ=42;FQ=-999",GT:PL,"1:255,0",YER096W(+)
chrV,517529,.,T,C,225.007,.,"DP=74;VDB=0.0184023;SGB=-0.693147;MQSB=0.951607;MQ0F=0;AF1=1;AC1=1;DP4=0,0,50,21;MQ=42;FQ=-999",GT:PL,"1:255,0",N/A
chrVI,3,.,TCT,"TCTGATCT,TCAAGCTGATCT",60.4667,.,"INDEL;IDV=20;IMF=0.714286;DP=28;VDB=5.75929e-15;SGB=-0.692067;MQ0F=0;AF1=1;AC1=1;DP4=8,0,20,0;MQ=17;FQ=-999;PV4=1,1,1,1",GT:PL,"1:115,24,17,97,0,88",N/A
chrVI,1732,.,T,C,22.0319,.,"DP=247;VDB=0.748654;SGB=-0.693147;RPB=2.44372e-05;MQB=1.41193e-28;MQSB=3.51272e-21;BQB=0.739853;MQ0F=0;AF1=0.5;AC1=1;DP4=106,53,0,86;MQ=28;FQ=-999;PV4=2.12106e-29,0.27015,1,1",GT:PL,"1:113,61",YFL066C(-)
chrVI,97864,.,CTTTTTTTTTT,"CTTTTTTTTTTTT,CTTTTTTTTTTTTT",59.4667,.,"INDEL;IDV=105;IMF=0.826772;DP=127;VDB=1.32997e-05;SGB=-0.693147;MQSB=0.510816;MQ0F=0;AF1=1;AC1=1;DP4=11,2,110,4;MQ=41;FQ=-999;PV4=0.114909,1,1,1",GT:PL,"1:97,0,0",N/A
chrVI,270152,.,TGGTGTG,TGGTGTGGGTGTG,5.79377,.,"INDEL;IDV=1;IMF=0.2;DP=5;VDB=0.00744022;SGB=-0.511536;MQ0F=0;AF1=0.500063;AC1=1;DP4=0,2,0,3;MQ=39;FQ=-999;PV4=1,1,1,0.366879",GT:PL,"1:78,0,36",N/A
chrVII,9,.,ACAC,"ACACCAC,ACACCCACACCAC,ACCAC",101.467,.,"INDEL;IDV=61;IMF=0.72619;DP=84;VDB=5.66676e-35;SGB=-0.693147;MQ0F=0.0238095;AF1=0.500025;AC1=1;DP4=18,0,66,0;MQ=34;FQ=-999;PV4=1,1,1,3.16559e-09",GT:PL,"1:253,74,114,191,51,232,132,0,116,175",N/A
chrVII,214,.,ACC,ACCC,217.469,.,"INDEL;IDV=196;IMF=0.911628;DP=215;VDB=0.546689;SGB=-0.693147;MQSB=1.88879e-18;MQ0F=0.00465116;AF1=1;AC1=1;DP4=1,1,124,89;MQ=25;FQ=-999;PV4=1,1,0.499328,1",GT:PL,"1:255,255,0",N/A
chrVII,8151,.,GA,GAA,12.7055,.,"INDEL;IDV=57;IMF=0.678571;DP=84;VDB=1;SGB=-0.693147;MQSB=0.77225;MQ0F=0;AF1=1;AC1=1;DP4=0,2,46,36;MQ=8;FQ=-999;PV4=0.201664,1,1,1",GT:PL,"1:50,217,0",N/A
chrVII,386978,.,C,G,225.007,.,"DP=249;VDB=1.1493e-07;SGB=-0.693147;MQSB=1.31328e-12;MQ0F=0.00401606;AF1=1;AC1=1;DP4=0,0,91,120;MQ=27;FQ=-999",GT:PL,"1:255,0",YGL062W(+)
chrVII,386979,.,G,C,225.007,.,"DP=244;VDB=1.87812e-07;SGB=-0.693147;MQSB=1.31328e-12;MQ0F=0.00409836;AF1=1;AC1=1;DP4=0,0,91,120;MQ=27;FQ=-999",GT:PL,"1:255,0",YGL062W(+)
chrVII,401674,.,C,A,225.007,.,"DP=27;VDB=0.746974;SGB=-0.693021;MQSB=0.542132;MQ0F=0;AF1=1;AC1=1;DP4=0,0,7,20;MQ=40;FQ=-999",GT:PL,"1:255,0",N/A
chrVII,401698,.,T,A,225.007,.,"DP=35;VDB=0.97776;SGB=-0.693136;MQSB=0.145741;MQ0F=0;AF1=1;AC1=1;DP4=0,0,9,26;MQ=40;FQ=-999",GT:PL,"1:255,0",N/A
chrVII,404935,.,C,G,71.0052,.,"DP=10;VDB=0.0171663;SGB=-0.670168;MQSB=0.641538;MQ0F=0;AF1=1;AC1=1;DP4=0,0,7,3;MQ=23;FQ=-999",GT:PL,"1:101,0",N/A
chrVII,404936,.,G,C,71.0052,.,"DP=10;VDB=0.0183009;SGB=-0.670168;MQSB=0.641538;MQ0F=0;AF1=1;AC1=1;DP4=0,0,7,3;MQ=23;FQ=-999",GT:PL,"1:101,0",N/A
chrVII,405085,.,CGG,CG,143.468,.,"INDEL;IDV=34;IMF=0.971429;DP=35;VDB=2.34296e-05;SGB=-0.693127;MQSB=0.00929049;MQ0F=0;AF1=1;AC1=1;DP4=0,2,31,2;MQ=34;FQ=-999;PV4=0.010084,1,1,1",GT:PL,"1:181,78,0",N/A
chrVII,923607,.,T,C,225.007,.,"DP=25;VDB=0.0926219;SGB=-0.692352;MQSB=1;MQ0F=0;AF1=1;AC1=1;DP4=0,0,7,14;MQ=42;FQ=-999",GT:PL,"1:255,0",YGR216C(-)
chrVII,1006277,.,G,C,225.007,.,"DP=145;VDB=1.90032e-05;SGB=-0.693147;RPB=0.235686;MQB=0.767371;MQSB=0.820971;BQB=0.00572207;MQ0F=0;AF1=1;AC1=1;DP4=3,1,107,25;MQ=42;FQ=-999;PV4=0.576554,1,1,1",GT:PL,"1:255,0",YGR257C(-)
chrVII,1006278,.,C,G,225.007,.,"DP=145;VDB=2.91198e-05;SGB=-0.693147;RPB=0.235686;MQB=0.767371;MQSB=0.820971;BQB=0.00608745;MQ0F=0;AF1=1;AC1=1;DP4=3,1,107,25;MQ=42;FQ=-999;PV4=0.576554,1,1,1",GT:PL,"1:255,0",YGR257C(-)
chrVII,1006279,.,G,C,225.007,.,"DP=147;VDB=2.5745e-05;SGB=-0.693147;RPB=0.012681;MQB=0.991017;MQSB=0.945686;BQB=0.0203264;MQ0F=0;AF1=1;AC1=1;DP4=3,0,107,25;MQ=42;FQ=-999;PV4=1,1,0.410047,1",GT:PL,"1:255,0",YGR257C(-)
chrVIII,1569,.,G,A,225.007,.,"DP=249;VDB=4.24436e-15;SGB=-0.693147;MQ0F=0.064257;AF1=1;AC1=1;DP4=0,0,245,0;MQ=32;FQ=-999",GT:PL,"1:255,0",YHL050C(-)
chrVIII,1672,.,A,G,64.0052,.,"DP=249;VDB=6.1343e-10;SGB=-0.693147;RPB=0.876354;MQB=2.55469e-13;MQSB=2.49247e-16;BQB=0.000150829;MQ0F=0.0321285;AF1=0.520679;AC1=1;DP4=45,33,170,0;MQ=28;FQ=-999;PV4=8.45638e-20,1.18959e-06,1,0.355418",GT:PL,"1:105,11",YHL050C(-)
chrVIII,1846,.,A,G,62.0051,.,"DP=249;VDB=0.288619;SGB=-0.693147;RPB=0.650424;MQB=0.548729;MQSB=0.000438956;BQB=0.677966;MQ0F=0.00803213;AF1=1;AC1=1;DP4=1,1,33,203;MQ=8;FQ=-999;PV4=0.265823,1,0.0756211,1",GT:PL,"1:92,0",YHL050C(-)
chrVIII,1997,.,T,C,211.007,.,"DP=248;VDB=0.998064;SGB=-0.693147;RPB=0.824885;MQB=6.78231e-11;MQSB=3.63246e-07;BQB=0.971638;MQ0F=0.016129;AF1=1;AC1=1;DP4=11,14,0,204;MQ=32;FQ=-999;PV4=2.50026e-12,0.481424,1,1",GT:PL,"1:241,0",N/A
chrVIII,2068,.,A,T,82.0054,.,"DP=249;VDB=0.999933;SGB=-0.693147;RPB=0.565083;MQB=0.358998;MQSB=0.0925188;BQB=0.877976;MQ0F=0.0803213;AF1=1;AC1=1;DP4=3,27,0,202;MQ=25;FQ=-999;PV4=0.00197628,0.152097,1,1",GT:PL,"1:112,0",N/A
chrVIII,4856,.,G,A,17.0903,.,"DP=3;VDB=0.807564;SGB=-0.511536;MQ0F=0;AF1=1;AC1=1;DP4=0,0,3,0;MQ=20;FQ=-999",GT:PL,"1:47,0",N/A
chrVIII,4858,.,T,G,17.0903,.,"DP=3;VDB=0.800701;SGB=-0.511536;MQ0F=0;AF1=1;AC1=1;DP4=0,0,3,0;MQ=20;FQ=-999",GT:PL,"1:47,0",N/A
chrVIII,5489,.,G,A,10.418,.,"DP=2;VDB=0.02;SGB=-0.453602;MQ0F=0;AF1=1;AC1=1;DP4=0,0,2,0;MQ=29;FQ=-999",GT:PL,"1:40,0",N/A
chrVIII,5556,.,C,T,44.0051,.,"DP=16;VDB=0.482258;SGB=-0.662043;RPB=0.222222;MQB=0;MQSB=0.964642;BQB=0.333333;MQ0F=0;AF1=1;AC1=1;DP4=2,0,5,4;MQ=18;FQ=-999;PV4=0.490909,0.0773476,1,1",GT:PL,"1:74,0",N/A
chrVIII,5635,.,T,C,135.006,.,"DP=30;VDB=0.00264731;SGB=-0.693054;RPB=1;MQB=0.303571;MQSB=1;BQB=0.785714;MQ0F=0;AF1=1;AC1=1;DP4=1,1,28,0;MQ=34;FQ=-999;PV4=0.0666667,0.289617,1,1",GT:PL,"1:165,0",N/A
chrVIII,5700,.,A,G,100.006,.,"DP=16;VDB=0.119497;SGB=-0.688148;RPB=1;MQB=1;BQB=1;MQ0F=0;AF1=1;AC1=1;DP4=1,0,15,0;MQ=27;FQ=-999;PV4=1,0.403109,1,1",GT:PL,"1:130,0",YHL048C-A(-)
chrVIII,5706,.,C,G,110.006,.,"DP=15;VDB=0.123351;SGB=-0.688148;MQ0F=0;AF1=1;AC1=1;DP4=0,0,15,0;MQ=27;FQ=-999",GT:PL,"1:140,0",YHL048C-A(-)
chrVIII,5709,.,C,G,115.006,.,"DP=15;VDB=0.135432;SGB=-0.688148;MQ0F=0;AF1=1;AC1=1;DP4=0,0,15,0;MQ=27;FQ=-999",GT:PL,"1:145,0",YHL048C-A(-)
chrVIII,5717,.,T,C,64.0052,.,"DP=10;VDB=0.0893344;SGB=-0.662043;MQ0F=0;AF1=1;AC1=1;DP4=0,0,9,0;MQ=21;FQ=-999",GT:PL,"1:94,0",YHL048C-A(-)
chrVIII,5724,.,C,T,68.0052,.,"DP=13;VDB=0.967334;SGB=-0.676189;MQ0F=0;AF1=1;AC1=1;DP4=0,0,11,0;MQ=21;FQ=-999",GT:PL,"1:98,0",YHL048C-A(-)
chrVIII,5759,.,G,A,69.0052,.,"DP=28;VDB=8.06166e-09;SGB=-0.692914;RPB=1;MQB=1;BQB=1;MQ0F=0;AF1=1;AC1=1;DP4=1,0,25,0;MQ=22;FQ=-999;PV4=1,1,0.360527,1",GT:PL,"1:99,0",YHL048C-A(-)
chrVIII,5775,.,G,C,80.0054,.,"DP=27;VDB=7.84144e-09;SGB=-0.693021;MQ0F=0;AF1=1;AC1=1;DP4=0,0,27,0;MQ=22;FQ=-999",GT:PL,"1:110,0",YHL048C-A(-)
chrVIII,5777,.,G,A,80.0054,.,"DP=27;VDB=1.06084e-08;SGB=-0.693021;MQ0F=0;AF1=1;AC1=1;DP4=0,0,27,0;MQ=22;FQ=-999",GT:PL,"1:110,0",YHL048C-A(-)
chrVIII,5788,.,T,G,77.0053,.,"DP=34;VDB=0.0454183;SGB=-0.693127;MQ0F=0.0588235;AF1=1;AC1=1;DP4=0,0,33,0;MQ=21;FQ=-999",GT:PL,"1:107,0",YHL048C-A(-)
chrVIII,5806,.,C,T,74.0053,.,"DP=32;VDB=0.739663;SGB=-0.69312;MQ0F=0.0625;AF1=1;AC1=1;DP4=0,0,32,0;MQ=20;FQ=-999",GT:PL,"1:104,0",N/A
chrVIII,5830,.,C,T,48.005,.,"DP=10;VDB=0.000903879;SGB=-0.670168;MQ0F=0.2;AF1=1;AC1=1;DP4=0,0,10,0;MQ=17;FQ=-999",GT:PL,"1:78,0",N/A
chrVIII,5837,.,A,C,40.0053,.,"DP=10;VDB=0.00084764;SGB=-0.662043;MQ0F=0.2;AF1=1;AC1=1;DP4=0,0,9,0;MQ=16;FQ=-999",GT:PL,"1:70,0",N/A
chrVIII,5838,.,A,G,40.0053,.,"DP=10;VDB=0.00087636;SGB=-0.662043;MQ0F=0.2;AF1=1;AC1=1;DP4=0,0,9,0;MQ=16;FQ=-999",GT:PL,"1:70,0",N/A
chrVIII,5854,.,A,G,3.54149,.,"DP=9;VDB=0.0190094;SGB=-0.556411;RPB=1;MQB=1;BQB=1;MQ0F=0.111111;AF1=1;AC1=1;DP4=1,0,4,0;MQ=12;FQ=-999;PV4=1,1,1,1",GT:PL,"1:31,0",N/A
chrVIII,5942,.,G,A,4.12714,.,"DP=1;SGB=-0.379885;MQ0F=0;AF1=1;AC1=1;DP4=0,0,0,1;MQ=40;FQ=-999",GT:PL,"1:32,0",N/A
chrVIII,6105,.,A,C,33.0069,.,"DP=20;VDB=0.191862;SGB=-0.683931;RPB=0.683926;MQB=0.893124;MQSB=0;BQB=1;MQ0F=0;AF1=0.5;AC1=1;DP4=2,5,0,13;MQ=30;FQ=-999;PV4=0.110526,1,1,0.483082",GT:PL,"1:129,66",N/A
chrVIII,6125,.,C,T,115.006,.,"DP=17;VDB=0.115729;SGB=-0.688148;MQ0F=0;AF1=1;AC1=1;DP4=0,0,0,15;MQ=27;FQ=-999",GT:PL,"1:145,0",N/A
chrVIII,6252,.,T,G,87.0054,.,"DP=28;VDB=1.28582e-05;SGB=-0.692562;RPB=0.796201;MQB=0.031522;MQSB=0.994723;BQB=0.545151;MQ0F=0.107143;AF1=1;AC1=1;DP4=1,3,13,9;MQ=13;FQ=-999;PV4=0.306087,0.00798298,1,0.215904",GT:PL,"1:117,0",N/A
chrVIII,6396,.,CGA,C,13.6574,.,"INDEL;IDV=51;IMF=0.796875;DP=64;VDB=2.25922e-06;SGB=-0.693146;MQSB=3.88798e-06;MQ0F=0.015625;AF1=1;AC1=1;DP4=11,11,42,0;MQ=12;FQ=-999;PV4=9.48677e-07,1,1,1.28397e-06",GT:PL,"1:51,23,0",N/A
chrVIII,17534,.,ATTTTTTTTTTT,ATTTTTTTTTTTT,7.34966,.,"INDEL;IDV=35;IMF=0.813953;DP=43;VDB=0.00145904;SGB=-0.693127;MQSB=1;MQ0F=0;AF1=1;AC1=1;DP4=7,3,21,12;MQ=42;FQ=-999;PV4=1,1,1,1",GT:PL,"1:44,0",YHL041W(+)
chrVIII,85508,.,TTATATATAT,TTATATAT,71.4669,.,"INDEL;IDV=12;IMF=0.48;DP=25;VDB=0.953199;SGB=-0.689466;MQSB=0.909669;MQ0F=0;AF1=0.5;AC1=1;DP4=2,7,11,5;MQ=40;FQ=-999;PV4=0.0414053,1,1,1",GT:PL,"1:255,0,146",N/A
chrVIII,216123,.,C,T,93.0055,.,"DP=118;VDB=0.980312;SGB=-0.693127;RPB=0.135551;MQB=1.04015e-10;MQSB=2.9768e-06;BQB=0.885804;MQ0F=0;AF1=1;AC1=1;DP4=20,57,28,5;MQ=20;FQ=-999;PV4=1.08801e-08,0.119666,1,1",GT:PL,"1:123,0",YHR056C(-)
chrVIII,417054,.,G,A,225.007,.,"DP=142;VDB=1.38692e-12;SGB=-0.693147;MQSB=1;MQ0F=0;AF1=1;AC1=1;DP4=0,0,34,101;MQ=42;FQ=-999",GT:PL,"1:255,0",YHR158C(-)
chrVIII,499958,.,C,T,225.007,.,"DP=244;VDB=1.10867e-05;SGB=-0.693147;MQSB=0.978712;MQ0F=0;AF1=1;AC1=1;DP4=0,0,211,31;MQ=42;FQ=-999",GT:PL,"1:255,0",YHR201C(-)
chrVIII,511255,.,C,T,225.007,.,"DP=238;VDB=0.000108711;SGB=-0.693147;MQSB=0.998478;MQ0F=0;AF1=1;AC1=1;DP4=0,0,40,179;MQ=42;FQ=-999",GT:PL,"1:255,0",YHR205W(+)
chrVIII,524447,.,C,G,225.007,.,"DP=56;VDB=0.0850551;SGB=-0.693147;MQSB=1;MQ0F=0;AF1=1;AC1=1;DP4=0,0,29,22;MQ=42;FQ=-999",GT:PL,"1:255,0",N/A
chrIX,23185,.,CG,CGG,5.79377,.,"INDEL;IDV=90;IMF=0.9375;DP=96;VDB=0.0765646;SGB=-0.693147;MQSB=1;MQ0F=0.0104167;AF1=1;AC1=1;DP4=5,0,90,1;MQ=9;FQ=-999;PV4=1,1,1,1",GT:PL,"1:42,211,0",YIL169C(-)
chrIX,23214,.,T,G,16.1122,.,"DP=82;VDB=0.985498;SGB=-0.693147;MQSB=1;MQ0F=0;AF1=1;AC1=1;DP4=0,0,69,1;MQ=10;FQ=-999",GT:PL,"1:46,0",YIL169C(-)
chrIX,105433,.,AAATAATAAT,AAATAATAATAAT,217.469,.,"INDEL;IDV=11;IMF=0.733333;DP=15;VDB=0.264949;SGB=-0.686358;MQSB=0.939413;MQ0F=0;AF1=1;AC1=1;DP4=1,0,8,6;MQ=42;FQ=-999;PV4=1,1,1,1",GT:PL,"1:255,33,0",YIL130W(+)
chrIX,318694,.,T,A,225.007,.,"DP=157;VDB=0.0153214;SGB=-0.693147;RPB=1;MQB=1;MQSB=1;BQB=1;MQ0F=0;AF1=1;AC1=1;DP4=0,1,31,114;MQ=42;FQ=-999;PV4=1,1,1,1",GT:PL,"1:255,0",YIL017C(-)
chrIX,439883,.,GTGTG,GTGTGGGTGTTGTG,13.6574,.,"INDEL;IDV=1;IMF=0.0172414;DP=58;VDB=1.54143e-43;SGB=-0.693132;MQSB=0.946429;MQ0F=0.0517241;AF1=0.5;AC1=1;DP4=1,23,1,33;MQ=31;FQ=-999;PV4=1,1,0.112858,1",GT:PL,"1:182,0,131",N/A
chrX,97478,.,G,A,225.007,.,"DP=203;VDB=1.38727e-08;SGB=-0.693147;MQSB=0.997179;MQ0F=0;AF1=1;AC1=1;DP4=0,0,113,87;MQ=42;FQ=-999",GT:PL,"1:255,0",N/A
chrX,100335,.,C,T,225.007,.,"DP=243;VDB=6.41251e-09;SGB=-0.693147;MQSB=0.881081;MQ0F=0;AF1=1;AC1=1;DP4=0,0,125,92;MQ=42;FQ=-999",GT:PL,"1:255,0",YJL171C(-)
chrX,199170,.,A,C,26.0156,.,"DP=69;VDB=0.850762;SGB=-0.693147;RPB=1;MQB=1;MQSB=0.819437;BQB=1;MQ0F=0;AF1=1;AC1=1;DP4=1,0,10,58;MQ=6;FQ=-999;PV4=0.15942,0.366756,0.454233,0.10781",GT:PL,"1:56,0",YJL113W(+)
chrX,200219,.,A,G,34.0065,.,"DP=27;VDB=0.637228;SGB=-0.692976;MQSB=0.262932;MQ0F=0;AF1=1;AC1=1;DP4=0,0,4,22;MQ=9;FQ=-999",GT:PL,"1:64,0",YJL113W(+)
chrX,278977,.,CAGAGAG,CAGAG,217.469,.,"INDEL;IDV=163;IMF=0.88587;DP=184;VDB=0.0500159;SGB=-0.693147;MQSB=0.866241;MQ0F=0;AF1=1;AC1=1;DP4=9,12,113,50;MQ=42;FQ=-999;PV4=0.0253023,1,1,1",GT:PL,"1:255,200,0",YJL083W(+)
chrXI,457,.,C,CA,217.469,.,"INDEL;IDV=176;IMF=0.916667;DP=192;VDB=0.999949;SGB=-0.693147;MQSB=1.98942e-05;MQ0F=0;AF1=1;AC1=1;DP4=0,7,98,87;MQ=26;FQ=-999;PV4=0.00599091,1,0.0273819,1",GT:PL,"1:255,255,0",YKL225W(+)
chrXI,451568,.,GGAACACGAACACGAACA,GGAACACGAACA,217.469,.,"INDEL;IDV=173;IMF=0.720833;DP=240;VDB=0.231284;SGB=-0.693147;MQSB=0.000234012;MQ0F=0;AF1=1;AC1=1;DP4=14,20,55,151;MQ=40;FQ=-999;PV4=0.101865,1,0.000241048,1",GT:PL,"1:255,65,0",YKR007W(+)
chrXI,666554,.,AGG,AG,217.469,.,"INDEL;IDV=3;IMF=0.0130435;DP=230;VDB=0.400204;SGB=-0.693147;MQSB=0.00335177;MQ0F=0.0130435;AF1=1;AC1=1;DP4=7,11,16,196;MQ=39;FQ=-999;PV4=0.00061405,1,1,1",GT:PL,"1:255,255,0",N/A
chrXI,666556,.,GT,G,217.469,.,"INDEL;IDV=208;IMF=0.920354;DP=226;VDB=0.205172;SGB=-0.693147;MQSB=0.00424606;MQ0F=0.0132743;AF1=1;AC1=1;DP4=3,12,16,195;MQ=39;FQ=-999;PV4=0.119844,1,1,1",GT:PL,"1:255,255,0",N/A
chrXI,666557,.,TG,T,217.469,.,"INDEL;IDV=8;IMF=0.0350877;DP=228;VDB=0.259199;SGB=-0.693147;MQSB=0.00230514;MQ0F=0.0131579;AF1=1;AC1=1;DP4=2,15,16,195;MQ=39;FQ=-999;PV4=0.630711,1,1,1",GT:PL,"1:255,255,0",N/A
chrXII,13,.,CCAC,CACACACCACAC,17.5433,.,"INDEL;IDV=9;IMF=0.45;DP=20;VDB=2.86933e-07;SGB=-0.670168;MQSB=1;MQ0F=0.1;AF1=1;AC1=1;DP4=9,1,10,0;MQ=30;FQ=-999;PV4=1,1,0.000949147,1",GT:PL,"1:55,6,0",N/A
chrXII,591,.,TGG,TGTACAGCGG,44.4667,.,"INDEL;IDV=168;IMF=0.685714;DP=245;VDB=9.91523e-06;SGB=-0.693147;MQ0F=0;AF1=0.5;AC1=1;DP4=98,0,147,0;MQ=29;FQ=-999;PV4=1,1,1,1",GT:PL,"1:191,0,109",YLL067C(-)
chrXII,31878,.,G,T,6.97679,.,"DP=1;SGB=-0.379885;MQ0F=0;AF1=1;AC1=1;DP4=0,0,1,0;MQ=42;FQ=-999",GT:PL,"1:36,0",N/A
chrXII,31924,.,G,T,6.97679,.,"DP=1;SGB=-0.379885;MQ0F=0;AF1=1;AC1=1;DP4=0,0,1,0;MQ=42;FQ=-999",GT:PL,"1:36,0",N/A
chrXII,187137,.,ATTT,ATT,178.468,.,"INDEL;IDV=145;IMF=0.843023;DP=172;VDB=0.629385;SGB=-0.693147;MQSB=0.993923;MQ0F=0;AF1=1;AC1=1;DP4=7,15,94,56;MQ=42;FQ=-999;PV4=0.00960421,1,0.351464,1",GT:PL,"1:216,106,0",N/A
chrXII,220717,.,G,A,60.0051,.,"DP=3;VDB=0.364077;SGB=-0.511536;MQ0F=0;AF1=1;AC1=1;DP4=0,0,3,0;MQ=42;FQ=-999",GT:PL,"1:90,0",N/A
chrXII,291384,.,A,G,225.007,.,"DP=236;VDB=6.23382e-06;SGB=-0.693147;MQSB=0.991825;MQ0F=0;AF1=1;AC1=1;DP4=0,0,57,163;MQ=42;FQ=-999",GT:PL,"1:255,0",YLR081W(+)
chrXII,291386,.,A,G,225.007,.,"DP=239;VDB=7.49108e-05;SGB=-0.693147;MQSB=0.991892;MQ0F=0;AF1=1;AC1=1;DP4=0,0,58,167;MQ=42;FQ=-999",GT:PL,"1:255,0",YLR081W(+)
chrXII,468701,.,T,C,16.1122,.,"DP=249;VDB=0.575767;SGB=-0.688148;RPB=0.845909;MQB=1.17477e-05;MQSB=0.392293;BQB=0.419525;MQ0F=0.00401606;AF1=1;AC1=1;DP4=105,126,12,3;MQ=9;FQ=-999;PV4=0.014079,0.00119932,1,1",GT:PL,"1:46,0",N/A
chrXII,474417,.,ACC,ACCC,108.467,.,"INDEL;IDV=7;IMF=0.7;DP=10;VDB=0.0293045;SGB=-0.636426;MQSB=0.125;MQ0F=0;AF1=1;AC1=1;DP4=1,2,7,0;MQ=35;FQ=-999;PV4=0.0666667,1,1,1",GT:PL,"1:146,9,0",N/A
chrXII,475970,.,TTTG,TTTGAGACATTG,44.4667,.,"INDEL;IDV=5;IMF=1;DP=5;VDB=0.00248765;SGB=-0.590765;MQ0F=0;AF1=1;AC1=1;DP4=0,0,0,5;MQ=24;FQ=-999",GT:PL,"1:82,15,0",YLR157W-D(+)
chrXII,528749,.,T,A,225.007,.,"DP=245;VDB=0.293813;SGB=-0.693147;MQSB=0.991928;MQ0F=0;AF1=1;AC1=1;DP4=0,0,139,105;MQ=42;FQ=-999",GT:PL,"1:255,0",YLR188W(+)
chrXII,725936,.,G,A,225.007,.,"DP=123;VDB=0.168982;SGB=-0.693147;MQSB=0.999423;MQ0F=0;AF1=1;AC1=1;DP4=0,0,111,5;MQ=42;FQ=-999",GT:PL,"1:255,0",N/A
chrXII,732281,.,CA,CAGGATCCTCAGA,79.467,.,"INDEL;IDV=4;IMF=0.4;DP=10;VDB=0.00024733;SGB=-0.670168;MQ0F=0;AF1=1;AC1=1;DP4=0,0,0,10;MQ=24;FQ=-999",GT:PL,"1:117,30,0",YLR302C(-)
chrXII,734684,.,G,GCAGGAT,11.7654,.,"INDEL;IDV=1;IMF=0.5;DP=2;VDB=0.14;SGB=-0.453602;MQ0F=0;AF1=1;AC1=1;DP4=0,0,2,0;MQ=34;FQ=-999",GT:PL,"1:49,6,0",N/A
chrXII,734703,.,T,A,161.006,.,"DP=16;VDB=2.89239e-05;SGB=-0.686358;MQ0F=0;AF1=1;AC1=1;DP4=0,0,14,0;MQ=41;FQ=-999",GT:PL,"1:191,0",N/A
chrXII,784382,.,GCC,GCCC,217.469,.,"INDEL;IDV=159;IMF=0.924419;DP=172;VDB=0.298192;SGB=-0.693147;MQSB=0.971599;MQ0F=0;AF1=1;AC1=1;DP4=6,3,105,58;MQ=41;FQ=-999;PV4=1,1,1,1",GT:PL,"1:255,255,0",N/A
chrXII,818465,.,A,ATTT,19.515,.,"INDEL;IDV=1;IMF=0.125;DP=8;VDB=0.00112642;SGB=-0.511536;MQ0F=0;AF1=1;AC1=1;DP4=5,0,3,0;MQ=24;FQ=-999;PV4=1,1,1,0.015618",GT:PL,"1:57,2,0",N/A
chrXII,828903,.,C,T,225.007,.,"DP=231;VDB=0.000687623;SGB=-0.693147;MQSB=0.997166;MQ0F=0;AF1=1;AC1=1;DP4=0,0,200,21;MQ=42;FQ=-999",GT:PL,"1:255,0",YLR350W(+)
chrXII,1012325,.,G,GGCTC,48.4666,.,"INDEL;IDV=2;IMF=0.0123457;DP=162;VDB=0.978825;SGB=-0.69168;MQSB=0.00218397;MQ0F=0;AF1=1;AC1=1;DP4=68,75,18,1;MQ=38;FQ=-999;PV4=5.0551e-05,1,1,7.88576e-12",GT:PL,"1:86,211,0",N/A
chrXII,1012328,.,AGCCG,AGCCGCCG,5.0803,.,"INDEL;IDV=103;IMF=0.677632;DP=152;VDB=0.754528;SGB=-0.693147;MQSB=0.343467;MQ0F=0;AF1=0.5;AC1=1;DP4=27,63,43,19;MQ=37;FQ=-999;PV4=2.62777e-06,1,1,1",GT:PL,"1:245,204",N/A
chrXII,1039435,.,T,A,225.007,.,"DP=153;VDB=0.000246288;SGB=-0.693147;MQSB=1;MQ0F=0;AF1=1;AC1=1;DP4=0,0,111,35;MQ=42;FQ=-999",GT:PL,"1:255,0",YLR452C(-)
chrXIII,34473,.,T,G,225.007,.,"DP=224;VDB=0.0395977;SGB=-0.693147;MQSB=0.986387;MQ0F=0;AF1=1;AC1=1;DP4=0,0,133,71;MQ=42;FQ=-999",GT:PL,"1:255,0",YML117W(+)
chrXIII,325905,.,T,A,225.007,.,"DP=207;VDB=7.47733e-12;SGB=-0.693147;MQSB=0.999233;MQ0F=0;AF1=1;AC1=1;DP4=0,0,183,19;MQ=42;FQ=-999",GT:PL,"1:255,0",YMR027W(+)
chrXIII,448333,.,G,A,225.007,.,"DP=210;VDB=1.71031e-07;SGB=-0.693147;RPB=1;MQB=1;MQSB=0.999985;BQB=1;MQ0F=0;AF1=1;AC1=1;DP4=1,0,143,56;MQ=42;FQ=-999;PV4=1,1,0.449714,1",GT:PL,"1:255,0",N/A
chrXIII,448334,.,A,G,225.007,.,"DP=208;VDB=1.47507e-07;SGB=-0.693147;MQSB=0.999996;MQ0F=0;AF1=1;AC1=1;DP4=0,0,143,56;MQ=42;FQ=-999",GT:PL,"1:255,0",N/A
chrXIII,630505,.,A,G,225.007,.,"DP=33;VDB=0.300664;SGB=-0.693127;MQSB=0.788437;MQ0F=0;AF1=1;AC1=1;DP4=0,0,29,4;MQ=42;FQ=-999",GT:PL,"1:255,0",YMR185W(+)
chrXIII,672129,.,T,C,225.007,.,"DP=171;VDB=0.453992;SGB=-0.693147;MQSB=0.998161;MQ0F=0;AF1=1;AC1=1;DP4=0,0,135,27;MQ=42;FQ=-999",GT:PL,"1:255,0",YMR205C(-)
chrXIII,680936,.,T,C,225.007,.,"DP=77;VDB=0.0549099;SGB=-0.693147;MQSB=0.49491;MQ0F=0;AF1=1;AC1=1;DP4=0,0,13,61;MQ=42;FQ=-999",GT:PL,"1:255,0",YMR207C(-)
chrXIII,680940,.,C,T,225.007,.,"DP=76;VDB=0.0639281;SGB=-0.693147;MQSB=0.49491;MQ0F=0;AF1=1;AC1=1;DP4=0,0,13,61;MQ=42;FQ=-999",GT:PL,"1:255,0",YMR207C(-)
chrXIII,708291,.,T,C,225.007,.,"DP=238;VDB=0.000160732;SGB=-0.693147;MQSB=1;MQ0F=0;AF1=1;AC1=1;DP4=0,0,30,201;MQ=42;FQ=-999",GT:PL,"1:255,0",YMR219W(+)
chrXIII,809198,.,A,G,225.007,.,"DP=131;VDB=0.00447349;SGB=-0.693147;MQSB=1;MQ0F=0;AF1=1;AC1=1;DP4=0,0,49,66;MQ=42;FQ=-999",GT:PL,"1:255,0",N/A
chrXIII,908177,.,A,G,73.0053,.,"DP=249;VDB=1.25647e-05;SGB=-0.693147;RPB=0.000721875;MQB=0.0458657;MQSB=2.65422e-16;BQB=2.78707e-05;MQ0F=0.13253;AF1=1;AC1=1;DP4=19,32,98,64;MQ=20;FQ=-999;PV4=0.00575555,1,0.00461186,0.2278",GT:PL,"1:103,0",YMR317W(+)
chrXIII,924341,.,G,T,203.007,.,"DP=73;VDB=1.64015e-09;SGB=-0.693147;RPB=0.245456;MQB=0.00571993;MQSB=0.821429;BQB=0.245456;MQ0F=0.0136986;AF1=1;AC1=1;DP4=0,5,2,51;MQ=34;FQ=-999;PV4=1,1,1,1",GT:PL,"1:233,0",N/A
chrXIV,6650,.,A,C,67.0052,.,"DP=53;VDB=0.0845928;SGB=-0.689466;RPB=0.0082273;MQB=0.0494879;MQSB=0.997477;BQB=0.554682;MQ0F=0.132075;AF1=0.520679;AC1=1;DP4=11,17,8,8;MQ=17;FQ=-999;PV4=0.540143,1,1,1",GT:PL,"1:108,11",YNL338W(+)
chrXIV,6652,.,C,A,28.0116,.,"DP=46;VDB=0.0547946;SGB=-0.690438;RPB=0.0639774;MQB=0.257292;MQSB=0.997994;BQB=0.991999;MQ0F=0.173913;AF1=0.500629;AC1=1;DP4=8,11,9,8;MQ=19;FQ=-999;PV4=0.738795,0.33912,1,1",GT:PL,"1:84,26",YNL338W(+)
chrXIV,7478,.,A,AT,217.469,.,"INDEL;IDV=69;IMF=0.841463;DP=82;VDB=0.000179703;SGB=-0.693147;MQSB=0.481633;MQ0F=0;AF1=1;AC1=1;DP4=0,0,22,60;MQ=18;FQ=-999",GT:PL,"1:255,247,0",N/A
chrXIV,14333,.,GC,GCC,18.5276,.,"INDEL;IDV=48;IMF=0.941176;DP=51;VDB=2.16523e-19;SGB=-0.693147;MQSB=0.479592;MQ0F=0;AF1=1;AC1=1;DP4=1,1,1,48;MQ=10;FQ=-999;PV4=0.0776471,1,1,1",GT:PL,"1:56,122,0",N/A
chrXIV,312328,.,AACGACGACG,AACGACG,217.469,.,"INDEL;IDV=124;IMF=0.837838;DP=148;VDB=0.177898;SGB=-0.693147;MQSB=0.690935;MQ0F=0;AF1=1;AC1=1;DP4=6,8,113,21;MQ=42;FQ=-999;PV4=0.00114808,1,1,1",GT:PL,"1:255,92,0",YNL172W(+)
chrXIV,377887,.,G,T,225.007,.,"DP=213;VDB=0.993341;SGB=-0.693147;MQSB=0.9923;MQ0F=0;AF1=1;AC1=1;DP4=0,0,98,101;MQ=42;FQ=-999",GT:PL,"1:255,0",YNL132W(+)
chrXIV,439397,.,GTTTTTT,GTTTTTTT,156.468,.,"INDEL;IDV=87;IMF=0.935484;DP=93;VDB=5.25287e-07;SGB=-0.693147;MQSB=0.978948;MQ0F=0;AF1=1;AC1=1;DP4=0,3,12,78;MQ=42;FQ=-999;PV4=1,1,1,1",GT:PL,"1:194,225,0",N/A
chrXIV,471767,.,A,G,225.007,.,"DP=158;VDB=1.49031e-08;SGB=-0.693147;MQSB=0.996558;MQ0F=0;AF1=1;AC1=1;DP4=0,0,108,36;MQ=42;FQ=-999",GT:PL,"1:255,0",YNL083W(+)
chrXIV,520142,.,A,C,14.1739,.,"DP=90;VDB=0.00894914;SGB=-0.693147;RPB=0.990438;MQB=0.285104;MQSB=0.399018;BQB=0.862186;MQ0F=0;AF1=1;AC1=1;DP4=3,1,5,80;MQ=6;FQ=-999;PV4=0.00188645,1,6.65677e-06,0.389461",GT:PL,"1:44,0","YNL054W-A(+),YNL054W-B(+)"
chrXV,90,.,CCCAC,CC,217.469,.,"INDEL;IDV=210;IMF=0.886076;DP=237;VDB=0.00553884;SGB=-0.693147;MQSB=0.178723;MQ0F=0.0548523;AF1=1;AC1=1;DP4=42,2,193,0;MQ=38;FQ=-999;PV4=0.0338268,1,1,1",GT:PL,"1:255,224,0",N/A
chrXV,93,.,AC,ACC,58.4667,.,"INDEL;IDV=12;IMF=0.0489796;DP=245;VDB=0.00149027;SGB=-0.692914;MQ0F=0.0530612;AF1=1;AC1=1;DP4=220,0,25,0;MQ=39;FQ=-999;PV4=1,1,1,5.1713e-24",GT:PL,"1:96,255,0",N/A
chrXV,50002,.,C,T,225.007,.,"DP=135;VDB=0.740755;SGB=-0.693147;MQSB=0.94073;MQ0F=0;AF1=1;AC1=1;DP4=0,0,88,40;MQ=42;FQ=-999",GT:PL,"1:255,0",YOL145C(-)
chrXV,50010,.,A,T,225.007,.,"DP=129;VDB=0.96682;SGB=-0.693147;RPB=1;MQB=1;MQSB=0.939252;BQB=1;MQ0F=0;AF1=1;AC1=1;DP4=1,0,76,37;MQ=42;FQ=-999;PV4=1,1,0.435135,1",GT:PL,"1:255,0",YOL145C(-)
chrXV,50012,.,C,T,225.007,.,"DP=116;VDB=0.986614;SGB=-0.693147;MQSB=0.93757;MQ0F=0;AF1=1;AC1=1;DP4=0,0,75,36;MQ=42;FQ=-999",GT:PL,"1:255,0",YOL145C(-)
chrXV,60240,.,C,T,225.007,.,"DP=31;VDB=0.493934;SGB=-0.692717;MQSB=0.322077;MQ0F=0;AF1=1;AC1=1;DP4=0,0,6,17;MQ=38;FQ=-999",GT:PL,"1:255,0",N/A
chrXV,79297,.,C,G,225.007,.,"DP=188;VDB=0.807675;SGB=-0.693147;MQSB=0.556774;MQ0F=0;AF1=1;AC1=1;DP4=0,0,56,126;MQ=42;FQ=-999",GT:PL,"1:255,0",YOL128C(-)
chrXV,79304,.,A,T,225.007,.,"DP=198;VDB=0.605754;SGB=-0.693147;MQSB=0.520683;MQ0F=0;AF1=1;AC1=1;DP4=0,0,55,113;MQ=42;FQ=-999",GT:PL,"1:255,0",YOL128C(-)
chrXV,79305,.,T,A,225.007,.,"DP=195;VDB=0.596377;SGB=-0.693147;MQSB=0.520683;MQ0F=0;AF1=1;AC1=1;DP4=0,0,55,113;MQ=42;FQ=-999",GT:PL,"1:255,0",YOL128C(-)
chrXV,580195,.,G,A,225.007,.,"DP=32;VDB=0.0937835;SGB=-0.693079;MQSB=0.994247;MQ0F=0;AF1=1;AC1=1;DP4=0,0,26,3;MQ=42;FQ=-999",GT:PL,"1:255,0",YOR135C(-)
chrXV,722438,.,G,GGT,72.4669,.,"INDEL;IDV=9;IMF=0.818182;DP=11;VDB=6.62992e-07;SGB=-0.616816;MQSB=0.742931;MQ0F=0.0909091;AF1=1;AC1=1;DP4=3,2,2,4;MQ=30;FQ=-999;PV4=0.5671,1,1,0.00181097",GT:PL,"1:110,4,0",YOR202W(+)
chrXV,773264,.,G,C,225.007,.,"DP=142;VDB=0.00455234;SGB=-0.693147;MQSB=0.99167;MQ0F=0;AF1=1;AC1=1;DP4=0,0,23,117;MQ=42;FQ=-999",GT:PL,"1:255,0","YOR231W(+),YOR231C-A(-)"
chrXV,951241,.,C,T,225.007,.,"DP=119;VDB=0.0345579;SGB=-0.693147;MQSB=1;MQ0F=0;AF1=1;AC1=1;DP4=0,0,28,79;MQ=42;FQ=-999",GT:PL,"1:255,0",YOR336W(+)
chrXVI,191944,.,C,T,225.007,.,"DP=212;VDB=1;SGB=-0.693147;MQSB=0.992333;MQ0F=0;AF1=1;AC1=1;DP4=0,0,116,72;MQ=42;FQ=-999",GT:PL,"1:255,0",YPL188W(+)
chrXVI,441575,.,C,CG,82.467,.,"INDEL;IDV=5;IMF=0.833333;DP=6;VDB=0.19611;SGB=-0.616816;MQSB=0.5;MQ0F=0;AF1=1;AC1=1;DP4=0,0,4,2;MQ=41;FQ=-999",GT:PL,"1:120,18,0",YPL060C-A(-)
chrXVI,667520,.,T,G,225.007,.,"DP=156;VDB=0.829368;SGB=-0.693147;MQSB=0.991488;MQ0F=0;AF1=1;AC1=1;DP4=0,0,42,101;MQ=42;FQ=-999",GT:PL,"1:255,0",N/A
chrXVI,677102,.,A,G,225.007,.,"DP=167;VDB=0.994217;SGB=-0.693147;MQSB=0.964434;MQ0F=0;AF1=1;AC1=1;DP4=0,0,50,84;MQ=42;FQ=-999",GT:PL,"1:255,0",N/A
chrXVI,759400,.,T,G,225.007,.,"DP=241;VDB=0.118823;SGB=-0.693147;RPB=1;MQB=1;MQSB=0.963858;BQB=1;MQ0F=0;AF1=1;AC1=1;DP4=1,0,95,139;MQ=42;FQ=-999;PV4=0.408511,1,0.463209,1",GT:PL,"1:255,0",YPR116W(+)
chrXVI,890346,.,T,A,225.007,.,"DP=182;VDB=0.999998;SGB=-0.693147;MQSB=0.998303;MQ0F=0;AF1=1;AC1=1;DP4=0,0,123,46;MQ=42;FQ=-999",GT:PL,"1:255,0",YPR175W(+)
chrmt,13802,.,T,A,173.007,.,"DP=31;VDB=2.59891e-07;SGB=-0.693021;MQ0F=0;AF1=1;AC1=1;DP4=0,0,27,0;MQ=42;FQ=-999",GT:PL,"1:203,0",N/A
chrmt,20345,.,GAAA,GAA,154.468,.,"INDEL;IDV=119;IMF=0.843972;DP=141;VDB=0.00210004;SGB=-0.693147;MQSB=0.194;MQ0F=0;AF1=0.555409;AC1=1;DP4=11,19,51,60;MQ=40;FQ=-999;PV4=0.411805,1,1,1",GT:PL,"1:199,0,7",N/A
chrmt,20934,.,T,G,225.007,.,"DP=238;VDB=0.552307;SGB=-0.693147;RPB=1;MQB=1;MQSB=0.995375;BQB=1;MQ0F=0;AF1=1;AC1=1;DP4=0,1,107,91;MQ=42;FQ=-999;PV4=0.462312,1,0.466186,0.138761",GT:PL,"1:255,0","Q0065(+),Q0070(+),Q0045(+)"
chrmt,27587,.,A,T,6.97679,.,"DP=1;SGB=-0.379885;MQ0F=0;AF1=1;AC1=1;DP4=0,0,1,0;MQ=42;FQ=-999",GT:PL,"1:36,0",N/A
chrmt,33618,.,T,TTC,217.469,.,"INDEL;IDV=40;IMF=0.784314;DP=51;VDB=0.01631;SGB=-0.693146;MQSB=0.198374;MQ0F=0;AF1=1;AC1=1;DP4=2,7,10,32;MQ=41;FQ=-999;PV4=1,1,1,1",GT:PL,"1:255,5,0",N/A
chrmt,33743,.,T,A,201.007,.,"DP=23;VDB=0.800429;SGB=-0.692067;MQSB=0.777778;MQ0F=0;AF1=1;AC1=1;DP4=0,0,18,2;MQ=41;FQ=-999",GT:PL,"1:231,0",N/A
chrmt,39517,.,G,T,225.007,.,"DP=62;VDB=0.956634;SGB=-0.693147;MQSB=0.996824;MQ0F=0;AF1=1;AC1=1;DP4=0,0,41,4;MQ=42;FQ=-999",GT:PL,"1:255,0",Q0115(+)
chrmt,43084,.,ATTTTTTTT,ATTTTTTTTT,74.4669,.,"INDEL;IDV=63;IMF=0.926471;DP=68;VDB=0.082591;SGB=-0.693147;MQSB=0.967416;MQ0F=0;AF1=1;AC1=1;DP4=3,4,9,52;MQ=42;FQ=-999;PV4=0.0988169,1,1,1",GT:PL,"1:112,112,0",N/A
chrmt,44795,.,ATTTTTTTT,ATTTTTTTTT,8.18204,.,"INDEL;IDV=13;IMF=0.8125;DP=16;VDB=0.878741;SGB=-0.686358;MQSB=1;MQ0F=0;AF1=1;AC1=1;DP4=2,0,13,1;MQ=37;FQ=-999;PV4=1,1,0.17056,1",GT:PL,"1:45,22,0",N/A
chrmt,78874,.,C,G,12.27,.,"DP=2;SGB=-0.379885;MQ0F=0;AF1=1;AC1=1;DP4=0,0,1,0;MQ=42;FQ=-999",GT:PL,"1:42,0",N/A
chrmt,82507,.,T,A,194.007,.,"DP=22;VDB=0.00537281;SGB=-0.688148;MQSB=1;MQ0F=0;AF1=1;AC1=1;DP4=0,0,14,1;MQ=36;FQ=-999",GT:PL,"1:224,0",N/A
