chr,pos,org,mut,copies,orfs,null_effects
chrI,1,CCACAC,CCACACACACAC,1,,NA
chrI,1,CCACACC,CCACACCCACACC,7,,NA
chrI,1,CCACACCACACCCACAC,"CCACACCCACACCACACCCACAC,CCACACCACACCCACACCACACCCACAC",1,,NA
chrI,1,CCACAC,"CCACACACCACACCCACAC,CCACCCACACACAC",1,,NA
chrI,1,CCACACC,"CCACACCCACACC,CCACACACCACACCCACACC",1,,NA
chrI,2,CACACC,CACACCCACACC,1,,NA
chrI,2,CACAC,"CACACACCCACAC,CACACACACAC,CACACACAC",1,,NA
chrI,2,CACACCACACCCACAC,CACACCACACCCACACCACACCCACAC,2,,NA
chrI,3,ACAC,ACACAC,4,,NA
chrI,3,ACAC,"ACACAC,ACCACAC",1,,NA
chrI,3,ACAC,"ACACACCCACAC,ACACAC",2,,NA
chrI,3,ACAC,ACACACCCACAC,7,,NA
chrI,3,ACAC,"ACACACCCACAC,ACACAC,ACACACAC",1,,NA
chrI,3,ACACC,ACACCCTCACC,1,,NA
chrI,5,ACC,ACACACC,5,,NA
chrI,5,AC,ACACAC,8,,NA
chrI,5,ACCACACCCACAC,"AACACCCACACCACACCCACAC,ACCACACCCACACCACACCCACAC",1,,NA
chrI,5,ACCACACCCACAC,"ACACACCACACCCACAC,AACACCCACACCACACCCACAC",1,,NA
chrI,5,ACC,"ACACACC,AACACCCACACC",2,,NA
chrI,5,AC,AACACCCACAC,2,,NA
chrI,5,AC,"ACACAC,AACACCCAAAC",1,,NA
chrI,5,AC,"ACACAC,AACACCCACAC",2,,NA
chrI,5,ACCACACCCACAC,ACACACCACACCCACAC,2,,NA
chrI,16945,A,T,1,,NA
chrI,17050,G,A,1,,NA
chrI,17153,T,C,1,,NA
chrI,17178,T,G,1,,NA
chrI,17188,T,C,1,,NA
chrI,17413,G,C,1,,NA
chrI,17471,T,C,1,,NA
chrI,17485,A,G,1,,NA
chrI,17516,A,G,1,,NA
chrI,17519,A,G,1,,NA
chrI,19971,CTTT,"CCTTTT,CTTTT",12,,NA
chrI,19971,CTTT,CCTTTT,6,,NA
chrI,19971,C,CCT,13,,NA
chrI,25340,C,A,32,FLO9,NA
chrI,25488,G,A,31,FLO9,NA
chrI,25497,G,A,32,FLO9,NA
chrI,25506,C,T,25,FLO9,NA
chrI,25509,G,A,31,FLO9,NA
chrI,25512,T,G,24,FLO9,NA
chrI,25515,A,G,24,FLO9,NA
chrI,25536,G,A,31,FLO9,NA
chrI,25542,A,G,30,FLO9,NA
chrI,25542,A,"G,T",1,FLO9,NA
chrI,25560,G,A,31,FLO9,NA
chrI,25584,A,G,31,FLO9,NA
chrI,25872,G,C,6,FLO9,NA
chrI,26412,G,C,18,FLO9,NA
chrI,26778,C,T,27,FLO9,NA
chrI,26793,A,G,27,FLO9,NA
chrI,26835,G,A,15,FLO9,NA
chrI,26838,A,G,12,FLO9,NA
chrI,26839,A,G,12,FLO9,NA
chrI,26846,T,C,1,FLO9,NA
chrI,26901,T,A,1,FLO9,NA
chrI,26934,G,A,1,FLO9,NA
chrI,26937,G,A,6,FLO9,NA
chrI,26940,A,G,14,FLO9,NA
chrI,26970,G,A,30,FLO9,NA
chrI,26973,A,G,30,FLO9,NA
chrI,26974,A,G,30,FLO9,NA
chrI,26981,T,C,29,FLO9,NA
chrI,26981,T,"C,G",1,FLO9,NA
chrI,26982,G,A,30,FLO9,NA
chrI,26983,T,G,29,FLO9,NA
chrI,26983,T,"G,C",1,FLO9,NA
chrI,27027,A,T,32,FLO9,NA
chrI,27031,C,T,1,FLO9,NA
chrI,27035,T,C,32,FLO9,NA
chrI,27036,G,A,32,FLO9,NA
chrI,27044,C,T,32,FLO9,NA
chrI,27060,A,"C,T",6,FLO9,NA
chrI,27060,A,"T,C",1,FLO9,NA
chrI,27081,G,"T,A",5,FLO9,NA
chrI,27081,G,"A,T",1,FLO9,NA
chrI,27090,T,C,10,FLO9,NA
chrI,27099,T,"C,A",2,FLO9,NA
chrI,27099,T,C,27,FLO9,NA
chrI,27105,A,G,22,FLO9,NA
chrI,27105,A,"G,T",9,FLO9,NA
chrI,27126,T,C,32,FLO9,NA
chrI,27129,C,G,32,FLO9,NA
chrI,41475,G,T,32,GPB2,-0.23904999999999998
chrI,55755,G,T,1,SPC72,NA
chrI,65639,C,A,1,,NA
chrI,101281,C,A,2,,NA
chrI,126880,CTTTTTTTTTTTTTTT,"CTTTTTTTTTTTTTTTTT,CTTTTTTTTTTTTTTTTTT",1,,NA
chrI,141030,T,A,32,SSA1,-0.28628333333333333
chrI,141135,A,T,32,SSA1,-0.28628333333333333
chrI,142760,A,C,1,,NA
chrI,152079,T,C,1,,NA
chrI,183387,ACC,AC,32,,NA
chrI,199811,T,G,32,,NA
chrI,204677,T,A,2,FLO1,-0.17507000000000003
chrI,204959,C,G,11,FLO1,-0.17507000000000003
chrI,205499,C,G,30,FLO1,-0.17507000000000003
chrI,205519,C,A,31,FLO1,-0.17507000000000003
chrI,206126,T,C,28,FLO1,-0.17507000000000003
chrI,206126,T,"C,G",1,FLO1,-0.17507000000000003
chrI,206126,T,"C,A",1,FLO1,-0.17507000000000003
chrI,206129,A,C,29,FLO1,-0.17507000000000003
chrI,206132,G,T,28,FLO1,-0.17507000000000003
chrI,206144,C,T,24,FLO1,-0.17507000000000003
chrI,206177,G,C,31,FLO1,-0.17507000000000003
chrI,206177,G,"C,T",1,FLO1,-0.17507000000000003
chrI,206178,C,A,32,FLO1,-0.17507000000000003
chrI,206179,A,C,32,FLO1,-0.17507000000000003
chrI,210818,A,T,32,,NA
chrI,211019,T,C,31,,NA
chrI,211019,T,"C,A",1,,NA
chrII,6440,G,C,29,,NA
chrII,6440,G,"C,T",1,,NA
chrII,6440,G,"C,A",2,,NA
chrII,7510,G,"A,T",5,,NA
chrII,7510,G,A,13,,NA
chrII,7510,G,"T,A",2,,NA
chrII,7510,G,T,1,,NA
chrII,7511,G,A,22,,NA
chrII,7912,GAAA,GAA,9,,NA
chrII,15101,T,G,32,PKC1,NA
chrII,15510,G,T,31,PKC1,NA
chrII,15510,G,"T,A",1,PKC1,NA
chrII,15518,A,G,32,PKC1,NA
chrII,16380,C,T,32,PKC1,NA
chrII,16392,A,G,32,PKC1,NA
chrII,30012,C,T,26,"YBL100W-A, YBL100W-B",NA
chrII,30050,A,G,17,"YBL100W-A, YBL100W-B",NA
chrII,30210,T,C,10,"YBL100W-A, YBL100W-B",NA
chrII,30848,C,G,7,"YBL100W-A, YBL100W-B",NA
chrII,34298,G,A,6,,NA
chrII,35485,C,T,29,,NA
chrII,36008,G,T,1,,NA
chrII,36202,T,TCCAACA,1,,NA
chrII,59755,T,C,31,,NA
chrII,62087,G,C,1,YBL086C,-0.1616233333333333
chrII,66894,G,T,1,,NA
chrII,88481,TGAGGAGA,TGA,2,,NA
chrII,88484,GGAGAAGAGAAGA,GGAGAAGA,32,,NA
chrII,88485,GAGAA,G,1,,NA
chrII,88489,AGAG,AGAGGAG,1,,NA
chrII,88489,A,G,1,,NA
chrII,88490,GAGAAGAA,GA,1,,NA
chrII,115437,G,A,1,,NA
chrII,137649,T,A,1,,NA
chrII,137654,T,A,2,,NA
chrII,137659,T,A,1,,NA
chrII,145934,G,T,1,,NA
chrII,155661,C,A,1,STU1,NA
chrII,168439,G,A,1,,NA
chrII,177703,T,A,1,,NA
chrII,197305,G,T,1,,NA
chrII,197686,T,C,1,,NA
chrII,219589,G,T,1,PDR3,-0.17168000000000003
chrII,221074,A,G,1,,NA
chrII,221288,AGTGT,AGT,14,,NA
chrII,222304,G,C,1,"YBL005W-A, YBL005W-B",NA
chrII,238281,T,C,1,,NA
chrII,245102,G,T,1,GPI18,NA
chrII,246664,G,T,1,,NA
chrII,254899,T,A,3,,NA
chrII,254913,A,G,3,,NA
chrII,255127,A,G,1,,NA
chrII,259764,C,T,26,,NA
chrII,263166,TCC,TC,1,,NA
chrII,263168,CG,C,15,,NA
chrII,265382,G,T,29,,NA
chrII,292631,T,C,1,,NA
chrII,307446,A,T,1,,NA
chrII,308329,G,T,1,,NA
chrII,342960,A,T,1,,NA
chrII,343010,C,A,1,,NA
chrII,361286,A,G,1,ORC2,NA
chrII,383176,CGG,CGGG,32,RDH54,0.24327999999999997
chrII,389421,GCTCTCT,GCTCT,32,,NA
chrII,389429,C,G,4,,NA
chrII,389430,G,C,4,,NA
chrII,419923,A,G,1,,NA
chrII,466087,A,T,1,,NA
chrII,507617,G,T,1,MEC1,NA
chrII,514316,G,T,1,YBR138C,-0.03369
chrII,536047,A,T,1,MRPS9,NA
chrII,567602,C,G,1,,NA
chrII,597146,G,T,1,,NA
chrII,632828,T,G,1,LDH1,0.29072000000000003
chrII,644349,T,A,1,,NA
chrII,646111,CATATATATATATATATATATATATATA,CATATATATATATATATATATATATA,1,,NA
chrII,674734,C,A,1,MCX1,0.4530666666666667
chrII,694886,T,A,1,,NA
chrII,694934,A,G,1,,NA
chrII,695011,C,G,1,,NA
chrII,709782,ATT,ATTT,1,ISW1,-0.06807333333333333
chrII,728515,A,T,1,,NA
chrII,746361,TCATCTGC,T,3,HSM3,0.22756666666666667
chrII,746362,CATCTGCAATCTGCAATCT,CATCTGCAATCT,32,HSM3,0.22756666666666667
chrII,746372,CT,CTTAGTT,14,HSM3,0.22756666666666667
chrII,746372,CTG,CTTAGTTG,1,HSM3,0.22756666666666667
chrII,754332,C,A,1,RIF1,0.2422133333333333
chrII,764910,G,T,1,,NA
chrII,784800,A,G,1,YBR292C,0.17006999999999997
chrII,809814,C,A,1,,NA
chrIII,304,ACACACC,ACACACCACACC,1,,NA
chrIII,304,ACACACC,"ACACACCACACC,ACCACACC",3,,NA
chrIII,304,ACACACC,ACCACACC,1,,NA
chrIII,304,ACAC,ACCAC,1,,NA
chrIII,304,ACACACC,"ACCACACC,ACACACCACACC",1,,NA
chrIII,348,C,A,1,,NA
chrIII,350,ACACACC,"ACCACACC,ACACACACCACACC,ACACACCACACC",1,,NA
chrIII,56975,G,A,1,,NA
chrIII,57213,T,A,1,,NA
chrIII,82644,C,A,1,,NA
chrIII,84084,C,A,1,,NA
chrIII,84421,G,A,26,,NA
chrIII,84780,A,T,28,,NA
chrIII,127820,C,A,2,,NA
chrIII,143131,T,C,32,,NA
chrIII,148615,C,T,22,SRD1,NA
chrIII,148618,T,TGGAA,3,SRD1,NA
chrIII,151554,TA,TAA,9,,NA
chrIII,151628,A,T,15,,NA
chrIII,151645,G,A,12,,NA
chrIII,151645,G,"A,C",1,,NA
chrIII,151646,T,C,14,,NA
chrIII,162361,T,C,32,,NA
chrIII,162396,G,C,31,,NA
chrIII,162447,T,C,1,,NA
chrIII,162640,T,G,32,YCR024C-B,NA
chrIII,162694,G,A,32,YCR024C-B,NA
chrIII,162711,AT,A,1,YCR024C-B,NA
chrIII,162712,TAAAAAAAAAA,TAAAAAAAAA,28,YCR024C-B,NA
chrIII,163059,T,C,32,PMP1,0.11603333333333334
chrIII,163192,ATTT,ATTTT,18,,NA
chrIII,163195,T,TT,1,,NA
chrIII,169062,TACAACA,TACA,1,,NA
chrIII,199081,G,A,31,BUD5,NA
chrIII,205916,G,T,1,,NA
chrIII,206081,A,G,1,,NA
chrIII,215582,G,T,1,RSC6,NA
chrIII,224773,TTATATATATATATATATATATAT,TTATATATATATATATATATAT,1,,NA
chrIII,231223,T,A,1,,NA
chrIII,246073,C,T,1,SSK22,0.49368666666666666
chrIII,250264,C,A,1,PAT1,-0.12201333333333332
chrIII,257124,T,C,1,SRB8,NA
chrIII,286038,A,T,1,CDC39,NA
chrIII,294655,G,C,1,,NA
chrIV,130,CACA,C,16,,NA
chrIV,135,CCACAC,CCACACAC,5,,NA
chrIV,135,CCACAC,"CCACACAC,CACACCCACACAC",1,,NA
chrIV,50378,A,T,1,,NA
chrIV,54270,G,T,1,,NA
chrIV,76750,A,G,1,,NA
chrIV,123694,C,A,1,,NA
chrIV,131194,T,C,1,MRX19,-0.12762333333333334
chrIV,137616,G,T,1,,NA
chrIV,169833,GTATATATATATATATATATA,GTATATATATATATATATA,1,,NA
chrIV,242626,A,T,1,UBP1,0.054689999999999996
chrIV,273654,C,A,1,QRI7,-0.05253333333333333
chrIV,322390,G,"C,T",1,,NA
chrIV,330449,A,G,1,,NA
chrIV,340618,C,T,1,,NA
chrIV,347455,G,A,1,USO1,NA
chrIV,355533,C,A,1,,NA
chrIV,370909,C,A,1,,NA
chrIV,375785,T,C,1,PRP11,NA
chrIV,403511,GTTTTTTTTT,"GTTTTTTTTTT,GTTTTTTTTTTT",7,,NA
chrIV,403511,GTTTTTTTTT,GTTTTTTTTTT,11,,NA
chrIV,403511,GTTTTTTTTT,"GTTTTTTTTTT,GTTTTTTTTTTTT",2,,NA
chrIV,417250,A,T,1,,NA
chrIV,439714,C,T,1,,NA
chrIV,446651,G,T,1,,NA
chrIV,452875,C,"A,T",2,,NA
chrIV,459710,T,A,1,SOK1,-0.2599533333333333
chrIV,470589,C,A,1,,NA
chrIV,475966,A,G,1,RAD61,0.007656666666666667
chrIV,508064,T,C,1,,NA
chrIV,510494,A,G,1,LYS14,NA
chrIV,512937,G,T,1,,NA
chrIV,561035,G,T,1,,NA
chrIV,566583,A,C,1,YOS9,-0.17617666666666665
chrIV,568694,C,A,1,TGL2,0.1668533333333333
chrIV,626670,A,G,1,,NA
chrIV,637175,C,T,1,GIS1,-0.05796333333333333
chrIV,639878,C,A,1,,NA
chrIV,688062,CTTTTTTTTTTTTTT,CTTTTTTTTTTTTTTTT,3,,NA
chrIV,688062,CTTTTTTTTTTTTTT,"CTTTTTTTTTTTTTTTT,CTTTTTTTTTTTTTTTTT",1,,NA
chrIV,694802,A,G,1,KIN1,0.15095666666666666
chrIV,736999,T,A,32,DOP1,NA
chrIV,757631,G,"C,T",28,NUM1,0.054833333333333324
chrIV,757631,G,C,1,NUM1,0.054833333333333324
chrIV,757631,G,"C,T,A",2,NUM1,0.054833333333333324
chrIV,758310,T,"C,A",1,NUM1,0.054833333333333324
chrIV,758310,T,C,31,NUM1,0.054833333333333324
chrIV,769328,G,A,31,,NA
chrIV,783598,G,A,32,SEC1,NA
chrIV,817531,TAAAAAAAAAA,TAAAAAAAAAAA,13,,NA
chrIV,817531,TAAAAAAAAAA,"TAAAAAAAAAAA,TAAAAAAAAAAAA,TAAAAAAAAAAAAA",1,,NA
chrIV,817531,TAAAAAAAAAA,"TAAAAAAAAAAA,TAAAAAAAAAAAA",3,,NA
chrIV,817531,TAAAAAAAAAA,"TAAAAAAAAAAA,TAAAAAAAAA",1,,NA
chrIV,818189,T,A,1,SDH4,0.09369666666666666
chrIV,864219,A,G,32,EBS1,0.06957333333333333
chrIV,880697,A,G,23,YDR210C-D,NA
chrIV,892418,C,T,1,UPC2,0.003959999999999999
chrIV,899721,G,T,1,RAD9,0.06844666666666667
chrIV,914272,C,T,1,,NA
chrIV,942875,C,G,1,YDR239C,0.13198666666666667
chrIV,942959,C,A,1,YDR239C,0.13198666666666667
chrIV,975147,G,C,1,YAP6,-0.03164666666666666
chrIV,981156,A,G,1,,NA
chrIV,987244,G,A,25,,NA
chrIV,987310,G,A,1,,NA
chrIV,994122,G,T,1,,NA
chrIV,1018886,A,T,1,,NA
chrIV,1033461,T,A,1,ZIP1,-0.07163666666666667
chrIV,1040049,A,G,1,HRQ1,-0.03460666666666667
chrIV,1068493,G,T,1,,NA
chrIV,1079031,C,A,1,,NA
chrIV,1102070,C,G,1,,NA
chrIV,1110336,T,C,1,,NA
chrIV,1139619,A,T,1,SWR1,-0.11602666666666667
chrIV,1139652,C,CGTA,1,SWR1,-0.11602666666666667
chrIV,1144548,G,C,1,MSN5,-0.07361333333333334
chrIV,1150910,AGG,AGGG,32,,NA
chrIV,1184395,C,A,1,,NA
chrIV,1185130,C,A,32,TRP4,0.06015
chrIV,1214960,G,C,1,,NA
chrIV,1253397,T,C,32,SAC7,0.12482666666666668
chrIV,1303715,TRUE,C,1,RAD30,0.03667
chrIV,1305680,TGG,TG,29,,NA
chrIV,1307370,C,T,1,HKR1,0.16781000000000001
chrIV,1311808,A,G,1,,NA
chrIV,1322722,C,A,1,RPN9,NA
chrIV,1330174,C,A,1,,NA
chrIV,1380533,G,T,1,HEH2,-0.07057666666666668
chrIV,1389587,CTT,C,1,SPP41,NA
chrIV,1397253,A,G,1,PKH3,-0.11341666666666667
chrIV,1402305,C,T,32,,NA
chrIV,1433710,A,T,32,PKH1,0.03827333333333333
chrIV,1439245,T,C,1,VPS3,NA
chrIV,1456428,C,A,1,SPG3,-0.08873000000000002
chrIV,1503084,G,T,1,,NA
chrIV,1505566,C,T,1,,NA
chrIV,1515034,TAAAAAAAAAAA,TAAAAAAAAAA,2,,NA
chrIV,1524974,A,G,30,,NA
chrIV,1524974,A,"G,C",1,,NA
chrIV,1525313,T,G,32,,NA
chrIV,1525335,C,G,31,,NA
chrIV,1525340,C,"A,T",1,,NA
chrIV,1525340,C,A,30,,NA
chrIV,1525345,C,G,31,,NA
chrIV,1525351,C,G,30,,NA
chrIV,1525357,C,G,30,,NA
chrIV,1525363,C,G,24,,NA
chrIV,1525366,C,G,1,,NA
chrIV,1525368,C,G,1,,NA
chrIV,1525370,C,G,1,,NA
chrIX,2,ACACACAC,"ACACACACACAC,ACACACACACACAC",1,,NA
chrIX,22273,TC,TCC,1,,NA
chrIX,23185,CG,CGG,16,CSS1,NA
chrIX,23214,T,G,20,CSS1,NA
chrIX,23282,TCC,TC,21,CSS1,NA
chrIX,28944,A,G,1,,NA
chrIX,39373,TAAAAAAAAAAA,"TAAAAAAAAAAAA,TAAAAAAAAAAAAA",1,,NA
chrIX,43229,A,G,1,BNR1,-0.13602
chrIX,45131,C,A,1,BNR1,-0.13602
chrIX,105433,AAATAATAAT,AAATAATAATAAT,25,ASG1,-0.05017333333333333
chrIX,105436,TAA,TAACAA,1,ASG1,-0.05017333333333333
chrIX,138428,G,C,1,,NA
chrIX,138429,A,"G,C",1,,NA
chrIX,141730,C,T,1,,NA
chrIX,149085,A,T,1,,NA
chrIX,181864,G,T,1,FYV10,0.07731
chrIX,234759,T,C,1,SEC6,NA
chrIX,241025,C,A,1,,NA
chrIX,280126,T,C,1,,NA
chrIX,295834,A,G,1,,NA
chrIX,308578,A,G,1,,NA
chrIX,318694,T,A,32,VID28,0.14581666666666668
chrIX,342044,C,A,1,,NA
chrIX,402343,C,T,1,DAL81,0.11993999999999999
chrIX,402344,T,A,1,DAL81,0.11993999999999999
chrIX,402352,C,A,1,DAL81,0.11993999999999999
chrIX,419674,T,A,1,LYS1,NA
chrIX,439877,TGGTGTGTGTG,TGGTGTGTGTGGGTGTGTGTG,4,,NA
chrIX,439880,TGTGTGTG,TGTGTGTGGGTGTGTG,6,,NA
chrIX,439882,TGTGTG,TGTGTGGGTGTGGGTGTG,10,,NA
chrIX,439882,TGTGTG,TGTGTGGGTGTG,8,,NA
chrIX,439883,GTGTG,GTGTGGGTGTTGTG,3,,NA
chrIX,439884,TGTG,TGTGGGTGTGGTG,1,,NA
chrIX,439884,TGTG,TGTGGGTGGTG,2,,NA
chrIX,439884,TGTG,TGTGGTG,1,,NA
chrIX,439884,TGTG,TGTGGGTGTGGGTG,2,,NA
chrmt,2,TCATA,TCATATTCATA,1,,NA
chrmt,3,CATA,"CATATTCATA,CATCCATATTCATA,CACCATATTCATA",1,,NA
chrmt,3,CATA,CATATTCATA,1,,NA
chrmt,4,A,ACATATTCA,2,,NA
chrmt,4,A,AATATTCA,1,,NA
chrmt,4,AT,ATCAT,1,,NA
chrmt,214,A,AG,1,,NA
chrmt,3287,A,T,1,,NA
chrmt,3364,A,G,1,,NA
chrmt,11645,A,T,1,,NA
chrmt,12984,T,A,1,,NA
chrmt,13248,A,T,1,,NA
chrmt,13304,T,C,1,,NA
chrmt,13802,T,A,32,,NA
chrmt,20345,GAAA,GAA,32,,NA
chrmt,20934,T,G,32,,NA
chrmt,23035,T,C,1,,NA
chrmt,24615,C,A,1,,NA
chrmt,27043,T,A,1,,NA
chrmt,27587,A,T,24,,NA
chrmt,27987,T,A,1,,NA
chrmt,28157,GCCCCCCCC,GCCCCCCCCC,1,,NA
chrmt,30235,T,G,1,,NA
chrmt,30410,A,G,1,,NA
chrmt,32240,A,C,1,,NA
chrmt,33618,T,TTC,31,,NA
chrmt,33743,T,A,32,,NA
chrmt,39517,G,T,31,,NA
chrmt,39517,G,"T,A",1,,NA
chrmt,42306,C,A,1,,NA
chrmt,43084,ATTTTTTTT,ATTTTTTTTT,26,,NA
chrmt,43084,ATTTTTTTT,"ATTTTTTTTT,ATTTTTTTTTT",3,,NA
chrmt,44795,ATTTTTTTT,ATTTTTTTTT,23,,NA
chrmt,45574,A,T,1,,NA
chrmt,49334,G,T,1,,NA
chrmt,51863,A,G,1,,NA
chrmt,54959,T,C,1,,NA
chrmt,55685,A,T,1,,NA
chrmt,55712,T,A,1,,NA
chrmt,56443,T,G,1,,NA
chrmt,56477,A,T,1,,NA
chrmt,57116,T,C,1,,NA
chrmt,60015,A,T,1,,NA
chrmt,63465,A,G,1,,NA
chrmt,65291,T,A,1,,NA
chrmt,66594,A,G,1,,NA
chrmt,73114,AGGGGGG,AGGGGG,3,,NA
chrmt,73136,TCCC,TCC,1,,NA
chrmt,73140,G,C,2,,NA
chrmt,76548,A,G,1,,NA
chrmt,77217,A,C,1,,NA
chrmt,77828,T,A,1,,NA
chrmt,78692,G,T,1,,NA
chrmt,78874,C,G,1,,NA
chrmt,80979,A,G,1,,NA
chrmt,82507,T,A,30,,NA
chrmt,83259,T,C,1,,NA
chrmt,84251,C,G,1,,NA
chrmt,85197,T,A,1,,NA
chrmt,85497,A,G,1,,NA
chrmt,85727,G,T,1,,NA
chrV,5109,TTG,TTGGTATG,1,YEL076C,NA
chrV,5461,T,G,3,YEL075C,NA
chrV,5494,C,T,12,YEL075C,NA
chrV,8058,C,A,1,,NA
chrV,8339,G,T,1,,NA
chrV,31693,TCTATGCTA,TCTA,3,,NA
chrV,31694,C,T,3,CAN1,NA
chrV,31696,ATG,A,18,CAN1,NA
chrV,31707,T,C,3,CAN1,NA
chrV,33466,TTG,TTGGGTCTG,7,CAN1,NA
chrV,37605,A,T,1,CIN8,NA
chrV,37937,T,C,1,CIN8,NA
chrV,48384,T,C,32,,NA
chrV,61666,T,C,1,,NA
chrV,115946,G,C,1,,NA
chrV,115948,T,TCCCGGGAA,1,,NA
chrV,115973,G,A,8,,NA
chrV,115989,C,T,18,,NA
chrV,115989,C,"T,A",1,,NA
chrV,115997,T,C,17,,NA
chrV,115997,T,"C,A",2,,NA
chrV,116028,G,A,19,,NA
chrV,116086,G,A,19,,NA
chrV,116577,G,A,19,URA3,NA
chrV,116644,G,T,19,URA3,NA
chrV,116799,C,T,19,URA3,NA
chrV,116838,C,G,19,URA3,NA
chrV,117045,A,AAGCT,12,,NA
chrV,117048,C,CTAT,1,,NA
chrV,151989,C,A,1,,NA
chrV,154531,T,A,32,MNN1,-0.19475333333333333
chrV,182348,A,G,1,,NA
chrV,200367,C,A,1,SRB4,NA
chrV,208394,G,T,1,CHO1,NA
chrV,235580,G,T,1,,NA
chrV,249309,T,C,1,,NA
chrV,251204,T,C,1,,NA
chrV,253726,T,C,1,,NA
chrV,272558,GTTTTTTTTTTTT,"GTTTTTTTTTTT,GTTTTTTTTTT",5,,NA
chrV,272558,GTTTTTTTTTTTT,GTTTTTTTTTTT,5,,NA
chrV,319671,C,A,1,,NA
chrV,352394,A,G,32,SHC1,-0.12228666666666665
chrV,425083,C,A,1,,NA
chrV,442864,A,T,1,,NA
chrV,517529,T,C,32,,NA
chrV,545236,G,C,1,,NA
chrVI,2,ATCT,ATCTGATCT,3,,NA
chrVI,3,TCT,"TCTGATCT,TCAAGCTGATCT",7,,NA
chrVI,3,TCT,"TCAAGCTGATCT,TCTGATCT",5,,NA
chrVI,3,TC,TCAAGCTGATC,1,,NA
chrVI,3,TCT,TCTGATCT,1,,NA
chrVI,6,CGCAAG,CGCAAGCTGATCTCGCAAG,3,,NA
chrVI,1732,T,C,18,YFL066C,NA
chrVI,19726,G,T,1,,NA
chrVI,68864,T,A,1,,NA
chrVI,71406,G,A,1,RIM15,-0.14792333333333332
chrVI,82313,C,T,1,,NA
chrVI,97864,CTTTTTTTTTT,"CTTTTTTTTTTTT,CTTTTTTTTTTTTT",16,,NA
chrVI,97864,CTTTTTTTTTT,CTTTTTTTTTTTT,6,,NA
chrVI,97864,CTTTTTTTTTT,"CTTTTTTTTTTTT,CTTTTTTTTTTT",7,,NA
chrVI,97864,CTTTTTTTTTT,"CTTTTTTTTTTTT,CTTTTTTTTTTT,CTTTTTTTTTTTTT",2,,NA
chrVI,97864,CTTTTTTTTTT,"CTTTTTTTTTTTT,CTTTTTTTTTTTTTT",1,,NA
chrVI,107669,G,T,1,,NA
chrVI,118581,T,C,1,,NA
chrVI,118850,A,T,1,,NA
chrVI,118914,G,T,1,,NA
chrVI,143889,G,T,1,,NA
chrVI,144122,G,T,1,,NA
chrVI,167873,C,T,1,,NA
chrVI,178096,C,T,1,AIP5,0.11972666666666666
chrVI,205386,A,G,1,,NA
chrVI,270152,TGGTGTG,TGGTGTGGGTGTG,4,,NA
chrVI,270153,GGTGTGTG,GGTGTGGGTGTGTGTG,1,,NA
chrVI,270153,GGTGTGTG,GGTGTGTGTG,4,,NA
chrVI,270153,GGTGTGTG,"GGTGTGTGTG,GGTGTGGGTGTGTGTGTG",1,,NA
chrVI,270155,TGTG,TGTGGGTGTGTGGGTG,2,,NA
chrVI,270155,TGTG,TGTGGGTG,7,,NA
chrVI,270157,TG,TGGGTGTGG,4,,NA
chrVII,9,ACACACACC,"ACACCACACACC,ACACCCACACCACACACC",1,,NA
chrVII,9,ACAC,"ACACCAC,ACACCCACACCAC,ACCAC",7,,NA
chrVII,9,ACAC,"ACACCAC,ACCAC",3,,NA
chrVII,9,ACAC,ACACCAC,3,,NA
chrVII,9,ACAC,"ACCAC,ACACCAC",1,,NA
chrVII,9,ACAC,"ACACCAC,ACCAC,ACACCCACACCAC",3,,NA
chrVII,9,ACACAC,"ACACCACAC,ACACCCACACCACAC,ACCACAC",2,,NA
chrVII,9,ACAC,"ACACCCACACCAC,ACACCAC",1,,NA
chrVII,9,ACACACACCACAC,"ACACCACACACCACAC,ACCACACACCACAC",1,,NA
chrVII,9,ACAC,"ACACCAC,ACACCCACACCAC",6,,NA
chrVII,9,ACACACACCACAC,"ACACCACACACCACAC,ACACCCACACCACACACCACAC",1,,NA
chrVII,12,C,CCCACACCAA,1,,NA
chrVII,214,ACC,ACCC,32,,NA
chrVII,6076,T,C,1,,NA
chrVII,8151,GA,GAA,26,,NA
chrVII,17724,C,T,1,,NA
chrVII,100346,T,C,1,SPT16,NA
chrVII,141388,G,T,1,HOS2,-0.14910333333333334
chrVII,145651,A,T,1,,NA
chrVII,150568,C,A,1,,NA
chrVII,163291,A,G,1,,NA
chrVII,163354,C,A,1,,NA
chrVII,261942,T,G,1,SNT2,0.07310666666666667
chrVII,285879,T,A,1,COQ8,NA
chrVII,331955,C,G,1,PAN2,0.12712666666666667
chrVII,352286,T,A,1,GUP1,0.050969999999999994
chrVII,354971,A,G,1,SCY1,-0.06718666666666667
chrVII,386978,C,G,32,PYC1,-0.23500666666666667
chrVII,386979,G,C,32,PYC1,-0.23500666666666667
chrVII,401674,C,A,31,,NA
chrVII,401674,C,"A,T",1,,NA
chrVII,401698,T,A,32,,NA
chrVII,402067,T,A,1,,NA
chrVII,402084,G,A,1,,NA
chrVII,402085,T,C,1,,NA
chrVII,404474,AG,AGG,8,,NA
chrVII,404522,TG,TGG,5,,NA
chrVII,404935,C,G,25,,NA
chrVII,404936,G,C,25,,NA
chrVII,405084,AC,A,1,,NA
chrVII,405085,CGG,CG,31,,NA
chrVII,435508,T,C,1,,NA
chrVII,456291,C,A,1,ALK1,-0.07523
chrVII,458591,G,T,1,CKB1,-0.12169999999999999
chrVII,471394,T,G,1,PDR1,0.1886566666666667
chrVII,471545,T,G,1,PDR1,0.1886566666666667
chrVII,478208,C,T,1,LEU1,0.04166333333333334
chrVII,496729,TAAAAAAAAAAAAA,TAAAAAAAAAAAAAA,2,,NA
chrVII,496936,G,T,1,,NA
chrVII,527979,T,C,1,DPC29,0.13471999999999998
chrVII,530034,A,C,5,MTL1,0.047273333333333334
chrVII,567732,G,T,1,,NA
chrVII,567923,G,T,1,,NA
chrVII,596137,G,T,1,,NA
chrVII,602699,G,C,1,RSC1,NA
chrVII,627724,G,C,1,,NA
chrVII,634966,G,C,1,UPF3,0.08329333333333334
chrVII,639666,C,A,1,,NA
chrVII,640642,A,T,1,,NA
chrVII,656381,A,T,1,,NA
chrVII,682350,T,A,1,,NA
chrVII,702523,T,A,1,,NA
chrVII,715715,TG,T,1,,NA
chrVII,715931,T,A,1,YGR111W,0.18266666666666667
chrVII,733130,C,A,1,,NA
chrVII,735482,ATTT,ATT,1,,NA
chrVII,735583,C,G,1,,NA
chrVII,761739,T,C,1,PRE9,-0.005840000000000001
chrVII,765820,G,T,1,,NA
chrVII,772958,A,G,1,BTN2,-0.20898000000000003
chrVII,773343,A,G,1,BTN2,-0.20898000000000003
chrVII,787232,C,A,1,,NA
chrVII,794401,A,G,1,,NA
chrVII,833448,A,T,1,PEX35,NA
chrVII,834328,A,T,1,PEX35,NA
chrVII,836775,G,A,1,,NA
chrVII,836776,C,T,1,,NA
chrVII,840598,TGG,TG,1,,NA
chrVII,848623,C,A,1,,NA
chrVII,850800,G,"T,C",1,,NA
chrVII,882582,C,A,1,,NA
chrVII,923607,T,C,6,GPI1,NA
chrVII,931200,T,A,1,,NA
chrVII,931204,G,C,1,,NA
chrVII,977881,G,T,1,,NA
chrVII,977933,T,A,1,,NA
chrVII,977970,A,T,1,,NA
chrVII,985721,A,AT,1,,NA
chrVII,990350,TAAA,TAAAA,1,,NA
chrVII,999236,T,A,1,,NA
chrVII,999711,A,G,1,,NA
chrVII,1003829,G,A,1,COQ6,NA
chrVII,1006277,G,C,32,MTM1,NA
chrVII,1006278,C,G,32,MTM1,NA
chrVII,1006279,G,C,32,MTM1,NA
chrVII,1016810,T,A,1,,NA
chrVII,1036090,C,A,1,SLH1,0.14389
chrVII,1038255,G,A,1,EFG1,NA
chrVII,1048773,T,A,1,,NA
chrVII,1057544,T,C,1,,NA
chrVII,1065456,T,C,1,,NA
chrVII,1073509,C,G,1,,NA
chrVIII,21,AC,ACC,1,,NA
chrVIII,355,T,C,1,,NA
chrVIII,1399,G,T,5,YHL050C,NA
chrVIII,1399,G,"T,A",1,YHL050C,NA
chrVIII,1569,G,A,31,YHL050C,NA
chrVIII,1672,A,G,31,YHL050C,NA
chrVIII,1708,A,G,19,YHL050C,NA
chrVIII,1748,T,C,3,YHL050C,NA
chrVIII,1846,A,G,29,YHL050C,NA
chrVIII,1918,GGTACTGGCGTTAGTACTGGC,GGTACTGGC,3,,NA
chrVIII,1927,G,A,12,,NA
chrVIII,1930,A,G,14,,NA
chrVIII,1997,T,C,31,,NA
chrVIII,2068,A,T,31,,NA
chrVIII,2233,C,T,1,,NA
chrVIII,2257,G,C,1,,NA
chrVIII,4844,C,T,15,,NA
chrVIII,4856,G,A,12,,NA
chrVIII,4858,T,G,12,,NA
chrVIII,4895,C,T,5,,NA
chrVIII,4896,G,A,5,,NA
chrVIII,5199,A,"G,C",1,,NA
chrVIII,5205,C,T,1,,NA
chrVIII,5225,A,G,7,,NA
chrVIII,5232,C,T,9,,NA
chrVIII,5283,T,C,4,,NA
chrVIII,5283,T,"C,A",1,,NA
chrVIII,5292,C,A,4,,NA
chrVIII,5298,C,T,4,,NA
chrVIII,5489,G,A,3,,NA
chrVIII,5556,C,T,19,,NA
chrVIII,5635,T,C,26,,NA
chrVIII,5640,TCTC,T,1,,NA
chrVIII,5700,A,G,20,YHL048C-A,NA
chrVIII,5706,C,G,19,YHL048C-A,NA
chrVIII,5709,C,G,19,YHL048C-A,NA
chrVIII,5717,T,C,15,YHL048C-A,NA
chrVIII,5717,T,"C,A",1,YHL048C-A,NA
chrVIII,5724,C,T,18,YHL048C-A,NA
chrVIII,5759,G,A,29,YHL048C-A,NA
chrVIII,5775,G,C,29,YHL048C-A,NA
chrVIII,5777,G,A,29,YHL048C-A,NA
chrVIII,5788,T,G,29,YHL048C-A,NA
chrVIII,5806,C,T,28,,NA
chrVIII,5806,C,"T,A",1,,NA
chrVIII,5830,C,T,24,,NA
chrVIII,5830,C,"T,A",1,,NA
chrVIII,5837,A,C,25,,NA
chrVIII,5838,A,G,23,,NA
chrVIII,5838,A,"G,T",1,,NA
chrVIII,5854,A,G,13,,NA
chrVIII,5856,G,A,13,,NA
chrVIII,5896,T,G,1,,NA
chrVIII,5898,T,G,1,,NA
chrVIII,5942,G,A,9,,NA
chrVIII,5947,CTTT,CTT,1,,NA
chrVIII,6090,T,C,1,,NA
chrVIII,6105,A,C,13,,NA
chrVIII,6125,C,T,20,,NA
chrVIII,6194,A,T,1,,NA
chrVIII,6245,T,C,1,,NA
chrVIII,6252,T,G,21,,NA
chrVIII,6396,CGA,C,18,,NA
chrVIII,17534,ATTTTTTTTTTT,"ATTTTTTTTTTTT,ATTTTTTTTTTTTT",5,YHL041W,0.00828333333333333
chrVIII,17534,ATTTTTTTTTTT,ATTTTTTTTTTTT,2,YHL041W,0.00828333333333333
chrVIII,85508,TTATATATAT,TTATATAT,16,,NA
chrVIII,107504,C,A,1,,NA
chrVIII,115348,G,T,1,,NA
chrVIII,136583,A,T,1,,NA
chrVIII,216123,C,T,28,RSC30,NA
chrVIII,220186,T,A,1,FYV4,-0.37277
chrVIII,254162,G,T,1,NMD2,-0.19219
chrVIII,254182,G,T,1,NMD2,-0.19219
chrVIII,269837,T,C,1,KSP1,-0.30963333333333337
chrVIII,280062,C,A,1,,NA
chrVIII,289329,G,T,1,AHT1,0.29846
chrVIII,303947,C,A,1,TRA1,NA
chrVIII,314134,G,T,1,GEP4,NA
chrVIII,349505,C,T,1,,NA
chrVIII,387110,C,"A,T",1,,NA
chrVIII,414983,C,A,1,KEL1,-0.2688633333333333
chrVIII,417054,G,A,32,KEL1,-0.2688633333333333
chrVIII,464116,T,A,1,,NA
chrVIII,474579,T,C,1,,NA
chrVIII,475931,TTATATATATATATATATATATAT,TTATATATATATATATATATAT,2,,NA
chrVIII,499958,C,T,31,PPX1,NA
chrVIII,499958,C,"T,A",1,PPX1,NA
chrVIII,508827,A,T,1,,NA
chrVIII,511255,C,T,32,SCH9,NA
chrVIII,524447,C,G,32,,NA
chrX,42082,G,T,1,LAA1,NA
chrX,52671,G,T,1,RCY1,NA
chrX,55223,C,T,1,ECM25,-0.16316
chrX,60684,T,G,1,,NA
chrX,75702,G,C,1,,NA
chrX,97478,G,A,32,,NA
chrX,100335,C,T,32,TOH1,-0.23537
chrX,144853,C,A,1,,NA
chrX,147816,A,G,1,,NA
chrX,172519,T,A,1,,NA
chrX,199170,A,C,29,,NA
chrX,200219,A,G,25,,NA
chrX,263374,C,A,1,DPB11,NA
chrX,267367,C,A,1,SIP4,-0.1109
chrX,267503,A,G,1,SIP4,-0.1109
chrX,278977,CAGAGAG,CAGAG,32,TAX4,-0.10685666666666667
chrX,280786,C,A,1,,NA
chrX,298926,T,G,1,,NA
chrX,325357,G,C,1,YHC3,0.054040000000000005
chrX,390050,G,T,1,VPS53,-0.31794333333333336
chrX,396486,C,A,1,APS3,0.0752
chrX,416935,G,C,1,,NA
chrX,424890,C,A,1,,NA
chrX,457903,C,A,1,,NA
chrX,464311,T,C,1,,NA
chrX,470130,GTAATAATAATAATAATAATAATAATAATAATAATAATAATAATAATAATA,GTAATAATAATAATAATAATAATAATAATAATAATAATAATAATAATA,3,,NA
chrX,472098,C,T,1,,NA
chrX,478375,A,C,1,"YJR028W, YJR029W",NA
chrX,478376,T,C,1,"YJR028W, YJR029W",NA
chrX,491980,G,C,1,CPR7,0.10104333333333333
chrX,499411,T,C,1,RAD26,0.20985666666666666
chrX,577025,AATATATATATATATATATAT,AATATATATATATATATATATAT,1,,NA
chrX,582384,G,C,1,,NA
chrX,593315,A,T,1,GRR1,-0.011349999999999999
chrX,603544,T,C,1,FIP1,NA
chrX,640784,GAAAAAAAAAA,GAAAAAAAAAAA,2,,NA
chrX,715095,G,A,2,DAN4,NA
chrX,718147,G,A,1,,NA
chrX,740238,T,C,3,,NA
chrXI,3,CCACACCCACACACC,"CCACACACCCACACACC,CCACACCCACACACCCACACACC,CCCACACACCCACACACC",1,,NA
chrXI,457,CG,CAG,13,,NA
chrXI,457,C,CA,19,,NA
chrXI,16020,C,A,1,,NA
chrXI,16094,A,G,1,,NA
chrXI,26468,A,G,1,,NA
chrXI,51240,C,A,1,LOS1,-0.018166666666666664
chrXI,67761,T,A,1,,NA
chrXI,68454,G,GCC,3,PTK1,0.02567
chrXI,74827,T,A,1,,NA
chrXI,74834,T,A,1,,NA
chrXI,100459,A,T,1,,NA
chrXI,140546,T,C,1,MCD4,NA
chrXI,199697,A,C,1,MYO3,0.18772333333333333
chrXI,267630,T,A,1,BUD2,-0.09544333333333332
chrXI,270900,T,C,1,,NA
chrXI,326360,A,G,1,,NA
chrXI,346916,C,A,1,,NA
chrXI,357998,G,C,1,,NA
chrXI,391386,G,T,1,PAN3,-0.10068333333333335
chrXI,436871,A,G,1,,NA
chrXI,440092,T,C,1,,NA
chrXI,451566,AAGGAACA,AA,1,MEH1,-0.011049999999999999
chrXI,451568,GGAACACGAACACGAACA,GGAACACGAACA,31,MEH1,-0.011049999999999999
chrXI,461401,G,T,1,,NA
chrXI,607310,C,A,1,TGL4,0.15644666666666665
chrXI,612397,C,A,1,,NA
chrXI,629150,T,C,1,ESL2,0.007226666666666667
chrXI,643328,G,C,1,,NA
chrXI,666554,AGG,AG,20,,NA
chrXI,666556,GT,G,32,,NA
chrXI,666557,TG,T,29,,NA
chrXII,4,A,AACACC,1,,NA
chrXII,13,CCAC,CACACACCACAC,1,,NA
chrXII,13,CCAC,CCCACACACCACAC,3,,NA
chrXII,13,CC,CCCACACACCAC,1,,NA
chrXII,13,CCAC,"CCCACACACCACAC,CCACAC",1,,NA
chrXII,552,ATT,AT,1,,NA
chrXII,590,ATG,ATGTACAGTG,23,YLL067C,NA
chrXII,591,TGG,TGTACAGCGG,27,YLL067C,NA
chrXII,591,TG,"TGTACAGCG,TAGCG",1,YLL067C,NA
chrXII,591,TG,TGTACAGCG,1,YLL067C,NA
chrXII,592,G,GTACAGC,1,YLL067C,NA
chrXII,592,G,GTACAGCT,1,YLL067C,NA
chrXII,592,G,GTACAGCC,1,YLL067C,NA
chrXII,641,C,G,6,YLL067C,NA
chrXII,5741,T,C,2,YLL066W-B,NA
chrXII,31878,G,T,1,,NA
chrXII,31924,G,T,1,,NA
chrXII,47075,G,T,1,RNP1,0.22582666666666665
chrXII,47438,T,C,1,RNP1,0.22582666666666665
chrXII,55728,A,T,1,VPS13,-0.030656666666666665
chrXII,74756,AACA,AA,1,YLL032C,-0.18279
chrXII,76949,A,T,1,,NA
chrXII,105499,A,T,1,,NA
chrXII,122906,T,G,1,PUF3,0.2725366666666667
chrXII,150260,G,T,1,,NA
chrXII,161670,C,A,1,,NA
chrXII,164180,C,A,1,,NA
chrXII,168639,T,A,1,,NA
chrXII,187137,ATTT,ATT,32,,NA
chrXII,220717,G,A,18,,NA
chrXII,220717,G,"A,T",1,,NA
chrXII,220717,G,"A,T,C",1,,NA
chrXII,221728,T,C,1,YLR036C,0.27296000000000004
chrXII,222393,G,T,1,,NA
chrXII,251137,G,T,1,,NA
chrXII,263041,C,A,1,,NA
chrXII,287790,T,A,1,,NA
chrXII,291384,A,G,32,GAL2,0.09822666666666667
chrXII,291386,A,G,32,GAL2,0.09822666666666667
chrXII,293985,T,A,1,,NA
chrXII,299959,G,T,1,RAX2,-0.10874333333333334
chrXII,348937,C,A,1,,NA
chrXII,348937,C,"A,T,G",1,,NA
chrXII,348947,A,T,1,,NA
chrXII,348967,C,G,1,,NA
chrXII,363818,G,T,1,,NA
chrXII,388096,G,T,1,YPS1,-0.15743666666666667
chrXII,406570,C,T,1,ACE2,-0.09629
chrXII,421499,G,T,1,,NA
chrXII,436633,T,C,1,PEP3,NA
chrXII,437472,T,A,1,,NA
chrXII,451290,T,C,1,,NA
chrXII,468701,T,C,13,,NA
chrXII,474417,ACC,ACCC,21,,NA
chrXII,475970,TTTG,TTTGAGACATTG,16,YLR157W-D,NA
chrXII,481897,A,AGATTTATC,3,YLR157W-E,NA
chrXII,509493,G,C,1,RFX1,-0.06878666666666666
chrXII,528749,T,A,32,MDL1,-0.07712999999999999
chrXII,530638,T,C,1,,NA
chrXII,571815,G,T,1,CDC123,NA
chrXII,578064,G,T,1,,NA
chrXII,590003,A,G,1,BUR2,NA
chrXII,612304,A,T,1,,NA
chrXII,665589,C,A,1,,NA
chrXII,668033,T,A,1,,NA
chrXII,710324,G,T,1,,NA
chrXII,718225,C,A,1,,NA
chrXII,725936,G,A,31,,NA
chrXII,725936,G,"A,T",1,,NA
chrXII,732280,GCA,GCAGGATCCTCA,8,YLR302C,NA
chrXII,732281,CA,CAGGATCCTCAGA,16,YLR302C,NA
chrXII,732281,CAAA,CAGGATCCTCAGAAA,2,YLR302C,NA
chrXII,734684,G,"GCAGGAT,GGAT",1,,NA
chrXII,734684,G,GCAGGAT,2,,NA
chrXII,734685,TC,TAGGATCC,1,,NA
chrXII,734685,T,TAGGATC,3,,NA
chrXII,734703,T,A,30,,NA
chrXII,748960,G,T,1,,NA
chrXII,757588,T,G,3,,NA
chrXII,757597,C,"T,A,G",1,,NA
chrXII,757602,G,T,1,,NA
chrXII,784382,GCC,GCCC,32,,NA
chrXII,792848,G,T,1,,NA
chrXII,793127,A,G,1,,NA
chrXII,799687,C,A,1,,NA
chrXII,818465,A,ATTT,5,,NA
chrXII,825325,G,A,1,KAP95,NA
chrXII,828903,C,T,32,ORM2,-0.09953000000000001
chrXII,829491,A,G,1,NIT3,-0.07355
chrXII,837516,CATATATATATATATATATAT,CATATATATATATATATAT,1,,NA
chrXII,866931,A,T,1,,NA
chrXII,868042,G,T,1,ELO3,-0.04735
chrXII,928077,C,A,1,,NA
chrXII,928496,T,C,1,,NA
chrXII,941340,G,T,1,,NA
chrXII,971861,TC,TCC,1,,NA
chrXII,974720,C,A,1,SPP382,NA
chrXII,995690,G,A,1,SEN1,NA
chrXII,1007330,T,G,1,,NA
chrXII,1012325,G,GGCTC,4,,NA
chrXII,1012325,G,GGATT,1,,NA
chrXII,1012325,GC,GGCTCC,1,,NA
chrXII,1012328,AGCCG,AGCCGCCG,5,,NA
chrXII,1012329,GCC,GCCCCC,1,,NA
chrXII,1012329,GCCG,GCCGCCG,2,,NA
chrXII,1026795,A,T,1,,NA
chrXII,1039435,T,A,32,SST2,0.06641999999999999
chrXII,1045031,C,A,1,FMP27,0.16540333333333332
chrXII,1062016,G,A,1,,NA
chrXII,1065039,T,G,2,,NA
chrXII,1065261,TT,TTAGGCGATTGT,1,,NA
chrXII,1066277,G,A,3,YLR462W,NA
chrXII,1066697,G,A,1,YLR464W,NA
chrXII,1066742,A,G,11,YLR464W,NA
chrXIII,26694,C,A,1,,NA
chrXIII,34473,T,G,32,NAB6,-0.17589333333333335
chrXIII,63679,C,A,1,NUP188,-0.058303333333333325
chrXIII,64147,G,T,1,NUP188,-0.058303333333333325
chrXIII,70806,A,T,1,TSL1,0.04630666666666666
chrXIII,87449,T,G,1,RPM2,NA
chrXIII,89088,C,G,1,RPM2,NA
chrXIII,142075,A,T,1,,NA
chrXIII,182862,C,A,1,PRP39,NA
chrXIII,191860,G,T,1,,NA
chrXIII,192013,C,A,1,,NA
chrXIII,202191,C,A,1,,NA
chrXIII,202192,T,G,1,,NA
chrXIII,202197,T,C,4,,NA
chrXIII,202434,T,C,1,,NA
chrXIII,212289,A,T,1,,NA
chrXIII,222718,A,T,1,,NA
chrXIII,267890,A,G,1,,NA
chrXIII,268264,A,G,1,,NA
chrXIII,277249,A,T,1,,NA
chrXIII,297354,C,A,1,,NA
chrXIII,297610,A,G,1,,NA
chrXIII,298273,C,A,1,,NA
chrXIII,325905,T,A,32,YMR027W,-0.09700333333333333
chrXIII,327396,G,T,1,,NA
chrXIII,361550,G,A,4,YMR046C,NA
chrXIII,362839,A,T,1,,NA
chrXIII,362840,T,C,1,,NA
chrXIII,362841,C,A,1,,NA
chrXIII,387115,C,"A,G",1,,NA
chrXIII,398595,G,T,1,AEP1,NA
chrXIII,400680,A,G,1,KAR5,-0.09784666666666668
chrXIII,400918,C,A,1,KAR5,-0.09784666666666668
chrXIII,420749,C,A,1,,NA
chrXIII,420923,G,T,1,,NA
chrXIII,448333,G,A,32,,NA
chrXIII,448334,A,G,32,,NA
chrXIII,536103,C,A,1,,NA
chrXIII,547325,GTTATTATTAT,GTTATTAT,1,,NA
chrXIII,553197,T,A,1,,NA
chrXIII,556585,G,T,1,,NA
chrXIII,573286,T,A,1,YMR158C-A,-0.17532999999999999
chrXIII,610623,A,G,1,,NA
chrXIII,619592,T,G,5,,NA
chrXIII,619600,C,"T,G",1,,NA
chrXIII,619604,A,T,1,,NA
chrXIII,620136,T,C,1,SPT21,NA
chrXIII,626597,C,A,1,,NA
chrXIII,630505,A,G,32,RTP1,NA
chrXIII,631717,A,G,1,RTP1,NA
chrXIII,671541,C,A,1,,NA
chrXIII,672129,T,C,32,PFK2,0.17268000000000003
chrXIII,680936,T,C,32,HFA1,-0.24936666666666665
chrXIII,680940,C,T,32,HFA1,-0.24936666666666665
chrXIII,689758,A,G,1,DML1,NA
chrXIII,708291,T,C,32,ESC1,-0.008839999999999999
chrXIII,772685,C,A,1,,NA
chrXIII,809198,A,G,32,,NA
chrXIII,849798,A,T,1,ABZ2,0.040369999999999996
chrXIII,886683,C,A,1,,NA
chrXIII,908174,G,T,1,YMR317W,0.15514333333333333
chrXIII,908175,T,C,4,YMR317W,0.15514333333333333
chrXIII,908177,A,G,28,YMR317W,0.15514333333333333
chrXIII,908179,T,G,7,YMR317W,0.15514333333333333
chrXIII,908185,A,G,1,YMR317W,0.15514333333333333
chrXIII,908196,G,C,11,YMR317W,0.15514333333333333
chrXIII,908198,G,T,1,YMR317W,0.15514333333333333
chrXIII,908203,G,A,1,YMR317W,0.15514333333333333
chrXIII,908218,C,T,3,YMR317W,0.15514333333333333
chrXIII,919476,A,G,1,,NA
chrXIII,924341,G,T,30,,NA
chrXIII,924352,GGTGTGTG,GGTGTGTGTG,1,,NA
chrXIV,6650,A,C,11,,NA
chrXIV,6652,C,A,14,,NA
chrXIV,7478,A,AT,28,,NA
chrXIV,14333,GC,GCC,16,,NA
chrXIV,61834,T,C,1,,NA
chrXIV,73522,T,A,1,MON2,-0.12468666666666667
chrXIV,134312,A,G,1,BNI1,NA
chrXIV,138572,TAA,TAATAGTCACAGAA,1,LYP1,NA
chrXIV,138574,A,AT,5,LYP1,NA
chrXIV,140381,CATA,"CATAATA,CATAATAATA,CAACATAATAATA",1,LYP1,NA
chrXIV,140381,CATA,"CATAATA,CATAATAATA",1,LYP1,NA
chrXIV,140381,CATA,CATAATAATA,11,LYP1,NA
chrXIV,140381,CATA,"CATAATAATA,CATAATA,CAACATAATAATA",1,LYP1,NA
chrXIV,140381,CATA,"CATAATAATA,CAATA",2,LYP1,NA
chrXIV,140381,CATA,"CATAATA,CATAATAATA,CAATA",1,LYP1,NA
chrXIV,140381,CATA,"CATAATAATA,CAACATAATAATA",1,LYP1,NA
chrXIV,140381,CA,CAA,1,LYP1,NA
chrXIV,140381,CATA,"CATAATAATA,CTAATA",1,LYP1,NA
chrXIV,153671,T,C,1,POL2,NA
chrXIV,183216,T,C,1,CRS1,NA
chrXIV,187492,G,T,1,SUI1,NA
chrXIV,217570,CG,CGATG,1,ELA1,-0.3381
chrXIV,235756,C,T,1,,NA
chrXIV,286332,G,T,1,KAR1,NA
chrXIV,312328,AACGACGACG,AACGACG,32,APC1,NA
chrXIV,312335,ACGT,A,2,APC1,NA
chrXIV,335211,C,A,1,,NA
chrXIV,377887,G,T,32,KRE33,NA
chrXIV,389768,G,C,1,,NA
chrXIV,390021,G,A,1,,NA
chrXIV,415071,C,"T,A",1,,NA
chrXIV,415071,C,"T,G",1,,NA
chrXIV,415071,C,"G,T",1,,NA
chrXIV,415071,C,"T,A,G",1,,NA
chrXIV,415071,C,"A,T",1,,NA
chrXIV,426969,A,C,1,,NA
chrXIV,439397,GTTTTTT,GTTTTTTT,29,,NA
chrXIV,439397,GTTTTTT,"GTTTTTTT,GTTTTTTTT",2,,NA
chrXIV,460756,G,T,1,TOP2,NA
chrXIV,471767,A,G,32,SAL1,0.030363333333333336
chrXIV,479459,A,T,1,,NA
chrXIV,493024,C,A,1,,NA
chrXIV,500880,G,C,1,,NA
chrXIV,520142,A,C,16,"YNL054W-A, YNL054W-B",NA
chrXIV,522405,T,C,2,,NA
chrXIV,522418,A,G,2,,NA
chrXIV,522424,G,A,2,,NA
chrXIV,522429,C,T,1,,NA
chrXIV,522483,T,C,4,,NA
chrXIV,574192,ATT,ATTT,1,,NA
chrXIV,581210,C,T,1,CRZ1,-0.07796333333333333
chrXIV,604515,TTCGTC,TTC,1,,NA
chrXIV,606166,AATATATATATATATATAT,AATATATATATATATAT,1,,NA
chrXIV,642508,G,T,1,,NA
chrXIV,711550,A,T,1,,NA
chrXIV,713434,T,C,1,MSO1,0.1605966666666667
chrXIV,744186,T,A,1,,NA
chrXIV,764254,C,A,1,,NA
chrXIV,779308,CAAAAAAAAAAAAAAAAAAAAAAAA,CAAAAAAAAAAAAAAAAAAAAAAAAAAAAAAAA,1,,NA
chrXV,2,CACC,CACCCACACC,2,,NA
chrXV,89,ACCC,A,1,,NA
chrXV,90,CCCAC,CC,31,,NA
chrXV,92,CACA,"C,CCA",1,,NA
chrXV,92,CACA,C,6,,NA
chrXV,93,ACAC,ACCAC,1,,NA
chrXV,93,AC,ACC,16,,NA
chrXV,93,ACAC,"ACCAC,ACACCAC",4,,NA
chrXV,93,ACAC,"ACACCAC,ACCAC",1,,NA
chrXV,10871,G,C,1,,NA
chrXV,35677,C,A,1,,NA
chrXV,50002,C,T,31,CTR9,NA
chrXV,50010,A,T,31,CTR9,NA
chrXV,50012,C,T,31,CTR9,NA
chrXV,60240,C,T,29,,NA
chrXV,60240,C,"T,A",1,,NA
chrXV,60240,C,"T,G",1,,NA
chrXV,79297,C,G,32,YGK3,0.09439666666666667
chrXV,79304,A,T,32,YGK3,0.09439666666666667
chrXV,79305,T,A,32,YGK3,0.09439666666666667
chrXV,94815,ACCCCCCCCCCCCCC,AGGGGGGCCCCCCCCCCCCCC,1,,NA
chrXV,94815,ACCCCCCCCCCCCCC,AGGGGGGGCCCCCCCCCCCCCC,1,,NA
chrXV,94815,ACCCCCCCCCCCCCC,AGGGGGGGGCCCCCCCCCCCCCC,1,,NA
chrXV,94816,C,CGGGGGG,1,,NA
chrXV,97991,A,G,1,RRI2,0.11973
chrXV,115880,T,A,1,,NA
chrXV,125939,A,T,1,,NA
chrXV,138227,G,A,1,COQ3,NA
chrXV,153628,T,C,1,,NA
chrXV,197099,T,C,1,,NA
chrXV,227944,T,A,1,,NA
chrXV,228107,A,C,1,,NA
chrXV,235594,G,T,1,GAL11,NA
chrXV,293860,A,G,1,ESC8,-0.10021000000000001
chrXV,337406,C,A,1,,NA
chrXV,340848,G,T,1,,NA
chrXV,350107,C,T,1,AUS1,-0.21856333333333333
chrXV,355306,C,T,1,,NA
chrXV,355343,C,A,1,,NA
chrXV,367219,T,A,1,,NA
chrXV,398834,C,G,1,SHE4,NA
chrXV,416717,T,A,1,STD1,-0.43180666666666667
chrXV,432642,C,A,1,SGT1,NA
chrXV,432664,G,C,1,SGT1,NA
chrXV,436747,G,T,1,,NA
chrXV,448665,T,C,1,,NA
chrXV,464185,C,A,1,,NA
chrXV,504400,A,G,1,,NA
chrXV,528154,G,A,1,INP53,-0.05036666666666667
chrXV,564423,G,T,1,,NA
chrXV,571909,T,A,1,,NA
chrXV,580195,G,A,31,,NA
chrXV,585414,C,G,1,RUP1,-0.02754
chrXV,594677,G,A,1,,NA
chrXV,594681,A,G,1,,NA
chrXV,594685,G,T,1,,NA
chrXV,611998,C,G,1,,NA
chrXV,665629,A,G,1,,NA
chrXV,678124,C,A,1,,NA
chrXV,681352,C,A,1,,NA
chrXV,681392,T,C,1,,NA
chrXV,681910,A,G,1,GSP2,0.16981000000000002
chrXV,715079,C,A,1,SLK19,-0.41399
chrXV,718239,T,C,1,MCA1,0.19255666666666663
chrXV,722253,CTTTT,CTTT,3,HIS3,-0.0012323809523809522
chrXV,722256,T,TGCAGAGGC,3,HIS3,-0.0012323809523809522
chrXV,722259,A,AGAGACT,1,HIS3,-0.0012323809523809522
chrXV,722438,G,GGT,19,HIS3,-0.0012323809523809522
chrXV,722439,A,ATC,1,HIS3,-0.0012323809523809522
chrXV,738780,G,T,1,,NA
chrXV,759623,T,C,1,,NA
chrXV,759632,G,C,1,,NA
chrXV,773264,G,C,32,MKK1,0.13371666666666668
chrXV,779809,T,C,1,,NA
chrXV,806913,A,T,1,SEC63,NA
chrXV,816072,G,T,1,RPN8,NA
chrXV,822485,C,A,1,,NA
chrXV,822503,G,T,1,,NA
chrXV,845946,A,G,1,,NA
chrXV,854994,A,C,1,,NA
chrXV,951241,C,T,32,KRE5,NA
chrXV,958175,T,C,1,,NA
chrXV,979417,A,G,1,,NA
chrXV,994953,T,C,1,,NA
chrXV,999848,A,T,1,SOG2,NA
chrXV,1005003,A,G,1,,NA
chrXV,1031405,C,A,1,,NA
chrXV,1041591,C,A,1,,NA
chrXV,1071627,G,T,1,,NA
chrXVI,38936,G,T,1,,NA
chrXVI,62262,T,G,1,,NA
chrXVI,73237,G,A,1,,NA
chrXVI,91333,A,G,1,IQG1,NA
chrXVI,144689,AGGAAACGTCGGAAACGTCGGAAACGTCGGAAACGTC,AGGAAACGTCGGAAACGTCGGAAACGTC,4,YPL216W,-0.07928
chrXVI,173938,G,T,1,,NA
chrXVI,182577,A,T,1,,NA
chrXVI,191944,C,T,32,POS5,NA
chrXVI,192701,A,C,1,,NA
chrXVI,210780,A,T,1,,NA
chrXVI,212285,T,A,1,CBC2,0.015606666666666666
chrXVI,219706,A,T,1,,NA
chrXVI,256468,G,C,1,PRM4,-0.3439666666666667
chrXVI,270759,A,T,1,YPL150W,0.2960433333333333
chrXVI,283157,C,A,1,,NA
chrXVI,322787,T,A,1,VPS30,-0.15664
chrXVI,331895,A,T,1,,NA
chrXVI,434868,G,C,1,MFM1,-0.16495666666666667
chrXVI,436812,G,T,1,,NA
chrXVI,441575,C,CG,5,,NA
chrXVI,450457,G,T,1,,NA
chrXVI,481304,ATTTTTTTTTTTTT,ATTTTTTTTTTTT,5,,NA
chrXVI,481304,ATTTTTTTTTTTTT,"ATTTTTTTTTTTT,ATTTTTTTTTTT",1,,NA
chrXVI,486079,C,A,1,,NA
chrXVI,498861,G,A,1,ERG10,NA
chrXVI,502389,T,A,1,,NA
chrXVI,511482,C,A,1,ECM23,-0.0012933333333333314
chrXVI,514273,G,C,1,,NA
chrXVI,514462,G,T,1,,NA
chrXVI,529657,A,T,1,,NA
chrXVI,553434,C,A,1,,NA
chrXVI,576071,C,T,1,,NA
chrXVI,633810,G,T,1,,NA
chrXVI,633819,G,T,1,,NA
chrXVI,634009,G,C,1,,NA
chrXVI,641524,C,T,1,,NA
chrXVI,645883,A,T,1,,NA
chrXVI,650059,A,G,1,,NA
chrXVI,655108,C,A,1,,NA
chrXVI,667359,CG,C,1,SMK1,0.14428333333333335
chrXVI,667520,T,G,32,,NA
chrXVI,667976,A,G,1,SEC8,NA
chrXVI,668391,C,A,1,SEC8,NA
chrXVI,675913,G,T,1,,NA
chrXVI,677102,A,G,32,,NA
chrXVI,680970,C,G,1,,NA
chrXVI,700423,T,A,1,,NA
chrXVI,728499,C,A,1,YPR097W,0.07265
chrXVI,759400,T,G,32,RRG8,NA
chrXVI,771378,T,A,1,,NA
chrXVI,771476,A,G,1,,NA
chrXVI,776806,C,A,1,,NA
chrXVI,777030,C,A,1,,NA
chrXVI,817033,TG,T,1,KAR3,0.21029333333333333
chrXVI,829848,C,A,1,,NA
chrXVI,840061,A,T,1,,NA
chrXVI,856570,C,A,1,,NA
chrXVI,860056,G,T,1,,NA
chrXVI,890346,T,A,32,DPB2,NA
