#CHROM,POS,ID,REF,ALT,QUAL,FILTER,INFO,FORMAT,/home/rothlab/dtabet/MGY360/output/mgy11/mgy11_S102_R1_001_sorted.bam,CDS(Orientation)
chrI,3,.,ACAC,ACACAC,34.4679,.,"INDEL;IDV=3;IMF=0.6;DP=5;VDB=0.00231828;SGB=-0.511536;MQ0F=0;AF1=1;AC1=1;DP4=2,0,3,0;MQ=37;FQ=-999;PV4=1,1,1,0.39439",GT:PL,"1:72,3,0",N/A
chrI,19971,.,CTTT,"CCTTTT,CTTTT",184.468,.,"INDEL;IDV=116;IMF=0.899225;DP=129;VDB=0.995881;SGB=-0.693147;MQSB=0.264881;MQ0F=0.00775194;AF1=1;AC1=1;DP4=3,2,50,74;MQ=16;FQ=-999;PV4=0.400979,1,0.264273,1",GT:PL,"1:222,255,0,222,176,215",N/A
chrI,25340,.,C,A,163.006,.,"DP=113;VDB=0.000657038;SGB=-0.693147;MQSB=1.97421e-06;MQ0F=0.0530973;AF1=1;AC1=1;DP4=0,0,60,48;MQ=16;FQ=-999",GT:PL,"1:193,0",YAL063C(-)
chrI,25488,.,G,A,22.0319,.,"DP=187;VDB=0.0641773;SGB=-0.693147;RPB=0.00665216;MQB=0.125493;MQSB=0.00463729;BQB=0.277356;MQ0F=0.139037;AF1=0.543032;AC1=1;DP4=7,46,6,112;MQ=17;FQ=-999;PV4=0.113869,0.286054,0.0426018,0.265945",GT:PL,"1:60,8",YAL063C(-)
chrI,25497,.,G,A,147.006,.,"DP=160;VDB=0.000186737;SGB=-0.693147;RPB=0.0457813;MQB=0.00420769;MQSB=0.00764914;BQB=0.396065;MQ0F=0.15625;AF1=1;AC1=1;DP4=3,8,8,135;MQ=17;FQ=-999;PV4=0.0328836,2.199e-06,1,1",GT:PL,"1:177,0",YAL063C(-)
chrI,25509,.,G,A,61.0051,.,"DP=128;VDB=0.00032681;SGB=-0.693147;RPB=0.00506631;MQB=0.128118;MQSB=0.0415916;BQB=0.549721;MQ0F=0.125;AF1=1;AC1=1;DP4=3,3,0,89;MQ=17;FQ=-999;PV4=0.000144493,2.12197e-08,1,1",GT:PL,"1:91,0",YAL063C(-)
chrI,25536,.,G,A,91.0055,.,"DP=129;VDB=0.948722;SGB=-0.693147;RPB=1.32414e-06;MQB=3.6086e-07;MQSB=8.08161e-08;BQB=0.997825;MQ0F=0.0930233;AF1=1;AC1=1;DP4=27,0,1,87;MQ=16;FQ=-999;PV4=1.93332e-25,0.157105,1,1",GT:PL,"1:121,0",YAL063C(-)
chrI,25542,.,A,G,91.0055,.,"DP=142;VDB=0.476186;SGB=-0.693147;RPB=0.00650009;MQB=9.2645e-08;MQSB=2.10801e-08;BQB=0.00251621;MQ0F=0.0985916;AF1=1;AC1=1;DP4=30,0,1,94;MQ=16;FQ=-999;PV4=4.51175e-28,0.00069872,1,1",GT:PL,"1:121,0",YAL063C(-)
chrI,25560,.,G,A,102.006,.,"DP=169;VDB=4.13327e-07;SGB=-0.693147;RPB=0.607244;MQB=2.52394e-12;MQSB=2.27167e-14;BQB=0.737062;MQ0F=0.0828402;AF1=1;AC1=1;DP4=42,2,3,119;MQ=14;FQ=-999;PV4=3.00706e-33,0.413954,1,0.415642",GT:PL,"1:132,0",YAL063C(-)
chrI,25584,.,A,G,102.006,.,"DP=240;VDB=0.0483857;SGB=-0.693147;RPB=0.415677;MQB=2.34206e-18;MQSB=1.38037e-24;BQB=0.346074;MQ0F=0.0875;AF1=1;AC1=1;DP4=67,3,10,151;MQ=12;FQ=-999;PV4=3.33509e-43,0.005243,1,1",GT:PL,"1:132,0",YAL063C(-)
chrI,26412,.,G,C,6.19669,.,"DP=117;VDB=0.420608;SGB=-0.693147;RPB=1;MQB=1;MQSB=1.90782e-06;BQB=1;MQ0F=0.0512821;AF1=1;AC1=1;DP4=0,1,53,62;MQ=5;FQ=-999;PV4=1,1,1,1",GT:PL,"1:35,0",YAL063C(-)
chrI,26778,.,C,T,17.0903,.,"DP=171;VDB=0.00377295;SGB=-0.693147;RPB=0.91522;MQB=1;MQSB=0.315371;BQB=0.568233;MQ0F=0.134503;AF1=1;AC1=1;DP4=27,36,89,13;MQ=6;FQ=-999;PV4=2.16938e-09,0.0200556,1,1",GT:PL,"1:47,0",YAL063C(-)
chrI,26793,.,A,G,4.12714,.,"DP=225;VDB=8.11908e-08;SGB=-0.693147;RPB=0.833973;MQB=0.386625;MQSB=0.3008;BQB=0.98779;MQ0F=0.124444;AF1=1;AC1=1;DP4=71,87,48,6;MQ=6;FQ=-999;PV4=4.70286e-09,0.334824,1,1",GT:PL,"1:32,0",YAL063C(-)
chrI,26970,.,G,A,16.1122,.,"DP=201;VDB=4.24646e-09;SGB=-0.693147;RPB=1.42965e-08;MQB=0.00260687;MQSB=0.0611888;BQB=0.383214;MQ0F=0.263682;AF1=1;AC1=1;DP4=20,78,80,7;MQ=9;FQ=-999;PV4=1.37821e-24,1,1,1",GT:PL,"1:46,0",YAL063C(-)
chrI,26973,.,A,G,22.0319,.,"DP=198;VDB=2.70623e-11;SGB=-0.693147;RPB=2.85106e-11;MQB=0.546447;MQSB=0.0885291;BQB=0.246925;MQ0F=0.267677;AF1=1;AC1=1;DP4=7,71,94,6;MQ=9;FQ=-999;PV4=6.95468e-34,1,1,1",GT:PL,"1:52,0",YAL063C(-)
chrI,26974,.,A,G,20.0478,.,"DP=197;VDB=3.20909e-09;SGB=-0.693147;RPB=5.69587e-06;MQB=0.00132554;MQSB=0.087397;BQB=0.328738;MQ0F=0.269036;AF1=1;AC1=1;DP4=21,69,80,6;MQ=9;FQ=-999;PV4=1.10311e-22,1,1,1",GT:PL,"1:50,0",YAL063C(-)
chrI,26981,.,T,C,27.0133,.,"DP=196;VDB=4.48699e-11;SGB=-0.693147;RPB=8.30674e-09;MQB=0.879814;MQSB=0.0737874;BQB=0.142253;MQ0F=0.311224;AF1=1;AC1=1;DP4=7,62,103,10;MQ=9;FQ=-999;PV4=9.9503e-30,1,1,1",GT:PL,"1:57,0",YAL063C(-)
chrI,26982,.,G,A,26.0156,.,"DP=196;VDB=4.31247e-11;SGB=-0.693147;RPB=3.78307e-09;MQB=0.879814;MQSB=0.0737874;BQB=0.997161;MQ0F=0.311224;AF1=1;AC1=1;DP4=7,62,103,10;MQ=9;FQ=-999;PV4=9.9503e-30,1,1,1",GT:PL,"1:56,0",YAL063C(-)
chrI,26983,.,T,G,27.0133,.,"DP=216;VDB=6.16612e-11;SGB=-0.693147;RPB=2.13283e-09;MQB=0.879814;MQSB=0.0737874;BQB=0.250811;MQ0F=0.282407;AF1=1;AC1=1;DP4=7,62,103,10;MQ=9;FQ=-999;PV4=9.9503e-30,1,1,1",GT:PL,"1:57,0",YAL063C(-)
chrI,27027,.,A,T,66.0052,.,"DP=183;VDB=4.45967e-06;SGB=-0.693147;RPB=0.0375062;MQB=0.626073;MQSB=0.000107723;BQB=0.166914;MQ0F=0.360656;AF1=1;AC1=1;DP4=2,36,110,21;MQ=13;FQ=-999;PV4=1.38985e-19,1,1,1",GT:PL,"1:96,0",YAL063C(-)
chrI,27035,.,T,C,61.0051,.,"DP=170;VDB=1.31629e-18;SGB=-0.693147;RPB=6.74228e-07;MQB=0.648467;MQSB=1.40064e-06;BQB=0.376844;MQ0F=0.294118;AF1=1;AC1=1;DP4=1,47,84,23;MQ=13;FQ=-999;PV4=4.86888e-21,1,1,1",GT:PL,"1:91,0",YAL063C(-)
chrI,27036,.,G,A,70.0052,.,"DP=170;VDB=3.19657e-17;SGB=-0.693147;RPB=1.80959e-06;MQB=0.654551;MQSB=1.40064e-06;BQB=0.681409;MQ0F=0.294118;AF1=1;AC1=1;DP4=1,46,84,24;MQ=13;FQ=-999;PV4=2.14614e-20,1,1,1",GT:PL,"1:100,0",YAL063C(-)
chrI,27044,.,C,T,68.0052,.,"DP=158;VDB=4.15394e-11;SGB=-0.693147;RPB=5.04444e-10;MQB=0.206127;MQSB=2.58089e-08;BQB=0.000397968;MQ0F=0.278481;AF1=1;AC1=1;DP4=0,53,77,23;MQ=13;FQ=-999;PV4=3.39257e-23,1,1,1",GT:PL,"1:98,0",YAL063C(-)
chrI,27099,.,T,"C,A",76.0053,.,"DP=149;VDB=5.04474e-12;SGB=-0.693147;RPB=1.72214e-19;MQB=0.180526;MQSB=3.2271e-13;BQB=0.000915047;MQ0F=0.38255;AF1=1;AC1=1;DP4=3,58,32,52;MQ=13;FQ=-999;PV4=1.43933e-06,1.41942e-06,1,0.189308",GT:PL,"1:106,0,101",YAL063C(-)
chrI,27105,.,A,G,103.006,.,"DP=165;VDB=2.60409e-16;SGB=-0.693147;RPB=1.31866e-21;MQB=0.715593;MQSB=8.5521e-14;BQB=0.0683215;MQ0F=0.363636;AF1=1;AC1=1;DP4=2,44,34,80;MQ=13;FQ=-999;PV4=0.000270374,0.0019284,1,1",GT:PL,"1:133,0",YAL063C(-)
chrI,27126,.,T,C,210.007,.,"DP=181;VDB=5.18728e-09;SGB=-0.693147;RPB=2.78878e-14;MQB=3.0434e-05;MQSB=1.75056e-15;BQB=0.243202;MQ0F=0.342541;AF1=1;AC1=1;DP4=2,25,42,103;MQ=18;FQ=-999;PV4=0.0166793,1,1,1",GT:PL,"1:240,0",YAL063C(-)
chrI,27129,.,C,G,220.007,.,"DP=175;VDB=2.27242e-05;SGB=-0.693147;RPB=1.35865e-05;MQB=0.302112;MQSB=8.63616e-16;BQB=0.656169;MQ0F=0.337143;AF1=1;AC1=1;DP4=0,8,43,118;MQ=18;FQ=-999;PV4=0.204801,0.422895,1,1",GT:PL,"1:250,0",YAL063C(-)
chrI,41475,.,G,T,225.007,.,"DP=223;VDB=0.998628;SGB=-0.693147;MQSB=0.972622;MQ0F=0;AF1=1;AC1=1;DP4=0,0,57,140;MQ=42;FQ=-999",GT:PL,"1:255,0",YAL056W(+)
chrI,141030,.,T,A,192.007,.,"DP=81;VDB=0.0625118;SGB=-0.693147;MQSB=8.43952e-05;MQ0F=0;AF1=1;AC1=1;DP4=0,0,67,7;MQ=26;FQ=-999",GT:PL,"1:222,0","YAL005C(-),YAL004W(+)"
chrI,141135,.,A,T,225.007,.,"DP=92;VDB=0.984975;SGB=-0.693147;MQSB=7.39838e-08;MQ0F=0;AF1=1;AC1=1;DP4=0,0,74,16;MQ=32;FQ=-999",GT:PL,"1:255,0","YAL005C(-),YAL004W(+)"
chrI,183387,.,ACC,AC,217.469,.,"INDEL;IDV=118;IMF=0.991597;DP=119;VDB=3.81287e-08;SGB=-0.693147;MQSB=0.985269;MQ0F=0.00840336;AF1=1;AC1=1;DP4=1,7,68,43;MQ=23;FQ=-999;PV4=0.00947269,1,1,0.422013",GT:PL,"1:255,237,0",N/A
chrI,199811,.,T,G,225.007,.,"DP=84;VDB=0.771269;SGB=-0.693147;MQSB=0.628016;MQ0F=0;AF1=1;AC1=1;DP4=0,0,52,26;MQ=41;FQ=-999",GT:PL,"1:255,0",N/A
chrI,205499,.,C,G,16.1122,.,"DP=56;VDB=0.00122351;SGB=-0.693147;MQ0F=0.0357143;AF1=1;AC1=1;DP4=0,0,55,0;MQ=10;FQ=-999",GT:PL,"1:46,0",YAR050W(+)
chrI,205519,.,C,A,29.0102,.,"DP=78;VDB=0.00784495;SGB=-0.693147;RPB=0.201624;MQB=0.0894375;MQSB=0.138158;BQB=0.0175748;MQ0F=0.0384615;AF1=1;AC1=1;DP4=3,1,73,1;MQ=12;FQ=-999;PV4=0.100566,1,1,1",GT:PL,"1:59,0",YAR050W(+)
chrI,206126,.,T,C,33.0069,.,"DP=37;VDB=1.15643e-13;SGB=-0.693136;MQSB=0.965702;MQ0F=0.0540541;AF1=1;AC1=1;DP4=0,0,9,26;MQ=8;FQ=-999",GT:PL,"1:63,0",YAR050W(+)
chrI,206129,.,A,C,22.0319,.,"DP=30;VDB=1.81748e-08;SGB=-0.693021;RPB=1;MQB=1;MQSB=0.977732;BQB=1;MQ0F=0.0666667;AF1=1;AC1=1;DP4=1,0,6,21;MQ=8;FQ=-999;PV4=0.25,1,1,8.4594e-05",GT:PL,"1:52,0",YAR050W(+)
chrI,206132,.,G,T,22.0319,.,"DP=26;VDB=1.70987e-07;SGB=-0.692831;MQSB=0.987474;MQ0F=0.0384615;AF1=1;AC1=1;DP4=0,0,7,17;MQ=7;FQ=-999",GT:PL,"1:52,0",YAR050W(+)
chrI,206177,.,G,C,30.0091,.,"DP=79;VDB=1.53374e-11;SGB=-0.693147;MQSB=0.351354;MQ0F=0.0759494;AF1=1;AC1=1;DP4=0,0,46,33;MQ=8;FQ=-999",GT:PL,"1:60,0",YAR050W(+)
chrI,206178,.,C,A,29.0102,.,"DP=80;VDB=1.79147e-11;SGB=-0.693147;MQSB=0.351354;MQ0F=0.075;AF1=1;AC1=1;DP4=0,0,46,33;MQ=8;FQ=-999",GT:PL,"1:59,0",YAR050W(+)
chrI,206179,.,A,C,33.0069,.,"DP=84;VDB=1.59508e-11;SGB=-0.693147;MQSB=0.351354;MQ0F=0.0714286;AF1=1;AC1=1;DP4=0,0,46,33;MQ=8;FQ=-999",GT:PL,"1:63,0",YAR050W(+)
chrI,210818,.,A,T,138.006,.,"DP=127;VDB=0.000217496;SGB=-0.693147;MQSB=0.000114919;MQ0F=0;AF1=1;AC1=1;DP4=0,0,15,104;MQ=14;FQ=-999",GT:PL,"1:168,0",N/A
chrI,211019,.,T,C,119.006,.,"DP=117;VDB=0.000160556;SGB=-0.693147;RPB=0.203298;MQB=0.000143445;MQSB=1.51173e-09;BQB=0.362609;MQ0F=0;AF1=1;AC1=1;DP4=7,0,41,64;MQ=13;FQ=-999;PV4=0.00203239,0.00430968,1,0.0684088",GT:PL,"1:149,0",N/A
chrII,6440,.,G,C,178.007,.,"DP=135;VDB=0.0948171;SGB=-0.693147;MQSB=0.00680617;MQ0F=0.00740741;AF1=1;AC1=1;DP4=0,0,35,91;MQ=17;FQ=-999",GT:PL,"1:208,0",N/A
chrII,7510,.,G,"A,T",113.006,.,"DP=51;VDB=0.988046;SGB=-0.693147;MQSB=0.321623;MQ0F=0;AF1=1;AC1=1;DP4=0,0,15,32;MQ=15;FQ=-999",GT:PL,"1:143,0,127",N/A
chrII,7511,.,G,A,128.006,.,"DP=51;VDB=0.987526;SGB=-0.693147;MQSB=0.321623;MQ0F=0;AF1=1;AC1=1;DP4=0,0,15,32;MQ=15;FQ=-999",GT:PL,"1:158,0",N/A
chrII,15101,.,T,G,225.007,.,"DP=111;VDB=0.96189;SGB=-0.693147;MQSB=0.989028;MQ0F=0;AF1=1;AC1=1;DP4=0,0,59,46;MQ=42;FQ=-999",GT:PL,"1:255,0",YBL105C(-)
chrII,15510,.,G,T,225.007,.,"DP=114;VDB=0.201375;SGB=-0.693147;MQSB=0.993867;MQ0F=0;AF1=1;AC1=1;DP4=0,0,36,77;MQ=42;FQ=-999",GT:PL,"1:255,0",YBL105C(-)
chrII,15518,.,A,G,225.007,.,"DP=118;VDB=0.874517;SGB=-0.693147;MQSB=0.991488;MQ0F=0;AF1=1;AC1=1;DP4=0,0,42,67;MQ=42;FQ=-999",GT:PL,"1:255,0",YBL105C(-)
chrII,16380,.,C,T,225.007,.,"DP=112;VDB=0.109554;SGB=-0.693147;MQSB=0.999955;MQ0F=0;AF1=1;AC1=1;DP4=0,0,43,64;MQ=42;FQ=-999",GT:PL,"1:255,0",YBL105C(-)
chrII,16392,.,A,G,225.007,.,"DP=111;VDB=0.435958;SGB=-0.693147;MQSB=0.99963;MQ0F=0;AF1=1;AC1=1;DP4=0,0,42,60;MQ=42;FQ=-999",GT:PL,"1:255,0",YBL105C(-)
chrII,30012,.,C,T,26.0156,.,"DP=124;VDB=5.11056e-08;SGB=-0.693147;MQSB=0.316994;MQ0F=0;AF1=1;AC1=1;DP4=0,0,98,22;MQ=9;FQ=-999",GT:PL,"1:56,0","YBL100W-A(+),YBL100W-B(+)"
chrII,30050,.,A,G,48.005,.,"DP=84;VDB=0.0661947;SGB=-0.693147;RPB=0.0299366;MQB=0.000984795;MQSB=0.258382;BQB=0.611214;MQ0F=0;AF1=1;AC1=1;DP4=4,3,26,44;MQ=9;FQ=-999;PV4=0.421399,0.00625813,1,1",GT:PL,"1:78,0","YBL100W-A(+),YBL100W-B(+)"
chrII,35485,.,C,T,211.007,.,"DP=68;VDB=2.82294e-08;SGB=-0.693147;MQSB=3.75038e-05;MQ0F=0;AF1=1;AC1=1;DP4=0,0,52,9;MQ=32;FQ=-999",GT:PL,"1:241,0",N/A
chrII,59755,.,T,C,225.007,.,"DP=87;VDB=0.526598;SGB=-0.693147;MQSB=1;MQ0F=0;AF1=1;AC1=1;DP4=0,0,40,41;MQ=42;FQ=-999",GT:PL,"1:255,0",N/A
chrII,88484,.,GGAGAAGAGAAGA,GGAGAAGA,217.469,.,"INDEL;IDV=170;IMF=0.918919;DP=185;VDB=7.50659e-11;SGB=-0.693147;MQSB=0.19162;MQ0F=0;AF1=1;AC1=1;DP4=3,8,161,13;MQ=39;FQ=-999;PV4=9.38568e-07,1,1,1",GT:PL,"1:255,255,0",N/A
chrII,221288,.,AGTGT,AGT,163.468,.,"INDEL;IDV=12;IMF=0.6;DP=20;VDB=0.229504;SGB=-0.689466;MQSB=0.0396807;MQ0F=0;AF1=1;AC1=1;DP4=3,1,0,16;MQ=37;FQ=-999;PV4=0.00350877,1,1,1",GT:PL,"1:201,23,0",N/A
chrII,259764,.,C,T,158.006,.,"DP=31;VDB=0.882645;SGB=-0.693021;MQSB=1;MQ0F=0;AF1=1;AC1=1;DP4=0,0,1,26;MQ=41;FQ=-999",GT:PL,"1:188,0",N/A
chrII,263168,.,CG,C,41.4668,.,"INDEL;IDV=20;IMF=0.8;DP=25;VDB=1.89763e-07;SGB=-0.692067;MQSB=0.998305;MQ0F=0;AF1=1;AC1=1;DP4=5,0,12,8;MQ=12;FQ=-999;PV4=0.139921,1,1,0.0253982",GT:PL,"1:79,28,0",YBR012W-B(+)
chrII,265382,.,G,T,174.007,.,"DP=31;VDB=0.647961;SGB=-0.69311;MQSB=1;MQ0F=0.0322581;AF1=1;AC1=1;DP4=0,0,30,1;MQ=40;FQ=-999",GT:PL,"1:204,0",N/A
chrII,383176,.,CGG,CGGG,217.469,.,"INDEL;IDV=92;IMF=0.901961;DP=102;VDB=0.247603;SGB=-0.693147;MQSB=0.997001;MQ0F=0;AF1=1;AC1=1;DP4=2,2,43,55;MQ=42;FQ=-999;PV4=1,1,1,1",GT:PL,"1:255,228,0",YBR073W(+)
chrII,389421,.,GCTCTCT,GCTCT,217.469,.,"INDEL;IDV=54;IMF=0.947368;DP=57;VDB=0.0707358;SGB=-0.693147;MQSB=0.961917;MQ0F=0;AF1=1;AC1=1;DP4=0,1,22,34;MQ=39;FQ=-999;PV4=1,1,1,1",GT:PL,"1:255,154,0",N/A
chrII,389429,.,C,G,25.0184,.,"DP=61;VDB=0.02;SGB=-0.453602;MQ0F=0;AF1=1;AC1=1;DP4=0,0,0,2;MQ=42;FQ=-999",GT:PL,"1:55,0",N/A
chrII,389430,.,G,C,25.0184,.,"DP=61;VDB=0.02;SGB=-0.453602;MQ0F=0;AF1=1;AC1=1;DP4=0,0,0,2;MQ=42;FQ=-999",GT:PL,"1:55,0",N/A
chrII,746362,.,CATCTGCAATCTGCAATCT,CATCTGCAATCT,180.468,.,"INDEL;IDV=81;IMF=0.642857;DP=126;VDB=0.869365;SGB=-0.693147;MQSB=0.810595;MQ0F=0;AF1=0.50005;AC1=1;DP4=11,7,89,19;MQ=39;FQ=-999;PV4=0.0564658,1,0.0101934,1",GT:PL,"1:255,0,37",YBR272C(-)
chrIII,84421,.,G,A,218.007,.,"DP=92;VDB=0.0353609;SGB=-0.693021;RPB=0.882426;MQB=5.46179e-10;MQSB=0.303505;BQB=0.00589019;MQ0F=0;AF1=1;AC1=1;DP4=24,21,19,8;MQ=25;FQ=-999;PV4=0.21537,7.6194e-05,1,1",GT:PL,"1:248,0",N/A
chrIII,84780,.,A,T,139.006,.,"DP=16;VDB=1.10924e-05;SGB=-0.686358;MQ0F=0;AF1=1;AC1=1;DP4=0,0,0,14;MQ=41;FQ=-999",GT:PL,"1:169,0",N/A
chrIII,143131,.,T,C,225.007,.,"DP=100;VDB=0.502856;SGB=-0.693147;MQSB=0.991131;MQ0F=0;AF1=1;AC1=1;DP4=0,0,58,31;MQ=42;FQ=-999",GT:PL,"1:255,0",N/A
chrIII,148615,.,C,T,50.005,.,"DP=5;VDB=0.0332048;SGB=-0.590765;MQ0F=0;AF1=1;AC1=1;DP4=0,0,0,5;MQ=32;FQ=-999",GT:PL,"1:80,0",YCR018C(-)
chrIII,151554,.,TA,TAA,25.4786,.,"INDEL;IDV=5;IMF=1;DP=5;VDB=0.332598;SGB=-0.590765;MQ0F=0;AF1=1;AC1=1;DP4=0,0,5,0;MQ=26;FQ=-999",GT:PL,"1:63,15,0",N/A
chrIII,151628,.,A,T,113.006,.,"DP=108;VDB=0.0251341;SGB=-0.69311;RPB=0.656016;MQB=4.8547e-13;BQB=0.000266947;MQ0F=0;AF1=1;AC1=1;DP4=50,0,31,0;MQ=20;FQ=-999;PV4=1,4.66271e-07,1,0.0402606",GT:PL,"1:143,0",YCR018C-A(-)
chrIII,151645,.,G,A,84.0054,.,"DP=109;VDB=0.249284;SGB=-0.693054;RPB=0.103829;MQB=1.95045e-12;MQSB=0.641026;BQB=2.84574e-06;MQ0F=0;AF1=1;AC1=1;DP4=50,2,28,0;MQ=19;FQ=-999;PV4=0.53924,1.14571e-09,1,1",GT:PL,"1:114,0",YCR018C-A(-)
chrIII,151646,.,T,C,109.006,.,"DP=106;VDB=0.244637;SGB=-0.693054;RPB=0.320757;MQB=1.95045e-12;MQSB=0.379879;BQB=0.00309543;MQ0F=0;AF1=1;AC1=1;DP4=47,5,28,0;MQ=19;FQ=-999;PV4=0.156487,2.15668e-06,1,1",GT:PL,"1:139,0",YCR018C-A(-)
chrIII,162361,.,T,C,225.007,.,"DP=95;VDB=0.255854;SGB=-0.693147;MQSB=0.552892;MQ0F=0;AF1=1;AC1=1;DP4=0,0,9,80;MQ=42;FQ=-999",GT:PL,"1:255,0",N/A
chrIII,162396,.,G,C,225.007,.,"DP=75;VDB=0.00648262;SGB=-0.693147;MQSB=0.317959;MQ0F=0;AF1=1;AC1=1;DP4=0,0,16,55;MQ=42;FQ=-999",GT:PL,"1:255,0",N/A
chrIII,162640,.,T,G,225.007,.,"DP=125;VDB=2.82449e-16;SGB=-0.693147;MQSB=0.993001;MQ0F=0;AF1=1;AC1=1;DP4=0,0,91,27;MQ=42;FQ=-999",GT:PL,"1:255,0",YCR024C-B(-)
chrIII,162694,.,G,A,225.007,.,"DP=109;VDB=0.000330946;SGB=-0.693147;MQSB=0.866919;MQ0F=0;AF1=1;AC1=1;DP4=0,0,66,33;MQ=41;FQ=-999",GT:PL,"1:255,0",YCR024C-B(-)
chrIII,162712,.,TAAAAAAAAAA,TAAAAAAAAA,19.515,.,"INDEL;IDV=114;IMF=0.942149;DP=121;VDB=5.50948e-06;SGB=-0.693147;MQSB=0.671956;MQ0F=0;AF1=1;AC1=1;DP4=7,5,68,41;MQ=41;FQ=-999;PV4=0.764763,1,1,1",GT:PL,"1:57,0",YCR024C-B(-)
chrIII,163059,.,T,C,225.007,.,"DP=149;VDB=0.985319;SGB=-0.693147;MQSB=0.665799;MQ0F=0;AF1=1;AC1=1;DP4=0,0,63,78;MQ=42;FQ=-999",GT:PL,"1:255,0",YCR024C-A(-)
chrIII,163192,.,ATTT,ATTTT,40.4669,.,"INDEL;IDV=108;IMF=0.955752;DP=113;VDB=0.00310275;SGB=-0.693147;MQSB=0.864546;MQ0F=0;AF1=0.5;AC1=1;DP4=6,23,19,65;MQ=41;FQ=-999;PV4=1,1,1,1",GT:PL,"1:224,0,146",N/A
chrIII,199081,.,G,A,119.006,.,"DP=121;VDB=0.050932;SGB=-0.693147;RPB=0.977135;MQB=6.46458e-06;MQSB=0.0444233;BQB=0.912829;MQ0F=0.00826446;AF1=1;AC1=1;DP4=22,16,23,51;MQ=15;FQ=-999;PV4=0.00818387,0.136585,1,1",GT:PL,"1:149,0",YCR038C(-)
chrIV,130,.,CACA,C,85.467,.,"INDEL;IDV=27;IMF=0.6;DP=45;VDB=6.23072e-06;SGB=-0.692976;MQSB=0.0391065;MQ0F=0.222222;AF1=1;AC1=1;DP4=16,3,24,2;MQ=18;FQ=-999;PV4=0.636098,1,1,1",GT:PL,"1:123,8,0",N/A
chrIV,403511,.,GTTTTTTTTT,"GTTTTTTTTTT,GTTTTTTTTTTT",42.4667,.,"INDEL;IDV=79;IMF=0.814433;DP=97;VDB=0.0180802;SGB=-0.693147;MQSB=0.978425;MQ0F=0;AF1=1;AC1=1;DP4=10,2,47,38;MQ=42;FQ=-999;PV4=0.114524,1,1,1",GT:PL,"1:80,138,0,104,233,79",N/A
chrIV,736999,.,T,A,225.007,.,"DP=114;VDB=0.346625;SGB=-0.693147;MQSB=1;MQ0F=0;AF1=1;AC1=1;DP4=0,0,37,69;MQ=42;FQ=-999",GT:PL,"1:255,0",YDR141C(-)
chrIV,757631,.,G,"C,T",180.007,.,"DP=191;VDB=6.11595e-05;SGB=-0.693147;MQSB=0.519326;MQ0F=0.0104712;AF1=1;AC1=1;DP4=0,0,99,92;MQ=17;FQ=-999",GT:PL,"1:210,0,176",YDR150W(+)
chrIV,758310,.,T,"C,A",81.0054,.,"DP=111;VDB=0.000832262;SGB=-0.693147;MQSB=0.0181435;MQ0F=0.018018;AF1=1;AC1=1;DP4=0,0,29,79;MQ=11;FQ=-999",GT:PL,"1:111,0,110",YDR150W(+)
chrIV,769328,.,G,A,225.007,.,"DP=103;VDB=0.441105;SGB=-0.693147;MQSB=0.917652;MQ0F=0;AF1=1;AC1=1;DP4=0,0,40,55;MQ=42;FQ=-999",GT:PL,"1:255,0",N/A
chrIV,783598,.,G,A,225.007,.,"DP=171;VDB=0.157346;SGB=-0.693147;MQSB=1;MQ0F=0;AF1=1;AC1=1;DP4=0,0,76,83;MQ=42;FQ=-999",GT:PL,"1:255,0",YDR164C(-)
chrIV,817531,.,TAAAAAAAAAA,TAAAAAAAAAAA,37.4672,.,"INDEL;IDV=99;IMF=0.792;DP=125;VDB=7.07723e-05;SGB=-0.693147;MQSB=0.857506;MQ0F=0;AF1=1;AC1=1;DP4=4,21,29,71;MQ=42;FQ=-999;PV4=0.215931,1,1,1",GT:PL,"1:75,0",N/A
chrIV,864219,.,A,G,225.007,.,"DP=126;VDB=0.133361;SGB=-0.693147;MQSB=1;MQ0F=0;AF1=1;AC1=1;DP4=0,0,72,49;MQ=42;FQ=-999",GT:PL,"1:255,0",YDR206W(+)
chrIV,880697,.,A,G,15.1396,.,"DP=210;VDB=0.000578563;SGB=-0.693147;RPB=0.99095;MQB=5.91558e-29;MQSB=2.55677e-30;BQB=0.890937;MQ0F=0;AF1=1;AC1=1;DP4=6,95,99,8;MQ=11;FQ=-999;PV4=3.1113e-41,1,1,0.081025",GT:PL,"1:45,0",YDR210C-D(-)
chrIV,987244,.,G,A,221.007,.,"DP=116;VDB=6.0699e-05;SGB=-0.693147;RPB=0.26231;MQB=7.38674e-16;MQSB=0.0062813;BQB=0.371039;MQ0F=0.00862069;AF1=0.624261;AC1=1;DP4=44,6,31,25;MQ=29;FQ=-999;PV4=0.000244393,0.00258574,1,0.193191",GT:PL,"1:255,4",N/A
chrIV,1150910,.,AGG,AGGG,217.469,.,"INDEL;IDV=74;IMF=0.973684;DP=76;VDB=0.204611;SGB=-0.693147;MQSB=0.977438;MQ0F=0;AF1=1;AC1=1;DP4=0,1,41,34;MQ=42;FQ=-999;PV4=0.460526,1,1,1",GT:PL,"1:255,204,0",YDR340W(+)
chrIV,1185130,.,C,A,225.007,.,"DP=157;VDB=0.914419;SGB=-0.693147;MQSB=0.993419;MQ0F=0;AF1=1;AC1=1;DP4=0,0,86,53;MQ=42;FQ=-999",GT:PL,"1:255,0",YDR354W(+)
chrIV,1253397,.,T,C,225.007,.,"DP=128;VDB=0.00244876;SGB=-0.693147;MQSB=0.967846;MQ0F=0;AF1=1;AC1=1;DP4=0,0,87,33;MQ=42;FQ=-999",GT:PL,"1:255,0",YDR389W(+)
chrIV,1305680,.,TGG,TG,217.469,.,"INDEL;IDV=50;IMF=0.961538;DP=52;VDB=0.937309;SGB=-0.693147;MQSB=0.954826;MQ0F=0;AF1=1;AC1=1;DP4=0,1,40,11;MQ=41;FQ=-999;PV4=0.230769,1,0.421882,1",GT:PL,"1:255,139,0",N/A
chrIV,1402305,.,C,T,225.007,.,"DP=152;VDB=0.867538;SGB=-0.693147;MQSB=0.549194;MQ0F=0;AF1=1;AC1=1;DP4=0,0,74,69;MQ=40;FQ=-999",GT:PL,"1:255,0",YDR471W(+)
chrIV,1433710,.,A,T,225.007,.,"DP=116;VDB=0.0540362;SGB=-0.693147;MQSB=1;MQ0F=0;AF1=1;AC1=1;DP4=0,0,63,39;MQ=42;FQ=-999",GT:PL,"1:255,0",YDR490C(-)
chrIV,1524974,.,A,G,213.007,.,"DP=135;VDB=0.969588;SGB=-0.693147;MQSB=0.278186;MQ0F=0;AF1=1;AC1=1;DP4=0,0,39,81;MQ=21;FQ=-999",GT:PL,"1:243,0",N/A
chrIV,1525313,.,T,G,173.007,.,"DP=59;VDB=1.28963e-07;SGB=-0.693147;MQSB=0.553056;MQ0F=0.0508475;AF1=1;AC1=1;DP4=0,0,3,55;MQ=22;FQ=-999",GT:PL,"1:203,0",YDR544C(-)
chrIV,1525335,.,C,G,147.006,.,"DP=49;VDB=2.17384e-08;SGB=-0.693147;MQSB=0.670213;MQ0F=0.0612245;AF1=1;AC1=1;DP4=0,0,2,47;MQ=22;FQ=-999",GT:PL,"1:177,0",YDR544C(-)
chrIV,1525340,.,C,"A,T",122.006,.,"DP=47;VDB=1.04895e-08;SGB=-0.693147;MQSB=0.677778;MQ0F=0.0638298;AF1=1;AC1=1;DP4=0,0,2,45;MQ=22;FQ=-999",GT:PL,"1:152,0,151",YDR544C(-)
chrIV,1525345,.,C,G,88.0055,.,"DP=33;VDB=8.18751e-10;SGB=-0.693097;MQSB=1;MQ0F=0.0909091;AF1=1;AC1=1;DP4=0,0,1,29;MQ=18;FQ=-999",GT:PL,"1:118,0",YDR544C(-)
chrIV,1525351,.,C,G,87.0054,.,"DP=28;VDB=4.92321e-11;SGB=-0.692562;MQSB=1;MQ0F=0.107143;AF1=1;AC1=1;DP4=0,0,1,21;MQ=19;FQ=-999",GT:PL,"1:117,0",YDR544C(-)
chrIV,1525357,.,C,G,73.0053,.,"DP=22;VDB=9.28626e-09;SGB=-0.688148;MQ0F=0.0909091;AF1=1;AC1=1;DP4=0,0,0,15;MQ=20;FQ=-999",GT:PL,"1:103,0",YDR544C(-)
chrIV,1525363,.,C,G,14.1739,.,"DP=14;VDB=0.00490645;SGB=-0.590765;MQ0F=0.0714286;AF1=1;AC1=1;DP4=0,0,0,5;MQ=21;FQ=-999",GT:PL,"1:44,0",YDR544C(-)
chrV,31696,.,ATG,A,20.5051,.,"INDEL;IDV=3;IMF=0.6;DP=5;VDB=0.00558877;SGB=-0.511536;MQSB=1;MQ0F=0;AF1=1;AC1=1;DP4=0,2,1,2;MQ=28;FQ=-999;PV4=1,1,1,0.189109",GT:PL,"1:58,3,0",YEL063C(-)
chrV,33466,.,TTG,TTGGGTCTG,60.4667,.,"INDEL;IDV=5;IMF=0.833333;DP=6;VDB=0.00179277;SGB=-0.616816;MQ0F=0;AF1=1;AC1=1;DP4=0,0,6,0;MQ=25;FQ=-999",GT:PL,"1:98,18,0",YEL063C(-)
chrV,48384,.,T,C,225.007,.,"DP=149;VDB=0.15481;SGB=-0.693147;MQSB=1;MQ0F=0;AF1=1;AC1=1;DP4=0,0,93,36;MQ=42;FQ=-999",GT:PL,"1:255,0",N/A
chrV,115948,.,T,TCCCGGGAA,5.0803,.,"INDEL;IDV=3;IMF=0.75;DP=4;VDB=0.0230159;SGB=-0.511536;MQSB=1;MQ0F=0.5;AF1=1;AC1=1;DP4=0,1,1,2;MQ=17;FQ=-999;PV4=1,1,1,0.0740741",GT:PL,"1:41,5,0",N/A
chrV,117045,.,A,AAGCT,115.467,.,"INDEL;IDV=15;IMF=0.833333;DP=18;VDB=2.83855e-10;SGB=-0.683931;MQ0F=0;AF1=1;AC1=1;DP4=5,0,13,0;MQ=28;FQ=-999;PV4=1,1,1,0.00477569",GT:PL,"1:153,15,0",N/A
chrV,154531,.,T,A,225.007,.,"DP=144;VDB=0.000142886;SGB=-0.693147;MQSB=0.951924;MQ0F=0;AF1=1;AC1=1;DP4=0,0,64,72;MQ=42;FQ=-999",GT:PL,"1:255,0",YER001W(+)
chrV,352394,.,A,G,225.007,.,"DP=127;VDB=1.87451e-06;SGB=-0.693147;MQSB=0.999236;MQ0F=0;AF1=1;AC1=1;DP4=0,0,61,49;MQ=42;FQ=-999",GT:PL,"1:255,0",YER096W(+)
chrV,517529,.,T,C,225.007,.,"DP=162;VDB=0.000255822;SGB=-0.693147;MQSB=0.97936;MQ0F=0;AF1=1;AC1=1;DP4=0,0,130,24;MQ=42;FQ=-999",GT:PL,"1:255,0",N/A
chrVI,1732,.,T,C,6.19669,.,"DP=222;VDB=0.298507;SGB=-0.693147;RPB=0.034285;MQB=8.51112e-20;MQSB=2.39902e-13;BQB=0.945763;MQ0F=0;AF1=0.5;AC1=1;DP4=51,87,0,84;MQ=30;FQ=-999;PV4=4.81958e-13,0.0286235,1,1",GT:PL,"1:133,98",YFL066C(-)
chrVI,97864,.,CTTTTTTTTTT,"CTTTTTTTTTTTT,CTTTTTTTTTTTTT",92.4671,.,"INDEL;IDV=89;IMF=0.780702;DP=114;VDB=0.145789;SGB=-0.693147;MQSB=0.211015;MQ0F=0;AF1=1;AC1=1;DP4=14,0,82,18;MQ=41;FQ=-999;PV4=0.121303,1,1,1",GT:PL,"1:130,0,64",N/A
chrVI,270153,.,GGTGTGTG,GGTGTGGGTGTGTGTG,16.5631,.,"INDEL;IDV=4;IMF=0.444444;DP=9;VDB=0.000273358;SGB=-0.616816;MQ0F=0;AF1=0.5;AC1=1;DP4=0,3,0,6;MQ=37;FQ=-999;PV4=1,1,0.0852353,1",GT:PL,"1:114,0,60",N/A
chrVI,270157,.,TG,TGGGTGTGG,50.4666,.,"INDEL;IDV=2;IMF=0.285714;DP=7;VDB=0.000355303;SGB=-0.556411;MQ0F=0;AF1=0.533586;AC1=1;DP4=0,3,0,4;MQ=35;FQ=-999;PV4=1,1,1,1",GT:PL,"1:97,0,9",N/A
chrVII,9,.,ACACACACC,"ACACCACACACC,ACACCCACACCACACACC",32.4688,.,"INDEL;IDV=29;IMF=0.630435;DP=46;VDB=8.45773e-16;SGB=-0.692067;MQSB=1;MQ0F=0.0652174;AF1=0.5001;AC1=1;DP4=26,0,19,1;MQ=29;FQ=-999;PV4=0.434783,1,1,0.0991235",GT:PL,"1:124,54,123",N/A
chrVII,214,.,ACC,ACCC,217.469,.,"INDEL;IDV=132;IMF=0.910345;DP=145;VDB=0.515155;SGB=-0.693147;MQSB=1.42896e-11;MQ0F=0;AF1=1;AC1=1;DP4=3,6,75,61;MQ=24;FQ=-999;PV4=0.302743,1,1,1",GT:PL,"1:255,255,0",N/A
chrVII,8151,.,GA,GAA,54.4667,.,"INDEL;IDV=72;IMF=0.774194;DP=93;VDB=0.991704;SGB=-0.693147;MQSB=0.999701;MQ0F=0;AF1=1;AC1=1;DP4=1,2,30,60;MQ=10;FQ=-999;PV4=1,1,1,1",GT:PL,"1:92,229,0",N/A
chrVII,386978,.,C,G,225.007,.,"DP=133;VDB=0.00397873;SGB=-0.693147;MQSB=4.71443e-05;MQ0F=0;AF1=1;AC1=1;DP4=0,0,51,61;MQ=25;FQ=-999",GT:PL,"1:255,0",YGL062W(+)
chrVII,386979,.,G,C,225.007,.,"DP=134;VDB=0.00598258;SGB=-0.693147;MQSB=4.71443e-05;MQ0F=0;AF1=1;AC1=1;DP4=0,0,51,61;MQ=25;FQ=-999",GT:PL,"1:255,0",YGL062W(+)
chrVII,401674,.,C,A,225.007,.,"DP=67;VDB=0.336891;SGB=-0.693147;MQSB=0.0702798;MQ0F=0;AF1=1;AC1=1;DP4=0,0,11,53;MQ=41;FQ=-999",GT:PL,"1:255,0",N/A
chrVII,401698,.,T,A,225.007,.,"DP=64;VDB=0.956641;SGB=-0.693147;MQSB=0.0335412;MQ0F=0;AF1=1;AC1=1;DP4=0,0,12,48;MQ=40;FQ=-999",GT:PL,"1:255,0",N/A
chrVII,404935,.,C,G,150.006,.,"DP=34;VDB=9.57864e-05;SGB=-0.69312;MQSB=1;MQ0F=0;AF1=1;AC1=1;DP4=0,0,31,1;MQ=32;FQ=-999",GT:PL,"1:180,0",N/A
chrVII,404936,.,G,C,150.006,.,"DP=35;VDB=0.000113305;SGB=-0.69312;MQSB=1;MQ0F=0;AF1=1;AC1=1;DP4=0,0,31,1;MQ=32;FQ=-999",GT:PL,"1:180,0",N/A
chrVII,405085,.,CGG,CG,180.468,.,"INDEL;IDV=60;IMF=0.983607;DP=61;VDB=1.15375e-06;SGB=-0.693147;MQSB=4.76869e-05;MQ0F=0;AF1=1;AC1=1;DP4=1,2,50,8;MQ=37;FQ=-999;PV4=0.067102,1,1,1",GT:PL,"1:218,120,0",N/A
chrVII,496729,.,TAAAAAAAAAAAAA,TAAAAAAAAAAAAAA,10.8397,.,"INDEL;IDV=43;IMF=0.641791;DP=67;VDB=0.717645;SGB=-0.693147;MQSB=0.98998;MQ0F=0;AF1=1;AC1=1;DP4=8,11,13,35;MQ=41;FQ=-999;PV4=0.255088,1,1,1",GT:PL,"1:48,31,0",N/A
chrVII,923607,.,T,C,225.007,.,"DP=170;VDB=0.00632646;SGB=-0.693147;MQSB=0.842953;MQ0F=0;AF1=1;AC1=1;DP4=0,0,52,102;MQ=42;FQ=-999",GT:PL,"1:255,0",YGR216C(-)
chrVII,1006277,.,G,C,225.007,.,"DP=132;VDB=0.861134;SGB=-0.693147;RPB=1;MQB=1;MQSB=0.55658;BQB=1;MQ0F=0;AF1=1;AC1=1;DP4=0,1,46,70;MQ=41;FQ=-999;PV4=1,1,0.371921,1",GT:PL,"1:255,0",YGR257C(-)
chrVII,1006278,.,C,G,225.007,.,"DP=132;VDB=0.853804;SGB=-0.693147;RPB=1;MQB=1;MQSB=0.55658;BQB=1;MQ0F=0;AF1=1;AC1=1;DP4=0,1,46,70;MQ=41;FQ=-999;PV4=1,1,0.371921,1",GT:PL,"1:255,0",YGR257C(-)
chrVII,1006279,.,G,C,225.007,.,"DP=133;VDB=0.893702;SGB=-0.693147;RPB=1;MQB=1;MQSB=0.543928;BQB=1;MQ0F=0;AF1=1;AC1=1;DP4=0,1,46,71;MQ=41;FQ=-999;PV4=1,1,0.372496,1",GT:PL,"1:255,0",YGR257C(-)
chrVIII,1569,.,G,A,205.007,.,"DP=228;VDB=0.0353945;SGB=-0.693147;MQ0F=0.0438596;AF1=1;AC1=1;DP4=0,0,216,0;MQ=29;FQ=-999",GT:PL,"1:235,0",YHL050C(-)
chrVIII,1672,.,A,G,94.0055,.,"DP=249;VDB=0.00560204;SGB=-0.693147;RPB=0.945648;MQB=1.6198e-18;MQSB=3.77842e-18;BQB=0.0445984;MQ0F=0.0321285;AF1=1;AC1=1;DP4=39,43,161,2;MQ=25;FQ=-999;PV4=1.40947e-22,0.000911867,1,0.301284",GT:PL,"1:124,0",YHL050C(-)
chrVIII,1708,.,A,G,8.64278,.,"DP=248;VDB=0.91867;SGB=-0.693147;RPB=0.000837418;MQB=7.52431e-06;MQSB=0.00193322;BQB=4.75397e-07;MQ0F=0.0564516;AF1=0.50025;AC1=1;DP4=86,35,120,0;MQ=17;FQ=-999;PV4=3.26483e-12,1.31298e-10,1,1",GT:PL,"1:68,30",YHL050C(-)
chrVIII,1846,.,A,G,19.0589,.,"DP=60;VDB=4.36662e-07;SGB=-0.693147;MQSB=0.969195;MQ0F=0.0166667;AF1=1;AC1=1;DP4=0,0,3,54;MQ=8;FQ=-999",GT:PL,"1:49,0",YHL050C(-)
chrVIII,1997,.,T,C,220.007,.,"DP=249;VDB=1.50433e-15;SGB=-0.693147;RPB=0.00573277;MQB=6.35941e-08;MQSB=4.64132e-05;BQB=0.976109;MQ0F=0.00401606;AF1=1;AC1=1;DP4=7,9,0,224;MQ=29;FQ=-999;PV4=1.37318e-09,0.251509,1,0.073186",GT:PL,"1:250,0",N/A
chrVIII,2068,.,A,T,95.0056,.,"DP=250;VDB=1.46948e-23;SGB=-0.693147;RPB=0.968966;MQB=0.446033;MQSB=0.00839086;BQB=0.412068;MQ0F=0.068;AF1=1;AC1=1;DP4=5,20,0,215;MQ=26;FQ=-999;PV4=8.34977e-06,0.0331868,1,1",GT:PL,"1:125,0",N/A
chrVIII,4844,.,C,T,6.19669,.,"DP=2;VDB=0.18;SGB=-0.453602;MQ0F=0;AF1=1;AC1=1;DP4=0,0,2,0;MQ=24;FQ=-999",GT:PL,"1:35,0",N/A
chrVIII,4856,.,G,A,13.2167,.,"DP=3;VDB=0.975081;SGB=-0.511536;MQ0F=0;AF1=1;AC1=1;DP4=0,0,3,0;MQ=19;FQ=-999",GT:PL,"1:43,0",N/A
chrVIII,4858,.,T,G,6.97679,.,"DP=3;VDB=0.975081;SGB=-0.511536;MQ0F=0;AF1=1;AC1=1;DP4=0,0,3,0;MQ=19;FQ=-999",GT:PL,"1:36,0",N/A
chrVIII,5556,.,C,T,11.3361,.,"DP=44;VDB=0.00420244;SGB=-0.692976;RPB=0.0298893;MQB=0.0472679;MQSB=0.0760769;BQB=0.273056;MQ0F=0.0227273;AF1=1;AC1=1;DP4=1,2,17,9;MQ=7;FQ=-999;PV4=0.539409,1,1,1",GT:PL,"1:41,0",N/A
chrVIII,5635,.,T,C,109.006,.,"DP=17;VDB=0.134895;SGB=-0.680642;RPB=0.0454986;MQB=0.0144756;MQSB=0.0532836;BQB=0.913864;MQ0F=0;AF1=1;AC1=1;DP4=1,3,12,0;MQ=28;FQ=-999;PV4=0.00714286,0.0856252,1,1",GT:PL,"1:139,0",N/A
chrVIII,5700,.,A,G,43.0051,.,"DP=12;VDB=0.570414;SGB=-0.670168;RPB=0.55;MQB=0.8;BQB=0.8;MQ0F=0.0833333;AF1=0.533586;AC1=1;DP4=2,0,10,0;MQ=25;FQ=-999;PV4=1,0.304564,0.354008,1",GT:PL,"1:82,9",YHL048C-A(-)
chrVIII,5706,.,C,G,21.0389,.,"DP=14;VDB=0.784517;SGB=-0.651104;RPB=0.25;MQB=0.75;BQB=0.625;MQ0F=0.0714286;AF1=0.508032;AC1=1;DP4=2,0,8,0;MQ=24;FQ=-999;PV4=1,0.242041,0.320812,1",GT:PL,"1:66,15",YHL048C-A(-)
chrVIII,5709,.,C,G,24.0219,.,"DP=13;VDB=0.999148;SGB=-0.670168;RPB=0.2;MQB=0.6;BQB=0.4;MQ0F=0.0769231;AF1=0.533586;AC1=1;DP4=2,0,10,0;MQ=22;FQ=-999;PV4=1,1,0.237405,1",GT:PL,"1:63,9",YHL048C-A(-)
chrVIII,5759,.,G,A,68.0052,.,"DP=35;VDB=2.39114e-06;SGB=-0.693132;RPB=1;MQB=1;BQB=1;MQ0F=0.0857143;AF1=1;AC1=1;DP4=1,0,34,0;MQ=17;FQ=-999;PV4=1,0.433402,1,0.329338",GT:PL,"1:98,0",YHL048C-A(-)
chrVIII,5775,.,G,C,69.0052,.,"DP=33;VDB=1.11738e-10;SGB=-0.692914;RPB=0.289294;MQB=0.000883826;BQB=0.955997;MQ0F=0.0909091;AF1=1;AC1=1;DP4=6,0,25,0;MQ=18;FQ=-999;PV4=1,0.252186,1,0.154845",GT:PL,"1:99,0",YHL048C-A(-)
chrVIII,5777,.,G,A,71.0052,.,"DP=34;VDB=7.8714e-12;SGB=-0.69312;MQ0F=0.0882353;AF1=1;AC1=1;DP4=0,0,32,0;MQ=18;FQ=-999",GT:PL,"1:101,0",YHL048C-A(-)
chrVIII,5788,.,T,G,69.0052,.,"DP=35;VDB=2.22671e-07;SGB=-0.693132;MQ0F=0.142857;AF1=1;AC1=1;DP4=0,0,34,0;MQ=18;FQ=-999",GT:PL,"1:99,0",YHL048C-A(-)
chrVIII,5806,.,C,T,70.0052,.,"DP=35;VDB=9.87742e-05;SGB=-0.69311;RPB=0.235708;MQB=0.0305614;BQB=0.945766;MQ0F=0.142857;AF1=1;AC1=1;DP4=3,0,31,0;MQ=18;FQ=-999;PV4=1,0.484159,1,1",GT:PL,"1:100,0",N/A
chrVIII,5830,.,C,T,14.1739,.,"DP=4;VDB=0.0238972;SGB=-0.556411;MQ0F=0.5;AF1=1;AC1=1;DP4=0,0,4,0;MQ=17;FQ=-999",GT:PL,"1:44,0",N/A
chrVIII,5837,.,A,C,14.1739,.,"DP=4;VDB=0.0248067;SGB=-0.556411;MQ0F=0.5;AF1=1;AC1=1;DP4=0,0,4,0;MQ=17;FQ=-999",GT:PL,"1:44,0",N/A
chrVIII,5838,.,A,G,14.1739,.,"DP=4;VDB=0.0230159;SGB=-0.556411;MQ0F=0.5;AF1=1;AC1=1;DP4=0,0,4,0;MQ=17;FQ=-999",GT:PL,"1:44,0",N/A
chrVIII,6105,.,A,C,27.0133,.,"DP=16;VDB=0.00520153;SGB=-0.662043;RPB=0.571081;MQB=0.360231;MQSB=0.285714;BQB=1;MQ0F=0.0625;AF1=0.50001;AC1=1;DP4=2,5,0,9;MQ=26;FQ=-999;PV4=0.175,1,1,1",GT:PL,"1:101,44",N/A
chrVIII,6125,.,C,T,93.0055,.,"DP=13;VDB=0.277085;SGB=-0.680642;MQ0F=0.0769231;AF1=1;AC1=1;DP4=0,0,0,12;MQ=25;FQ=-999",GT:PL,"1:123,0",N/A
chrVIII,6252,.,T,G,14.1739,.,"DP=17;VDB=5.53674e-05;SGB=-0.680642;RPB=0.346864;MQB=0.992674;MQSB=0.948436;BQB=0.935966;MQ0F=0.235294;AF1=1;AC1=1;DP4=1,3,9,3;MQ=12;FQ=-999;PV4=0.118132,0.257038,1,1",GT:PL,"1:44,0",N/A
chrVIII,17534,.,ATTTTTTTTTTT,"ATTTTTTTTTTTT,ATTTTTTTTTTTTT",8.18204,.,"INDEL;IDV=61;IMF=0.743902;DP=82;VDB=0.0174847;SGB=-0.693147;MQSB=0.996385;MQ0F=0;AF1=1;AC1=1;DP4=13,6,36,27;MQ=42;FQ=-999;PV4=0.433994,1,1,1",GT:PL,"1:45,55,0,72,137,41",YHL041W(+)
chrVIII,85508,.,TTATATATAT,TTATATAT,54.4667,.,"INDEL;IDV=53;IMF=0.481818;DP=110;VDB=1;SGB=-0.693147;MQSB=0.638901;MQ0F=0;AF1=0.5;AC1=1;DP4=2,43,33,32;MQ=40;FQ=-999;PV4=7.35027e-08,1,1,1",GT:PL,"1:255,0,163",N/A
chrVIII,216123,.,C,T,92.0055,.,"DP=223;VDB=0.999785;SGB=-0.693147;RPB=0.390073;MQB=3.57156e-22;MQSB=1.15477e-13;BQB=0.652561;MQ0F=0;AF1=1;AC1=1;DP4=29,118,57,5;MQ=21;FQ=-999;PV4=1.60944e-23,0.0126516,1,1",GT:PL,"1:122,0",YHR056C(-)
chrVIII,417054,.,G,A,225.007,.,"DP=131;VDB=0.0183261;SGB=-0.693147;MQSB=0.985155;MQ0F=0;AF1=1;AC1=1;DP4=0,0,55,68;MQ=42;FQ=-999",GT:PL,"1:255,0",YHR158C(-)
chrVIII,499958,.,C,T,225.007,.,"DP=188;VDB=0.0298378;SGB=-0.693147;MQSB=0.997361;MQ0F=0;AF1=1;AC1=1;DP4=0,0,133,41;MQ=42;FQ=-999",GT:PL,"1:255,0",YHR201C(-)
chrVIII,511255,.,C,T,225.007,.,"DP=172;VDB=0.178679;SGB=-0.693147;MQSB=0.948931;MQ0F=0;AF1=1;AC1=1;DP4=0,0,24,130;MQ=42;FQ=-999",GT:PL,"1:255,0",YHR205W(+)
chrVIII,524447,.,C,G,225.007,.,"DP=100;VDB=0.687091;SGB=-0.693147;MQSB=0.990145;MQ0F=0;AF1=1;AC1=1;DP4=0,0,35,57;MQ=42;FQ=-999",GT:PL,"1:255,0",N/A
chrIX,23214,.,T,G,32.0075,.,"DP=20;VDB=0.555449;SGB=-0.690438;MQSB=0.161503;MQ0F=0;AF1=1;AC1=1;DP4=0,0,11,6;MQ=11;FQ=-999",GT:PL,"1:62,0",YIL169C(-)
chrIX,23282,.,TCC,TC,40.4669,.,"INDEL;IDV=48;IMF=0.716418;DP=67;VDB=0.119587;SGB=-0.693147;MQ0F=0;AF1=0.593902;AC1=1;DP4=14,0,53,0;MQ=29;FQ=-999;PV4=1,1,1,0.0602175",GT:PL,"1:83,0,5",YIL169C(-)
chrIX,105433,.,AAATAATAAT,AAATAATAATAAT,217.469,.,"INDEL;IDV=44;IMF=0.785714;DP=56;VDB=0.539937;SGB=-0.693147;MQSB=0.206151;MQ0F=0;AF1=1;AC1=1;DP4=4,0,40,12;MQ=40;FQ=-999;PV4=0.567296,1,1,1",GT:PL,"1:255,79,0",YIL130W(+)
chrIX,105436,.,TAA,TAACAA,110.467,.,"INDEL;IDV=1;IMF=0.0175439;DP=57;VDB=0.695172;SGB=-0.693146;MQSB=0.197611;MQ0F=0;AF1=0.50001;AC1=1;DP4=10,4,35,8;MQ=40;FQ=-999;PV4=0.463095,1,1,1",GT:PL,"1:192,0,44",YIL130W(+)
chrIX,318694,.,T,A,225.007,.,"DP=140;VDB=0.0904378;SGB=-0.693147;MQSB=1;MQ0F=0;AF1=1;AC1=1;DP4=0,0,68,62;MQ=42;FQ=-999",GT:PL,"1:255,0",YIL017C(-)
chrX,97478,.,G,A,225.007,.,"DP=135;VDB=7.33938e-06;SGB=-0.693147;MQSB=0.983927;MQ0F=0;AF1=1;AC1=1;DP4=0,0,54,77;MQ=42;FQ=-999",GT:PL,"1:255,0",N/A
chrX,100335,.,C,T,225.007,.,"DP=187;VDB=2.92144e-06;SGB=-0.693147;MQSB=0.99161;MQ0F=0;AF1=1;AC1=1;DP4=0,0,87,88;MQ=42;FQ=-999",GT:PL,"1:255,0",YJL171C(-)
chrX,199170,.,A,C,57.0051,.,"DP=59;VDB=0.138329;SGB=-0.693147;MQSB=0.426613;MQ0F=0;AF1=1;AC1=1;DP4=0,0,12,46;MQ=9;FQ=-999",GT:PL,"1:87,0",YJL113W(+)
chrX,200219,.,A,G,31.0082,.,"DP=72;VDB=0.829877;SGB=-0.693147;MQSB=0.167708;MQ0F=0;AF1=1;AC1=1;DP4=0,0,26,40;MQ=7;FQ=-999",GT:PL,"1:61,0",YJL113W(+)
chrX,278977,.,CAGAGAG,CAGAG,217.469,.,"INDEL;IDV=101;IMF=0.863248;DP=117;VDB=0.0165633;SGB=-0.693147;MQSB=0.982514;MQ0F=0;AF1=1;AC1=1;DP4=5,8,63,41;MQ=42;FQ=-999;PV4=0.146198,1,1,1",GT:PL,"1:255,92,0",YJL083W(+)
chrX,740238,.,T,C,3.01251,.,"DP=20;VDB=0.934346;SGB=-0.692067;MQSB=0.0764263;MQ0F=0;AF1=1;AC1=1;DP4=0,0,16,4;MQ=5;FQ=-999",GT:PL,"1:30,0",N/A
chrXI,457,.,CG,CAG,217.469,.,"INDEL;IDV=180;IMF=0.932642;DP=193;VDB=0.998593;SGB=-0.693147;MQSB=0.00333262;MQ0F=0.015544;AF1=1;AC1=1;DP4=13,6,99,75;MQ=23;FQ=-999;PV4=0.46379,1,1,0.27398",GT:PL,"1:255,255,0",YKL225W(+)
chrXI,451568,.,GGAACACGAACACGAACA,GGAACACGAACA,174.468,.,"INDEL;IDV=79;IMF=0.731481;DP=108;VDB=0.0126845;SGB=-0.693147;MQSB=0.0157884;MQ0F=0;AF1=0.500013;AC1=1;DP4=9,6,32,61;MQ=39;FQ=-999;PV4=0.0842699,1,0.017879,1",GT:PL,"1:255,0,43",YKR007W(+)
chrXI,666554,.,AGG,AG,217.469,.,"INDEL;IDV=1;IMF=0.00714286;DP=140;VDB=0.290214;SGB=-0.693147;MQSB=0.0108342;MQ0F=0;AF1=1;AC1=1;DP4=7,7,14,112;MQ=39;FQ=-999;PV4=0.0011178,1,1,1",GT:PL,"1:255,138,0",N/A
chrXI,666556,.,GT,G,217.469,.,"INDEL;IDV=124;IMF=0.911765;DP=136;VDB=0.0673879;SGB=-0.693147;MQSB=0.0461006;MQ0F=0;AF1=1;AC1=1;DP4=3,9,14,110;MQ=39;FQ=-999;PV4=0.174238,1,1,1",GT:PL,"1:255,219,0",N/A
chrXI,666557,.,TG,T,217.469,.,"INDEL;IDV=5;IMF=0.0364963;DP=137;VDB=0.0799472;SGB=-0.693147;MQSB=0.0511397;MQ0F=0;AF1=1;AC1=1;DP4=3,10,14,110;MQ=39;FQ=-999;PV4=0.205475,1,1,1",GT:PL,"1:255,205,0",N/A
chrXII,590,.,ATG,ATGTACAGTG,15.5878,.,"INDEL;IDV=11;IMF=0.06875;DP=160;VDB=0.999995;SGB=-0.693147;MQ0F=0;AF1=0.5;AC1=1;DP4=70,0,90,0;MQ=30;FQ=-999;PV4=1,1,1,1",GT:PL,"1:186,0,133",YLL067C(-)
chrXII,591,.,TGG,TGTACAGCGG,47.4666,.,"INDEL;IDV=116;IMF=0.725;DP=160;VDB=0.999971;SGB=-0.693147;MQ0F=0;AF1=0.5;AC1=1;DP4=51,0,109,0;MQ=30;FQ=-999;PV4=1,1,1,1",GT:PL,"1:159,0,74",YLL067C(-)
chrXII,187137,.,ATTT,ATT,110.467,.,"INDEL;IDV=93;IMF=0.788136;DP=118;VDB=0.997427;SGB=-0.693147;MQSB=0.999767;MQ0F=0;AF1=0.500016;AC1=1;DP4=7,12,56,43;MQ=42;FQ=-999;PV4=0.13652,1,1,1",GT:PL,"1:190,0,42",N/A
chrXII,220717,.,G,A,130.006,.,"DP=10;VDB=0.434691;SGB=-0.670168;MQSB=1;MQ0F=0;AF1=1;AC1=1;DP4=0,0,9,1;MQ=40;FQ=-999",GT:PL,"1:160,0",N/A
chrXII,291384,.,A,G,225.007,.,"DP=144;VDB=9.79666e-05;SGB=-0.693147;MQSB=0.291254;MQ0F=0;AF1=1;AC1=1;DP4=0,0,49,85;MQ=42;FQ=-999",GT:PL,"1:255,0",YLR081W(+)
chrXII,291386,.,A,G,225.007,.,"DP=146;VDB=5.16732e-05;SGB=-0.693147;MQSB=0.292835;MQ0F=0;AF1=1;AC1=1;DP4=0,0,49,84;MQ=42;FQ=-999",GT:PL,"1:255,0",YLR081W(+)
chrXII,468701,.,T,C,3.54149,.,"DP=249;VDB=0.713137;SGB=-0.670168;RPB=0.783191;MQB=0.0055651;MQSB=0.913047;BQB=0.947894;MQ0F=0.00401606;AF1=1;AC1=1;DP4=148,91,7,3;MQ=7;FQ=-999;PV4=0.746705,0.0137917,1,1",GT:PL,"1:31,0",N/A
chrXII,474417,.,ACC,ACCC,120.467,.,"INDEL;IDV=7;IMF=0.538462;DP=13;VDB=0.0804496;SGB=-0.636426;MQSB=0.651439;MQ0F=0;AF1=1;AC1=1;DP4=3,3,6,1;MQ=31;FQ=-999;PV4=0.265734,1,1,1",GT:PL,"1:158,4,0",N/A
chrXII,528749,.,T,A,225.007,.,"DP=193;VDB=0.89248;SGB=-0.693147;MQSB=0.943023;MQ0F=0;AF1=1;AC1=1;DP4=0,0,82,102;MQ=42;FQ=-999",GT:PL,"1:255,0",YLR188W(+)
chrXII,725936,.,G,A,225.007,.,"DP=158;VDB=0.763468;SGB=-0.693147;MQSB=0.974037;MQ0F=0;AF1=1;AC1=1;DP4=0,0,119,18;MQ=42;FQ=-999",GT:PL,"1:255,0",N/A
chrXII,732281,.,CA,CAGGATCCTCAGA,57.4667,.,"INDEL;IDV=7;IMF=0.35;DP=20;VDB=1.12649e-07;SGB=-0.691153;MQ0F=0;AF1=1;AC1=1;DP4=0,2,0,18;MQ=25;FQ=-999;PV4=1,1,0.0370276,1",GT:PL,"1:95,18,0",YLR302C(-)
chrXII,734684,.,G,"GCAGGAT,GGAT",11.7654,.,"INDEL;IDV=3;IMF=0.6;DP=5;VDB=0.00474791;SGB=-0.556411;MQ0F=0;AF1=1;AC1=1;DP4=1,0,4,0;MQ=27;FQ=-999;PV4=1,1,1,0.0740061",GT:PL,"1:49,6,0,45,0,43",N/A
chrXII,734685,.,TC,TAGGATCC,32.4688,.,"INDEL;IDV=2;IMF=0.25;DP=8;VDB=0.000678;SGB=-0.556411;MQ0F=0;AF1=1;AC1=1;DP4=4,0,4,0;MQ=34;FQ=-999;PV4=1,1,0.0838571,1",GT:PL,"1:70,3,0",N/A
chrXII,734703,.,T,A,171.007,.,"DP=23;VDB=6.35648e-08;SGB=-0.692067;MQ0F=0;AF1=1;AC1=1;DP4=0,0,20,0;MQ=39;FQ=-999",GT:PL,"1:201,0",N/A
chrXII,784382,.,GCC,GCCC,217.469,.,"INDEL;IDV=138;IMF=0.945205;DP=146;VDB=0.335582;SGB=-0.693147;MQSB=0.90094;MQ0F=0;AF1=1;AC1=1;DP4=2,8,79,57;MQ=41;FQ=-999;PV4=0.0237311,1,1,1",GT:PL,"1:255,250,0",N/A
chrXII,818465,.,A,ATTT,9.04412,.,"INDEL;IDV=3;IMF=0.15;DP=20;VDB=0.849548;SGB=-0.616816;MQSB=0.604224;MQ0F=0;AF1=0.500002;AC1=1;DP4=9,5,6,0;MQ=30;FQ=-999;PV4=0.260449,1,1,0.00251036",GT:PL,"1:98,0,52",N/A
chrXII,828903,.,C,T,225.007,.,"DP=153;VDB=0.336219;SGB=-0.693147;MQSB=0.970387;MQ0F=0;AF1=1;AC1=1;DP4=0,0,109,37;MQ=42;FQ=-999",GT:PL,"1:255,0",YLR350W(+)
chrXII,1039435,.,T,A,225.007,.,"DP=155;VDB=1.90848e-08;SGB=-0.693147;MQSB=0.979807;MQ0F=0;AF1=1;AC1=1;DP4=0,0,96,47;MQ=42;FQ=-999",GT:PL,"1:255,0",YLR452C(-)
chrXIII,34473,.,T,G,225.007,.,"DP=163;VDB=0.0480999;SGB=-0.693147;MQSB=0.892084;MQ0F=0;AF1=1;AC1=1;DP4=0,0,97,52;MQ=42;FQ=-999",GT:PL,"1:255,0",YML117W(+)
chrXIII,325905,.,T,A,225.007,.,"DP=182;VDB=0.116217;SGB=-0.693147;MQSB=0.972872;MQ0F=0;AF1=1;AC1=1;DP4=0,0,90,82;MQ=42;FQ=-999",GT:PL,"1:255,0",YMR027W(+)
chrXIII,361550,.,G,A,3.54149,.,"DP=20;VDB=0.096713;SGB=-0.692067;MQSB=0.0780633;MQ0F=0;AF1=1;AC1=1;DP4=0,0,13,7;MQ=4;FQ=-999",GT:PL,"1:31,0","YMR045C(-),YMR046C(-)"
chrXIII,448333,.,G,A,225.007,.,"DP=185;VDB=1.37222e-06;SGB=-0.693147;MQSB=0.791168;MQ0F=0;AF1=1;AC1=1;DP4=0,0,116,53;MQ=42;FQ=-999",GT:PL,"1:255,0",N/A
chrXIII,448334,.,A,G,225.007,.,"DP=185;VDB=1.18458e-06;SGB=-0.693147;MQSB=0.791168;MQ0F=0;AF1=1;AC1=1;DP4=0,0,116,53;MQ=42;FQ=-999",GT:PL,"1:255,0",N/A
chrXIII,630505,.,A,G,225.007,.,"DP=129;VDB=0.184492;SGB=-0.693147;MQSB=0.998104;MQ0F=0;AF1=1;AC1=1;DP4=0,0,72,48;MQ=42;FQ=-999",GT:PL,"1:255,0",YMR185W(+)
chrXIII,672129,.,T,C,225.007,.,"DP=125;VDB=0.128409;SGB=-0.693147;MQSB=0.999839;MQ0F=0;AF1=1;AC1=1;DP4=0,0,52,58;MQ=42;FQ=-999",GT:PL,"1:255,0",YMR205C(-)
chrXIII,680936,.,T,C,225.007,.,"DP=96;VDB=0.422753;SGB=-0.693147;RPB=1;MQB=1;MQSB=1;BQB=1;MQ0F=0;AF1=1;AC1=1;DP4=1,0,49,42;MQ=42;FQ=-999;PV4=1,1,1,1",GT:PL,"1:255,0",YMR207C(-)
chrXIII,680940,.,C,T,225.007,.,"DP=94;VDB=0.417987;SGB=-0.693147;MQSB=1;MQ0F=0;AF1=1;AC1=1;DP4=0,0,49,42;MQ=42;FQ=-999",GT:PL,"1:255,0",YMR207C(-)
chrXIII,708291,.,T,C,225.007,.,"DP=171;VDB=0.0183242;SGB=-0.693147;MQSB=0.916289;MQ0F=0;AF1=1;AC1=1;DP4=0,0,48,114;MQ=42;FQ=-999",GT:PL,"1:255,0",YMR219W(+)
chrXIII,809198,.,A,G,225.007,.,"DP=143;VDB=0.0689274;SGB=-0.693147;MQSB=0.992076;MQ0F=0;AF1=1;AC1=1;DP4=0,0,52,76;MQ=42;FQ=-999",GT:PL,"1:255,0",N/A
chrXIII,908177,.,A,G,62.0051,.,"DP=228;VDB=3.81743e-08;SGB=-0.693147;RPB=0.0867063;MQB=0.656488;MQSB=2.29137e-08;BQB=0.010549;MQ0F=0.122807;AF1=1;AC1=1;DP4=20,23,87,58;MQ=18;FQ=-999;PV4=0.160223,1,0.212105,1",GT:PL,"1:92,0",YMR317W(+)
chrXIII,908179,.,T,G,4.7673,.,"DP=233;VDB=5.70565e-08;SGB=-0.693147;RPB=0.0209264;MQB=0.326128;MQSB=3.92448e-08;BQB=0.957805;MQ0F=0.124464;AF1=0.5;AC1=1;DP4=26,31,78,55;MQ=19;FQ=-999;PV4=0.112944,0.23854,0.11239,1",GT:PL,"1:116,83",YMR317W(+)
chrXIII,908196,.,G,C,43.0051,.,"DP=239;VDB=0.915862;SGB=-0.693147;RPB=0.998276;MQB=0.252533;MQSB=1.36945e-07;BQB=0.0113212;MQ0F=0.125523;AF1=0.500315;AC1=1;DP4=31,27,71,80;MQ=19;FQ=-999;PV4=0.441889,1,0.0398191,0.356628",GT:PL,"1:102,29",YMR317W(+)
chrXIII,924341,.,G,T,137.006,.,"DP=35;VDB=2.5368e-05;SGB=-0.692717;RPB=0.86151;MQB=0.0920804;MQSB=0.2;BQB=0.694935;MQ0F=0.0857143;AF1=1;AC1=1;DP4=0,4,2,21;MQ=33;FQ=-999;PV4=1,1,1,1",GT:PL,"1:167,0",N/A
chrXIV,6652,.,C,A,13.2167,.,"DP=46;VDB=0.722689;SGB=-0.680642;RPB=0.014904;MQB=0.953096;MQSB=0.765741;BQB=0.984436;MQ0F=0.0869565;AF1=0.5001;AC1=1;DP4=5,12,7,5;MQ=19;FQ=-999;PV4=0.147912,1,1,1",GT:PL,"1:77,34",YNL338W(+)
chrXIV,7478,.,A,AT,217.469,.,"INDEL;IDV=149;IMF=0.861272;DP=173;VDB=6.7633e-06;SGB=-0.693147;MQSB=0.913701;MQ0F=0;AF1=1;AC1=1;DP4=0,0,40,133;MQ=19;FQ=-999",GT:PL,"1:255,255,0",N/A
chrXIV,14333,.,GC,GCC,71.4669,.,"INDEL;IDV=67;IMF=0.957143;DP=70;VDB=0.000197885;SGB=-0.693147;MQSB=0.344711;MQ0F=0;AF1=1;AC1=1;DP4=1,1,4,64;MQ=10;FQ=-999;PV4=0.138716,1,1,1",GT:PL,"1:109,177,0",N/A
chrXIV,140381,.,CATA,"CATAATA,CATAATAATA,CAACATAATAATA",110.467,.,"INDEL;IDV=14;IMF=0.777778;DP=18;VDB=5.70975e-10;SGB=-0.688148;MQ0F=0;AF1=1;AC1=1;DP4=3,0,15,0;MQ=37;FQ=-999;PV4=1,1,0.0847792,1",GT:PL,"1:255,118,107,149,0,141,250,114,143,244",YNL268W(+)
chrXIV,312328,.,AACGACGACG,AACGACG,160.468,.,"INDEL;IDV=100;IMF=0.826446;DP=121;VDB=0.814599;SGB=-0.693147;MQSB=0.82946;MQ0F=0;AF1=0.5;AC1=1;DP4=11,8,82,20;MQ=41;FQ=-999;PV4=0.0417808,1,1,1",GT:PL,"1:255,0,57",YNL172W(+)
chrXIV,377887,.,G,T,225.007,.,"DP=128;VDB=0.989685;SGB=-0.693147;MQSB=1;MQ0F=0;AF1=1;AC1=1;DP4=0,0,50,75;MQ=42;FQ=-999",GT:PL,"1:255,0",YNL132W(+)
chrXIV,415071,.,C,"T,A",11.3361,.,"DP=60;VDB=0.00525213;SGB=-0.683931;RPB=0.153846;MQB=0.769231;MQSB=0.581657;BQB=0.923077;MQ0F=0;AF1=1;AC1=1;DP4=0,2,10,3;MQ=39;FQ=-999;PV4=0.0952381,1,0.298567,1",GT:PL,"1:61,20,41",N/A
chrXIV,439397,.,GTTTTTT,GTTTTTTT,134.468,.,"INDEL;IDV=118;IMF=0.914729;DP=129;VDB=2.5298e-09;SGB=-0.693147;MQSB=0.997426;MQ0F=0;AF1=1;AC1=1;DP4=5,5,34,85;MQ=42;FQ=-999;PV4=0.168495,1,1,1",GT:PL,"1:172,224,0",N/A
chrXIV,471767,.,A,G,225.007,.,"DP=102;VDB=0.0014797;SGB=-0.693147;MQSB=0.981338;MQ0F=0;AF1=1;AC1=1;DP4=0,0,70,20;MQ=42;FQ=-999",GT:PL,"1:255,0",YNL083W(+)
chrXIV,520142,.,A,C,15.1396,.,"DP=45;VDB=0.000160197;SGB=-0.693146;RPB=1;MQB=1;MQSB=0.307897;BQB=1;MQ0F=0;AF1=1;AC1=1;DP4=0,1,5,39;MQ=5;FQ=-999;PV4=1,1,0.199416,1",GT:PL,"1:45,0","YNL054W-A(+),YNL054W-B(+)"
chrXV,90,.,CCCAC,CC,164.468,.,"INDEL;IDV=56;IMF=0.848485;DP=66;VDB=0.00931446;SGB=-0.693147;MQ0F=0;AF1=1;AC1=1;DP4=19,0,47,0;MQ=38;FQ=-999;PV4=1,1,1,0.0812542",GT:PL,"1:202,16,0",N/A
chrXV,93,.,ACAC,ACCAC,65.4668,.,"INDEL;IDV=8;IMF=0.102564;DP=78;VDB=0.0240509;SGB=-0.662043;MQ0F=0;AF1=1;AC1=1;DP4=69,0,9,0;MQ=39;FQ=-999;PV4=1,1,1,1.0569e-06",GT:PL,"1:103,109,0",N/A
chrXV,50002,.,C,T,225.007,.,"DP=109;VDB=0.283686;SGB=-0.693147;MQSB=0.975451;MQ0F=0;AF1=1;AC1=1;DP4=0,0,71,30;MQ=42;FQ=-999",GT:PL,"1:255,0",YOL145C(-)
chrXV,50010,.,A,T,225.007,.,"DP=106;VDB=0.428053;SGB=-0.693147;MQSB=0.999366;MQ0F=0;AF1=1;AC1=1;DP4=0,0,62,22;MQ=42;FQ=-999",GT:PL,"1:255,0",YOL145C(-)
chrXV,50012,.,C,T,225.007,.,"DP=102;VDB=0.768396;SGB=-0.693147;MQSB=0.919191;MQ0F=0;AF1=1;AC1=1;DP4=0,0,62,23;MQ=42;FQ=-999",GT:PL,"1:255,0",YOL145C(-)
chrXV,60240,.,C,T,225.007,.,"DP=102;VDB=2.44352e-06;SGB=-0.693147;MQSB=0.0846786;MQ0F=0;AF1=1;AC1=1;DP4=0,0,7,53;MQ=39;FQ=-999",GT:PL,"1:255,0",N/A
chrXV,79297,.,C,G,225.007,.,"DP=136;VDB=0.640296;SGB=-0.693147;MQSB=0.936413;MQ0F=0;AF1=1;AC1=1;DP4=0,0,72,55;MQ=42;FQ=-999",GT:PL,"1:255,0",YOL128C(-)
chrXV,79304,.,A,T,225.007,.,"DP=162;VDB=0.312495;SGB=-0.693147;MQSB=0.934211;MQ0F=0;AF1=1;AC1=1;DP4=0,0,71,55;MQ=42;FQ=-999",GT:PL,"1:255,0",YOL128C(-)
chrXV,79305,.,T,A,225.007,.,"DP=158;VDB=0.323169;SGB=-0.693147;MQSB=0.934211;MQ0F=0;AF1=1;AC1=1;DP4=0,0,71,55;MQ=42;FQ=-999",GT:PL,"1:255,0",YOL128C(-)
chrXV,580195,.,G,A,225.007,.,"DP=98;VDB=0.0586078;SGB=-0.693147;MQSB=0.99851;MQ0F=0;AF1=1;AC1=1;DP4=0,0,80,7;MQ=42;FQ=-999",GT:PL,"1:255,0",YOR135C(-)
chrXV,722256,.,T,TGCAGAGGC,113.467,.,"INDEL;IDV=1;IMF=0.05;DP=20;VDB=2.01154e-08;SGB=-0.636426;MQSB=0.551431;MQ0F=0;AF1=1;AC1=1;DP4=2,11,3,4;MQ=31;FQ=-999;PV4=0.289796,1,1,3.85453e-12",GT:PL,"1:151,0,0",YOR202W(+)
chrXV,722438,.,G,GGT,66.4668,.,"INDEL;IDV=4;IMF=0.571429;DP=7;VDB=0.00127447;SGB=-0.556411;MQSB=0.607698;MQ0F=0;AF1=1;AC1=1;DP4=2,1,1,3;MQ=34;FQ=-999;PV4=0.485714,1,1,0.0114699",GT:PL,"1:104,3,0",YOR202W(+)
chrXV,773264,.,G,C,225.007,.,"DP=71;VDB=0.517667;SGB=-0.693147;MQSB=0.980862;MQ0F=0;AF1=1;AC1=1;DP4=0,0,36,32;MQ=42;FQ=-999",GT:PL,"1:255,0","YOR231W(+),YOR231C-A(-)"
chrXV,951241,.,C,T,225.007,.,"DP=135;VDB=0.203567;SGB=-0.693147;MQSB=0.988261;MQ0F=0;AF1=1;AC1=1;DP4=0,0,64,66;MQ=42;FQ=-999",GT:PL,"1:255,0",YOR336W(+)
chrXVI,191944,.,C,T,225.007,.,"DP=120;VDB=0.999964;SGB=-0.693147;MQSB=1;MQ0F=0;AF1=1;AC1=1;DP4=0,0,56,50;MQ=42;FQ=-999",GT:PL,"1:255,0",YPL188W(+)
chrXVI,667520,.,T,G,225.007,.,"DP=171;VDB=0.722527;SGB=-0.693147;MQSB=0.999348;MQ0F=0;AF1=1;AC1=1;DP4=0,0,88,67;MQ=42;FQ=-999",GT:PL,"1:255,0",N/A
chrXVI,677102,.,A,G,225.007,.,"DP=82;VDB=0.956581;SGB=-0.693147;MQSB=0.975875;MQ0F=0;AF1=1;AC1=1;DP4=0,0,27,45;MQ=41;FQ=-999",GT:PL,"1:255,0",N/A
chrXVI,759400,.,T,G,225.007,.,"DP=200;VDB=0.313405;SGB=-0.693147;MQSB=0.985419;MQ0F=0;AF1=1;AC1=1;DP4=0,0,83,105;MQ=42;FQ=-999",GT:PL,"1:255,0",YPR116W(+)
chrXVI,890346,.,T,A,225.007,.,"DP=138;VDB=0.999996;SGB=-0.693147;MQSB=0.932867;MQ0F=0;AF1=1;AC1=1;DP4=0,0,78,53;MQ=42;FQ=-999",GT:PL,"1:255,0",YPR175W(+)
chrmt,13802,.,T,A,225.007,.,"DP=86;VDB=4.96168e-14;SGB=-0.693147;MQSB=0.171739;MQ0F=0;AF1=1;AC1=1;DP4=0,0,79,3;MQ=41;FQ=-999",GT:PL,"1:255,0",N/A
chrmt,20345,.,GAAA,GAA,164.468,.,"INDEL;IDV=192;IMF=0.914286;DP=210;VDB=4.02105e-05;SGB=-0.693147;MQSB=0.242843;MQ0F=0;AF1=1;AC1=1;DP4=11,32,77,90;MQ=40;FQ=-999;PV4=0.0157579,1,0.378421,1",GT:PL,"1:202,35,0",N/A
chrmt,20934,.,T,G,225.007,.,"DP=228;VDB=0.999971;SGB=-0.693147;MQSB=0.900812;MQ0F=0;AF1=1;AC1=1;DP4=0,0,106,99;MQ=42;FQ=-999",GT:PL,"1:255,0","Q0065(+),Q0070(+),Q0045(+)"
chrmt,27587,.,A,T,96.0056,.,"DP=10;VDB=0.00615453;SGB=-0.590765;MQ0F=0;AF1=1;AC1=1;DP4=0,0,5,0;MQ=42;FQ=-999",GT:PL,"1:126,0",N/A
chrmt,33618,.,T,TTC,217.469,.,"INDEL;IDV=35;IMF=0.875;DP=40;VDB=0.222784;SGB=-0.69312;MQSB=0.00426582;MQ0F=0;AF1=1;AC1=1;DP4=0,8,9,23;MQ=39;FQ=-999;PV4=0.162017,1,1,1",GT:PL,"1:255,13,0",N/A
chrmt,33743,.,T,A,225.007,.,"DP=61;VDB=3.47627e-06;SGB=-0.693147;MQSB=0.771348;MQ0F=0;AF1=1;AC1=1;DP4=0,0,48,3;MQ=39;FQ=-999",GT:PL,"1:255,0",N/A
chrmt,39517,.,G,T,225.007,.,"DP=189;VDB=0.999993;SGB=-0.693147;MQSB=0.994476;MQ0F=0;AF1=1;AC1=1;DP4=0,0,127,17;MQ=42;FQ=-999",GT:PL,"1:255,0",Q0115(+)
chrmt,43084,.,ATTTTTTTT,ATTTTTTTTT,77.4669,.,"INDEL;IDV=119;IMF=0.868613;DP=137;VDB=0.957001;SGB=-0.693147;MQSB=0.919524;MQ0F=0;AF1=1;AC1=1;DP4=9,15,26,87;MQ=42;FQ=-999;PV4=0.195641,1,1,1",GT:PL,"1:115,141,0",N/A
chrmt,44795,.,ATTTTTTTT,ATTTTTTTTT,9.93137,.,"INDEL;IDV=10;IMF=0.833333;DP=12;VDB=0.657473;SGB=-0.676189;MQSB=0.5;MQ0F=0;AF1=1;AC1=1;DP4=0,1,10,1;MQ=34;FQ=-999;PV4=0.166667,1,0.227345,1",GT:PL,"1:47,23,0",N/A
chrmt,82507,.,T,A,187.007,.,"DP=38;VDB=0.0301384;SGB=-0.69312;MQSB=0.5;MQ0F=0;AF1=1;AC1=1;DP4=0,0,30,2;MQ=30;FQ=-999",GT:PL,"1:217,0",N/A
