#CHROM,POS,ID,REF,ALT,QUAL,FILTER,INFO,FORMAT,/home/rothlab/dtabet/MGY360/output/mgyANC12/mgyANC12_S127_R1_001_sorted.bam,CDS(Orientation)
chrI,3,.,ACACC,ACACCCTCACC,58.4667,.,"INDEL;IDV=2;IMF=0.166667;DP=12;VDB=2.26006e-08;SGB=-0.616816;MQSB=1;MQ0F=0.166667;AF1=1;AC1=1;DP4=5,1,6,0;MQ=33;FQ=-999;PV4=1,1,1,1",GT:PL,"1:96,4,0",N/A
chrI,5,.,AC,ACACAC,22.4908,.,"INDEL;IDV=10;IMF=0.5;DP=20;VDB=1.50918e-11;SGB=-0.676189;MQSB=1;MQ0F=0.1;AF1=0.5;AC1=1;DP4=8,1,11,0;MQ=36;FQ=-999;PV4=0.45,1,0.206841,1",GT:PL,"1:132,72",N/A
chrI,19971,.,CTTT,"CCTTTT,CTTTT",73.4669,.,"INDEL;IDV=58;IMF=0.852941;DP=68;VDB=0.99535;SGB=-0.693147;MQSB=0.335147;MQ0F=0;AF1=1;AC1=1;DP4=1,0,34,33;MQ=13;FQ=-999;PV4=1,1,0.00312556,1",GT:PL,"1:111,151,0,114,89,108",N/A
chrI,25340,.,C,A,164.006,.,"DP=91;VDB=0.0822406;SGB=-0.693147;MQSB=0.00348528;MQ0F=0.0659341;AF1=1;AC1=1;DP4=0,0,51,37;MQ=16;FQ=-999",GT:PL,"1:194,0",YAL063C(-)
chrI,25488,.,G,A,51.005,.,"DP=172;VDB=0.000886075;SGB=-0.693147;RPB=0.00155645;MQB=0.955075;MQSB=0.0961909;BQB=0.970828;MQ0F=0.116279;AF1=1;AC1=1;DP4=3,36,1,124;MQ=18;FQ=-999;PV4=0.0421543,0.108445,0.480897,1",GT:PL,"1:81,0",YAL063C(-)
chrI,25497,.,G,A,128.006,.,"DP=157;VDB=0.000152829;SGB=-0.693147;RPB=0.755878;MQB=0.0349605;MQSB=0.111445;BQB=0.570822;MQ0F=0.121019;AF1=1;AC1=1;DP4=2,2,2,146;MQ=17;FQ=-999;PV4=0.00308135,4.10343e-09,1,1",GT:PL,"1:158,0",YAL063C(-)
chrI,25506,.,C,T,14.1739,.,"DP=143;VDB=0.00110299;SGB=-0.693147;RPB=0.000151665;MQB=0.0671725;MQSB=0.179821;BQB=0.038098;MQ0F=0.0909091;AF1=1;AC1=1;DP4=1,21,2,92;MQ=18;FQ=-999;PV4=0.471143,0.00091666,0.0264328,1",GT:PL,"1:44,0",YAL063C(-)
chrI,25509,.,G,A,89.0055,.,"DP=114;VDB=7.92198e-06;SGB=-0.693147;RPB=0.266831;MQB=0.188935;MQSB=0.318369;BQB=0.388328;MQ0F=0.0964912;AF1=1;AC1=1;DP4=1,2,2,76;MQ=17;FQ=-999;PV4=0.108345,5.50153e-05,1,1",GT:PL,"1:119,0",YAL063C(-)
chrI,25512,.,T,G,7.79382,.,"DP=114;VDB=1.34129e-05;SGB=-0.693147;RPB=9.33295e-09;MQB=0.0725371;MQSB=0.312967;BQB=0.283605;MQ0F=0.105263;AF1=1;AC1=1;DP4=1,16,2,66;MQ=17;FQ=-999;PV4=0.492599,0.357803,0.00705908,1",GT:PL,"1:37,0",YAL063C(-)
chrI,25515,.,A,G,22.0319,.,"DP=101;VDB=8.57409e-05;SGB=-0.693147;RPB=3.32844e-07;MQB=0.236401;MQSB=0.330543;BQB=0.0288193;MQ0F=0.118812;AF1=1;AC1=1;DP4=1,12,2,66;MQ=17;FQ=-999;PV4=0.412611,0.35385,0.0532991,1",GT:PL,"1:52,0",YAL063C(-)
chrI,25536,.,G,A,91.0055,.,"DP=119;VDB=0.997372;SGB=-0.693147;RPB=1.9551e-05;MQB=4.60468e-07;MQSB=1.0159e-07;BQB=0.506865;MQ0F=0.10084;AF1=1;AC1=1;DP4=36,0,1,73;MQ=15;FQ=-999;PV4=2.86662e-28,1,1,1",GT:PL,"1:121,0",YAL063C(-)
chrI,25542,.,A,G,77.0053,.,"DP=134;VDB=0.808424;SGB=-0.693147;RPB=0.0055273;MQB=1.31264e-08;MQSB=2.61709e-09;BQB=0.0216096;MQ0F=0.0970149;AF1=1;AC1=1;DP4=41,0,1,76;MQ=14;FQ=-999;PV4=4.3544e-31,0.0111431,1,0.371953",GT:PL,"1:107,0",YAL063C(-)
chrI,25560,.,G,A,88.0055,.,"DP=157;VDB=1.8493e-06;SGB=-0.693147;RPB=0.935189;MQB=6.27692e-13;MQSB=1.93431e-16;BQB=0.60105;MQ0F=0.089172;AF1=1;AC1=1;DP4=58,1,4,91;MQ=12;FQ=-999;PV4=2.38132e-36,1,1,0.43561",GT:PL,"1:118,0",YAL063C(-)
chrI,25584,.,A,G,82.0054,.,"DP=230;VDB=0.331517;SGB=-0.693147;RPB=0.985644;MQB=7.71591e-16;MQSB=6.14401e-23;BQB=0.994131;MQ0F=0.117391;AF1=1;AC1=1;DP4=82,1,10,135;MQ=10;FQ=-999;PV4=0,1,1,1",GT:PL,"1:112,0",YAL063C(-)
chrI,26778,.,C,T,13.2167,.,"DP=222;VDB=0.27247;SGB=-0.693147;RPB=0.542302;MQB=0.992344;MQSB=0.543526;BQB=0.362506;MQ0F=0.18018;AF1=1;AC1=1;DP4=37,27,143,9;MQ=7;FQ=-999;PV4=6.44427e-10,1,1,1",GT:PL,"1:43,0",YAL063C(-)
chrI,26793,.,A,G,6.97679,.,"DP=250;VDB=2.99259e-07;SGB=-0.693147;RPB=0.00509805;MQB=0.236574;MQSB=0.443369;BQB=0.136652;MQ0F=0.172;AF1=1;AC1=1;DP4=91,64,75,6;MQ=7;FQ=-999;PV4=1.25824e-08,1,1,1",GT:PL,"1:36,0",YAL063C(-)
chrI,26940,.,A,G,11.3361,.,"DP=166;VDB=4.88956e-16;SGB=-0.693147;RPB=2.67934e-15;MQB=4.19924e-06;MQSB=1.39717e-09;BQB=0.773516;MQ0F=0.120482;AF1=1;AC1=1;DP4=2,91,53,8;MQ=9;FQ=-999;PV4=4.84682e-30,0.434465,1,4.6446e-12",GT:PL,"1:41,0",YAL063C(-)
chrI,26970,.,G,A,31.0082,.,"DP=231;VDB=3.87395e-22;SGB=-0.693147;RPB=1.62699e-05;MQB=6.29833e-06;MQSB=3.23368e-08;BQB=0.417964;MQ0F=0.203463;AF1=1;AC1=1;DP4=6,96,112,9;MQ=12;FQ=-999;PV4=3.08286e-44,1,1,1",GT:PL,"1:61,0",YAL063C(-)
chrI,26973,.,A,G,34.0065,.,"DP=231;VDB=6.33513e-21;SGB=-0.693147;RPB=0.000435454;MQB=3.37152e-05;MQSB=3.26767e-08;BQB=0.937254;MQ0F=0.207792;AF1=1;AC1=1;DP4=3,93,115,8;MQ=12;FQ=-999;PV4=0,1,1,1",GT:PL,"1:64,0",YAL063C(-)
chrI,26974,.,A,G,32.0075,.,"DP=233;VDB=5.96391e-22;SGB=-0.693147;RPB=0.00300532;MQB=2.56674e-06;MQSB=3.26767e-08;BQB=0.999375;MQ0F=0.206009;AF1=1;AC1=1;DP4=6,93,112,8;MQ=12;FQ=-999;PV4=4.06377e-44,1,1,1",GT:PL,"1:62,0",YAL063C(-)
chrI,26981,.,T,C,39.0054,.,"DP=249;VDB=3.01896e-09;SGB=-0.693147;RPB=2.30323e-07;MQB=0.000422491;MQSB=2.65467e-07;BQB=0.0336037;MQ0F=0.236948;AF1=1;AC1=1;DP4=3,90,137,10;MQ=12;FQ=-999;PV4=0,1,1,1",GT:PL,"1:69,0",YAL063C(-)
chrI,26982,.,G,A,38.0055,.,"DP=250;VDB=5.71862e-09;SGB=-0.693147;RPB=1.00057e-06;MQB=0.000306304;MQSB=1.8745e-07;BQB=0.988766;MQ0F=0.236;AF1=1;AC1=1;DP4=4,91,137,9;MQ=12;FQ=-999;PV4=0,1,1,1",GT:PL,"1:68,0",YAL063C(-)
chrI,26983,.,T,G,38.0055,.,"DP=251;VDB=1.5834e-08;SGB=-0.693147;RPB=1.89776e-07;MQB=0.000165254;MQSB=1.8745e-07;BQB=0.359105;MQ0F=0.23506;AF1=1;AC1=1;DP4=3,91,138,9;MQ=12;FQ=-999;PV4=0,1,1,1",GT:PL,"1:68,0",YAL063C(-)
chrI,27027,.,A,T,71.0052,.,"DP=167;VDB=0.0865935;SGB=-0.693147;RPB=0.529171;MQB=0.0204332;MQSB=2.28578e-07;BQB=0.0396378;MQ0F=0.281437;AF1=1;AC1=1;DP4=2,43,101,15;MQ=14;FQ=-999;PV4=8.41322e-24,1,1,1",GT:PL,"1:101,0",YAL063C(-)
chrI,27035,.,T,C,61.0051,.,"DP=165;VDB=8.99901e-05;SGB=-0.693147;RPB=1.97968e-09;MQB=0.0017229;MQSB=3.32103e-07;BQB=0.581579;MQ0F=0.236364;AF1=1;AC1=1;DP4=8,56,75,13;MQ=14;FQ=-999;PV4=2.90741e-20,0.0894314,1,1",GT:PL,"1:91,0",YAL063C(-)
chrI,27036,.,G,A,61.0051,.,"DP=165;VDB=6.65347e-05;SGB=-0.693147;RPB=2.0032e-09;MQB=0.0017229;MQSB=3.32103e-07;BQB=0.978018;MQ0F=0.236364;AF1=1;AC1=1;DP4=8,56,75,13;MQ=14;FQ=-999;PV4=2.90741e-20,0.0289425,1,1",GT:PL,"1:91,0",YAL063C(-)
chrI,27044,.,C,T,60.0051,.,"DP=158;VDB=0.0164009;SGB=-0.693147;RPB=4.95678e-12;MQB=0.032;MQSB=4.74858e-07;BQB=9.871e-05;MQ0F=0.272152;AF1=1;AC1=1;DP4=2,58,74,17;MQ=13;FQ=-999;PV4=1.14883e-23,1,1,1",GT:PL,"1:90,0",YAL063C(-)
chrI,27099,.,T,C,54.005,.,"DP=168;VDB=3.34e-20;SGB=-0.693147;RPB=1.56024e-26;MQB=0.0230795;MQSB=2.8776e-08;BQB=1.40109e-06;MQ0F=0.434524;AF1=1;AC1=1;DP4=9,67,18,66;MQ=10;FQ=-999;PV4=0.139187,3.19956e-07,1,0.390666",GT:PL,"1:84,0",YAL063C(-)
chrI,27105,.,A,G,100.006,.,"DP=194;VDB=1.86239e-20;SGB=-0.693147;RPB=1.2001e-26;MQB=0.855147;MQSB=1.91339e-12;BQB=0.00097321;MQ0F=0.402062;AF1=1;AC1=1;DP4=1,65,22,95;MQ=11;FQ=-999;PV4=0.000333471,2.50921e-06,1,1",GT:PL,"1:130,0",YAL063C(-)
chrI,27126,.,T,C,221.007,.,"DP=211;VDB=6.46635e-09;SGB=-0.693147;RPB=4.1311e-17;MQB=0.0831806;MQSB=3.69183e-17;BQB=4.48535e-06;MQ0F=0.341232;AF1=1;AC1=1;DP4=1,29,36,126;MQ=18;FQ=-999;PV4=0.0119816,1,1,1",GT:PL,"1:251,0",YAL063C(-)
chrI,27129,.,C,G,225.007,.,"DP=196;VDB=2.81474e-05;SGB=-0.693147;RPB=1.00421e-06;MQB=0.375032;MQSB=2.64338e-16;BQB=0.729438;MQ0F=0.357143;AF1=1;AC1=1;DP4=0,10,37,141;MQ=19;FQ=-999;PV4=0.214631,0.149415,1,1",GT:PL,"1:255,0",YAL063C(-)
chrI,41475,.,G,T,225.007,.,"DP=156;VDB=0.983577;SGB=-0.693147;MQSB=0.995703;MQ0F=0;AF1=1;AC1=1;DP4=0,0,36,95;MQ=42;FQ=-999",GT:PL,"1:255,0",YAL056W(+)
chrI,141030,.,T,A,193.007,.,"DP=92;VDB=0.264408;SGB=-0.693147;MQSB=1.80345e-06;MQ0F=0;AF1=1;AC1=1;DP4=0,0,82,10;MQ=21;FQ=-999",GT:PL,"1:223,0","YAL005C(-),YAL004W(+)"
chrI,141135,.,A,T,193.007,.,"DP=46;VDB=0.796914;SGB=-0.693146;MQSB=3.62954e-06;MQ0F=0;AF1=1;AC1=1;DP4=0,0,26,17;MQ=22;FQ=-999",GT:PL,"1:223,0","YAL005C(-),YAL004W(+)"
chrI,183387,.,ACC,AC,188.468,.,"INDEL;IDV=33;IMF=0.942857;DP=35;VDB=0.00425265;SGB=-0.693127;MQSB=0.819184;MQ0F=0;AF1=1;AC1=1;DP4=1,1,12,21;MQ=26;FQ=-999;PV4=1,1,1,1",GT:PL,"1:226,60,0",N/A
chrI,199811,.,T,G,136.006,.,"DP=9;VDB=0.261236;SGB=-0.616816;MQSB=1;MQ0F=0;AF1=1;AC1=1;DP4=0,0,5,1;MQ=42;FQ=-999",GT:PL,"1:166,0",N/A
chrI,205499,.,C,G,13.2167,.,"DP=75;VDB=8.26322e-07;SGB=-0.693147;RPB=1;MQB=1;MQSB=1;BQB=1;MQ0F=0.106667;AF1=1;AC1=1;DP4=1,0,70,1;MQ=9;FQ=-999;PV4=1,1,1,1",GT:PL,"1:43,0",YAR050W(+)
chrI,205519,.,C,A,39.0054,.,"DP=102;VDB=0.00309792;SGB=-0.693147;RPB=0.753878;MQB=0.233796;MQSB=0.076429;BQB=0.00210842;MQ0F=0.0882353;AF1=1;AC1=1;DP4=3,2,96,1;MQ=11;FQ=-999;PV4=0.00570763,1,1,1",GT:PL,"1:69,0",YAR050W(+)
chrI,206126,.,T,C,13.2167,.,"DP=44;VDB=8.35992e-18;SGB=-0.693145;MQSB=0.611288;MQ0F=0.113636;AF1=1;AC1=1;DP4=0,0,9,32;MQ=6;FQ=-999",GT:PL,"1:43,0",YAR050W(+)
chrI,206129,.,A,C,13.2167,.,"DP=45;VDB=0.000905819;SGB=-0.693145;RPB=1;MQB=1;MQSB=0.235708;BQB=1;MQ0F=0.133333;AF1=1;AC1=1;DP4=1,0,9,31;MQ=5;FQ=-999;PV4=0.243902,1,1,1",GT:PL,"1:43,0",YAR050W(+)
chrI,206132,.,G,T,10.418,.,"DP=45;VDB=0.679943;SGB=-0.693145;MQSB=0.267396;MQ0F=0.133333;AF1=1;AC1=1;DP4=0,0,10,30;MQ=5;FQ=-999",GT:PL,"1:40,0",YAR050W(+)
chrI,206177,.,G,C,25.0184,.,"DP=73;VDB=1.26484e-05;SGB=-0.693147;MQSB=0.670267;MQ0F=0.0410959;AF1=1;AC1=1;DP4=0,0,50,21;MQ=8;FQ=-999",GT:PL,"1:55,0",YAR050W(+)
chrI,206178,.,C,A,23.0263,.,"DP=74;VDB=1.23317e-05;SGB=-0.693147;RPB=1;MQB=1;MQSB=0.623186;BQB=1;MQ0F=0.0405405;AF1=1;AC1=1;DP4=1,0,50,21;MQ=8;FQ=-999;PV4=1,0.353507,0.0476435,0.227836",GT:PL,"1:53,0",YAR050W(+)
chrI,206179,.,A,C,21.0389,.,"DP=79;VDB=1.2189e-05;SGB=-0.693147;RPB=0.334469;MQB=0.760482;MQSB=0.748391;BQB=0.209604;MQ0F=0.0379747;AF1=1;AC1=1;DP4=3,0,50,21;MQ=8;FQ=-999;PV4=0.553591,1,1,1",GT:PL,"1:51,0",YAR050W(+)
chrI,210818,.,A,T,77.0053,.,"DP=41;VDB=0.00194379;SGB=-0.693144;RPB=1;MQB=1;MQSB=0.0079196;BQB=1;MQ0F=0;AF1=1;AC1=1;DP4=1,0,3,36;MQ=14;FQ=-999;PV4=0.1,1,1,0.163662",GT:PL,"1:107,0",N/A
chrI,211019,.,T,C,17.0903,.,"DP=15;VDB=0.157557;SGB=-0.686358;RPB=1;MQB=1;MQSB=0.192308;BQB=1;MQ0F=0;AF1=1;AC1=1;DP4=0,1,2,12;MQ=16;FQ=-999;PV4=1,0.355019,8.29094e-05,0.158552",GT:PL,"1:47,0",N/A
chrII,6440,.,G,C,101.006,.,"DP=31;VDB=0.180362;SGB=-0.693054;MQSB=0.44065;MQ0F=0;AF1=1;AC1=1;DP4=0,0,4,24;MQ=17;FQ=-999",GT:PL,"1:131,0",N/A
chrII,7510,.,G,A,3.01251,.,"DP=5;VDB=0.945612;SGB=-0.590765;MQSB=0.166667;MQ0F=0;AF1=1;AC1=1;DP4=0,0,3,2;MQ=9;FQ=-999",GT:PL,"1:30,0",N/A
chrII,7511,.,G,A,3.01251,.,"DP=6;VDB=0.948062;SGB=-0.590765;MQSB=0.166667;MQ0F=0;AF1=1;AC1=1;DP4=0,0,3,2;MQ=9;FQ=-999",GT:PL,"1:30,0",N/A
chrII,7912,.,GAAA,GAA,26.4761,.,"INDEL;IDV=31;IMF=0.939394;DP=33;VDB=0.754774;SGB=-0.69312;MQSB=0.506154;MQ0F=0;AF1=1;AC1=1;DP4=1,0,25,7;MQ=10;FQ=-999;PV4=1,1,1,0.288397",GT:PL,"1:64,84,0",N/A
chrII,15101,.,T,G,225.007,.,"DP=17;VDB=0.0458743;SGB=-0.688148;MQSB=0.926163;MQ0F=0;AF1=1;AC1=1;DP4=0,0,4,11;MQ=40;FQ=-999",GT:PL,"1:255,0",YBL105C(-)
chrII,15510,.,G,T,225.007,.,"DP=22;VDB=0.0579051;SGB=-0.692352;MQSB=0.98995;MQ0F=0;AF1=1;AC1=1;DP4=0,0,9,12;MQ=41;FQ=-999",GT:PL,"1:255,0",YBL105C(-)
chrII,15518,.,A,G,225.007,.,"DP=30;VDB=0.732099;SGB=-0.692976;MQSB=0.999671;MQ0F=0;AF1=1;AC1=1;DP4=0,0,13,13;MQ=41;FQ=-999",GT:PL,"1:255,0",YBL105C(-)
chrII,16380,.,C,T,225.007,.,"DP=46;VDB=0.000492942;SGB=-0.693145;MQSB=0.469599;MQ0F=0;AF1=1;AC1=1;DP4=0,0,10,31;MQ=41;FQ=-999",GT:PL,"1:255,0",YBL105C(-)
chrII,16392,.,A,G,225.007,.,"DP=53;VDB=0.805826;SGB=-0.693147;MQSB=0.759858;MQ0F=0;AF1=1;AC1=1;DP4=0,0,19,33;MQ=41;FQ=-999",GT:PL,"1:255,0",YBL105C(-)
chrII,30050,.,A,G,11.3361,.,"DP=34;VDB=0.473819;SGB=-0.692976;RPB=1;MQB=1;MQSB=0.61171;BQB=1;MQ0F=0;AF1=1;AC1=1;DP4=1,0,20,6;MQ=8;FQ=-999;PV4=1,1,1,0.229364",GT:PL,"1:41,0","YBL100W-A(+),YBL100W-B(+)"
chrII,35485,.,C,T,43.0051,.,"DP=3;VDB=0.172729;SGB=-0.511536;MQ0F=0;AF1=1;AC1=1;DP4=0,0,3,0;MQ=35;FQ=-999",GT:PL,"1:73,0",N/A
chrII,59755,.,T,C,86.0054,.,"DP=5;VDB=0.811811;SGB=-0.556411;MQ0F=0;AF1=1;AC1=1;DP4=0,0,4,0;MQ=42;FQ=-999",GT:PL,"1:116,0",N/A
chrII,88484,.,GGAGAAGAGAAGA,GGAGAAGA,188.468,.,"INDEL;IDV=23;IMF=0.821429;DP=28;VDB=0.00552825;SGB=-0.693021;MQSB=1;MQ0F=0;AF1=1;AC1=1;DP4=1,0,26,1;MQ=40;FQ=-999;PV4=1,1,0.0145207,1",GT:PL,"1:226,48,0",N/A
chrII,115437,.,G,A,5.45858,.,"DP=4;VDB=0.148533;SGB=-0.511536;MQ0F=0;AF1=1;AC1=1;DP4=0,0,0,3;MQ=41;FQ=-999",GT:PL,"1:34,0",N/A
chrII,259764,.,C,T,60.0051,.,"DP=3;VDB=0.71601;SGB=-0.511536;MQ0F=0;AF1=1;AC1=1;DP4=0,0,0,3;MQ=42;FQ=-999",GT:PL,"1:90,0",N/A
chrII,265382,.,G,T,36.0059,.,"DP=2;VDB=0.14;SGB=-0.453602;MQ0F=0;AF1=1;AC1=1;DP4=0,0,2,0;MQ=42;FQ=-999",GT:PL,"1:66,0",N/A
chrII,343010,.,C,A,6.97679,.,"DP=1;SGB=-0.379885;MQ0F=0;AF1=1;AC1=1;DP4=0,0,1,0;MQ=42;FQ=-999",GT:PL,"1:36,0",N/A
chrII,383176,.,CGG,CGGG,217.469,.,"INDEL;IDV=27;IMF=0.771429;DP=35;VDB=0.484268;SGB=-0.693132;MQSB=0.932732;MQ0F=0;AF1=1;AC1=1;DP4=0,1,27,7;MQ=42;FQ=-999;PV4=0.228571,1,1,0.233653",GT:PL,"1:255,90,0",YBR073W(+)
chrII,389421,.,GCTCTCT,GCTCT,143.468,.,"INDEL;IDV=14;IMF=0.875;DP=16;VDB=0.351783;SGB=-0.680642;MQSB=0.95083;MQ0F=0;AF1=0.500031;AC1=1;DP4=2,2,5,7;MQ=35;FQ=-999;PV4=1,1,1,1",GT:PL,"1:220,0,39",N/A
chrII,694886,.,T,A,6.97679,.,"DP=1;SGB=-0.379885;MQ0F=0;AF1=1;AC1=1;DP4=0,0,0,1;MQ=42;FQ=-999",GT:PL,"1:36,0",N/A
chrII,746362,.,CATCTGCAATCTGCAATCT,CATCTGCAATCT,135.468,.,"INDEL;IDV=23;IMF=0.71875;DP=32;VDB=0.18274;SGB=-0.692976;MQSB=0.850154;MQ0F=0;AF1=0.5;AC1=1;DP4=5,1,23,3;MQ=39;FQ=-999;PV4=1,1,0.0383734,1",GT:PL,"1:253,0,80",YBR272C(-)
chrIII,84780,.,A,T,17.0903,.,"DP=2;VDB=0.18;SGB=-0.453602;MQ0F=0;AF1=1;AC1=1;DP4=0,0,0,2;MQ=42;FQ=-999",GT:PL,"1:47,0",N/A
chrIII,143131,.,T,C,225.007,.,"DP=28;VDB=0.01754;SGB=-0.692562;MQSB=1;MQ0F=0;AF1=1;AC1=1;DP4=0,0,16,6;MQ=42;FQ=-999",GT:PL,"1:255,0",N/A
chrIII,148615,.,C,T,6.97679,.,"DP=2;VDB=0.32;SGB=-0.453602;MQ0F=0;AF1=1;AC1=1;DP4=0,0,0,2;MQ=34;FQ=-999",GT:PL,"1:36,0",YCR018C(-)
chrIII,162361,.,T,C,183.007,.,"DP=11;VDB=0.641962;SGB=-0.676189;MQSB=1;MQ0F=0;AF1=1;AC1=1;DP4=0,0,1,10;MQ=42;FQ=-999",GT:PL,"1:213,0",N/A
chrIII,162396,.,G,C,127.006,.,"DP=5;VDB=0.320361;SGB=-0.590765;MQSB=1;MQ0F=0;AF1=1;AC1=1;DP4=0,0,2,3;MQ=42;FQ=-999",GT:PL,"1:157,0",N/A
chrIII,162640,.,T,G,159.006,.,"DP=8;VDB=0.0165867;SGB=-0.636426;MQSB=1;MQ0F=0;AF1=1;AC1=1;DP4=0,0,5,2;MQ=42;FQ=-999",GT:PL,"1:189,0",YCR024C-B(-)
chrIII,162694,.,G,A,160.006,.,"DP=7;VDB=0.207027;SGB=-0.636426;MQSB=0.8;MQ0F=0;AF1=1;AC1=1;DP4=0,0,5,2;MQ=42;FQ=-999",GT:PL,"1:190,0",YCR024C-B(-)
chrIII,162712,.,TAAAAAAAAAA,TAAAAAAAAA,12.7055,.,"INDEL;IDV=9;IMF=0.9;DP=10;VDB=0.923365;SGB=-0.662043;MQSB=0.916482;MQ0F=0;AF1=1;AC1=1;DP4=1,0,6,3;MQ=42;FQ=-999;PV4=1,1,0.322688,1",GT:PL,"1:50,18,0",YCR024C-B(-)
chrIII,163059,.,T,C,225.007,.,"DP=25;VDB=0.985734;SGB=-0.692562;RPB=1;MQB=1;MQSB=0.416862;BQB=1;MQ0F=0;AF1=1;AC1=1;DP4=1,0,8,14;MQ=42;FQ=-999;PV4=0.391304,0.466505,0.353994,0.126516",GT:PL,"1:255,0",YCR024C-A(-)
chrIII,163192,.,ATTT,ATTTT,22.4908,.,"INDEL;IDV=34;IMF=1;DP=34;VDB=0.000321525;SGB=-0.692831;MQSB=0.888495;MQ0F=0;AF1=0.5;AC1=1;DP4=1,9,4,20;MQ=41;FQ=-999;PV4=1,1,1,1",GT:PL,"1:156,0,96",N/A
chrIII,199081,.,G,A,97.0056,.,"DP=94;VDB=0.0303264;SGB=-0.693147;RPB=0.956025;MQB=0.0275357;MQSB=0.0155151;BQB=0.849237;MQ0F=0;AF1=1;AC1=1;DP4=14,9,24,42;MQ=16;FQ=-999;PV4=0.051807,0.441479,1,1",GT:PL,"1:127,0",YCR038C(-)
chrIV,130,.,CACA,C,16.5631,.,"INDEL;IDV=10;IMF=0.416667;DP=24;VDB=0.0350964;SGB=-0.662043;MQSB=0.20662;MQ0F=0.125;AF1=0.50025;AC1=1;DP4=7,8,9,0;MQ=20;FQ=-999;PV4=0.00949596,1,1,0.357884",GT:PL,"1:84,0,30",N/A
chrIV,403511,.,GTTTTTTTTT,GTTTTTTTTTT,18.5276,.,"INDEL;IDV=6;IMF=0.666667;DP=9;VDB=0.414654;SGB=-0.651104;MQSB=0.89338;MQ0F=0;AF1=1;AC1=1;DP4=1,0,3,5;MQ=42;FQ=-999;PV4=0.444444,1,0.313142,1",GT:PL,"1:56,15,0",N/A
chrIV,452875,.,C,"A,T",17.0903,.,"DP=4;VDB=0.0871199;SGB=-0.556411;MQ0F=0;AF1=1;AC1=1;DP4=0,0,4,0;MQ=42;FQ=-999",GT:PL,"1:49,2,41",N/A
chrIV,736999,.,T,A,225.007,.,"DP=22;VDB=0.555437;SGB=-0.692562;MQSB=1;MQ0F=0;AF1=1;AC1=1;DP4=0,0,9,13;MQ=42;FQ=-999",GT:PL,"1:255,0",YDR141C(-)
chrIV,757631,.,G,"C,T",110.006,.,"DP=73;VDB=0.00353923;SGB=-0.693147;MQSB=0.98975;MQ0F=0;AF1=1;AC1=1;DP4=0,0,38,35;MQ=15;FQ=-999",GT:PL,"1:140,0,106",YDR150W(+)
chrIV,758310,.,T,C,66.0052,.,"DP=38;VDB=0.000477402;SGB=-0.693143;MQSB=0.2433;MQ0F=0;AF1=1;AC1=1;DP4=0,0,6,32;MQ=11;FQ=-999",GT:PL,"1:96,0",YDR150W(+)
chrIV,769328,.,G,A,225.007,.,"DP=21;VDB=0.150816;SGB=-0.692067;MQSB=0.953497;MQ0F=0;AF1=1;AC1=1;DP4=0,0,12,8;MQ=42;FQ=-999",GT:PL,"1:255,0",N/A
chrIV,783598,.,G,A,225.007,.,"DP=48;VDB=0.30203;SGB=-0.693147;MQSB=1;MQ0F=0;AF1=1;AC1=1;DP4=0,0,23,23;MQ=42;FQ=-999",GT:PL,"1:255,0",YDR164C(-)
chrIV,817531,.,TAAAAAAAAAA,TAAAAAAAAAAA,9.93137,.,"INDEL;IDV=9;IMF=0.818182;DP=11;VDB=0.227606;SGB=-0.662043;MQSB=1;MQ0F=0;AF1=1;AC1=1;DP4=0,2,3,6;MQ=42;FQ=-999;PV4=1,1,1,1",GT:PL,"1:47,11,0",N/A
chrIV,864219,.,A,G,225.007,.,"DP=40;VDB=0.0831543;SGB=-0.693145;MQSB=1;MQ0F=0;AF1=1;AC1=1;DP4=0,0,25,15;MQ=42;FQ=-999",GT:PL,"1:255,0",YDR206W(+)
chrIV,880697,.,A,G,4.12714,.,"DP=61;VDB=0.0304442;SGB=-0.692352;RPB=0.993371;MQB=3.40701e-08;MQSB=0.000206426;BQB=0.747466;MQ0F=0.0163934;AF1=1;AC1=1;DP4=11,22,20,1;MQ=9;FQ=-999;PV4=4.1266e-06,0.0586547,1,1",GT:PL,"1:32,0",YDR210C-D(-)
chrIV,1150910,.,AGG,AGGG,187.468,.,"INDEL;IDV=9;IMF=1;DP=9;VDB=0.143164;SGB=-0.662043;MQSB=0.924584;MQ0F=0;AF1=1;AC1=1;DP4=0,0,3,6;MQ=42;FQ=-999",GT:PL,"1:225,27,0",YDR340W(+)
chrIV,1185130,.,C,A,225.007,.,"DP=61;VDB=0.023734;SGB=-0.693147;MQSB=1;MQ0F=0;AF1=1;AC1=1;DP4=0,0,33,19;MQ=42;FQ=-999",GT:PL,"1:255,0",YDR354W(+)
chrIV,1253397,.,T,C,225.007,.,"DP=37;VDB=0.0324188;SGB=-0.693132;MQSB=0.847634;MQ0F=0;AF1=1;AC1=1;DP4=0,0,27,7;MQ=42;FQ=-999",GT:PL,"1:255,0",YDR389W(+)
chrIV,1305680,.,TGG,TG,23.4858,.,"INDEL;IDV=6;IMF=1;DP=6;VDB=0.0134675;SGB=-0.590765;MQSB=1;MQ0F=0;AF1=0.503994;AC1=1;DP4=0,1,2,3;MQ=42;FQ=-999;PV4=1,1,1,0.352",GT:PL,"1:79,0,18",N/A
chrIV,1402305,.,C,T,172.007,.,"DP=14;VDB=0.892694;SGB=-0.680642;MQSB=0.540433;MQ0F=0;AF1=1;AC1=1;DP4=0,0,9,3;MQ=30;FQ=-999",GT:PL,"1:202,0",YDR471W(+)
chrIV,1433710,.,A,T,225.007,.,"DP=39;VDB=0.0277549;SGB=-0.693143;MQSB=1;MQ0F=0;AF1=1;AC1=1;DP4=0,0,19,19;MQ=42;FQ=-999",GT:PL,"1:255,0",YDR490C(-)
chrIV,1524974,.,A,G,188.007,.,"DP=55;VDB=0.998314;SGB=-0.693147;MQSB=0.50153;MQ0F=0.0181818;AF1=1;AC1=1;DP4=0,0,24,26;MQ=20;FQ=-999",GT:PL,"1:218,0",N/A
chrIV,1525313,.,T,G,116.006,.,"DP=36;VDB=2.27992e-05;SGB=-0.693136;MQSB=1;MQ0F=0.0277778;AF1=1;AC1=1;DP4=0,0,1,34;MQ=21;FQ=-999",GT:PL,"1:146,0",YDR544C(-)
chrIV,1525335,.,C,G,98.0056,.,"DP=30;VDB=9.70331e-08;SGB=-0.693097;MQ0F=0.0333333;AF1=1;AC1=1;DP4=0,0,0,30;MQ=20;FQ=-999",GT:PL,"1:128,0",YDR544C(-)
chrIV,1525340,.,C,A,72.0053,.,"DP=30;VDB=1.15646e-07;SGB=-0.693097;MQ0F=0.0333333;AF1=1;AC1=1;DP4=0,0,0,30;MQ=20;FQ=-999",GT:PL,"1:102,0",YDR544C(-)
chrIV,1525345,.,C,G,75.0053,.,"DP=20;VDB=3.48381e-07;SGB=-0.69168;MQ0F=0.05;AF1=1;AC1=1;DP4=0,0,0,19;MQ=18;FQ=-999",GT:PL,"1:105,0",YDR544C(-)
chrIV,1525351,.,C,G,60.0051,.,"DP=17;VDB=7.90214e-06;SGB=-0.680642;MQ0F=0.0588235;AF1=1;AC1=1;DP4=0,0,0,12;MQ=18;FQ=-999",GT:PL,"1:90,0",YDR544C(-)
chrIV,1525357,.,C,G,27.0133,.,"DP=10;VDB=0.00306499;SGB=-0.590765;MQ0F=0.1;AF1=1;AC1=1;DP4=0,0,0,5;MQ=18;FQ=-999",GT:PL,"1:57,0",YDR544C(-)
chrV,31693,.,TCTATGCTA,TCTA,22.4908,.,"INDEL;IDV=1;IMF=0.5;DP=2;VDB=0.06;SGB=-0.453602;MQ0F=0;AF1=1;AC1=1;DP4=0,0,0,2;MQ=33;FQ=-999",GT:PL,"1:60,6,0",N/A
chrV,48384,.,T,C,225.007,.,"DP=13;VDB=0.219635;SGB=-0.680642;MQSB=1;MQ0F=0;AF1=1;AC1=1;DP4=0,0,9,3;MQ=42;FQ=-999",GT:PL,"1:255,0",N/A
chrV,117045,.,A,AAGCT,11.7654,.,"INDEL;IDV=5;IMF=1;DP=5;VDB=0.00351425;SGB=-0.511536;MQ0F=0;AF1=1;AC1=1;DP4=2,0,3,0;MQ=24;FQ=-999;PV4=1,1,1,0.0374199",GT:PL,"1:49,3,0",N/A
chrV,154531,.,T,A,225.007,.,"DP=24;VDB=0.0863996;SGB=-0.692352;MQSB=1;MQ0F=0;AF1=1;AC1=1;DP4=0,0,10,11;MQ=42;FQ=-999",GT:PL,"1:255,0",YER001W(+)
chrV,253726,.,T,C,6.97679,.,"DP=1;SGB=-0.379885;MQ0F=0;AF1=1;AC1=1;DP4=0,0,1,0;MQ=42;FQ=-999",GT:PL,"1:36,0",N/A
chrV,272558,.,GTTTTTTTTTTTT,GTTTTTTTTTTT,3.80489,.,"INDEL;IDV=26;IMF=0.928571;DP=28;VDB=0.000294035;SGB=-0.692717;MQSB=0.952597;MQ0F=0;AF1=1;AC1=1;DP4=2,3,16,7;MQ=41;FQ=-999;PV4=0.315018,1,1,0.184337",GT:PL,"1:39,34,0",N/A
chrV,352394,.,A,G,225.007,.,"DP=28;VDB=0.27542;SGB=-0.692717;MQSB=1;MQ0F=0;AF1=1;AC1=1;DP4=0,0,8,15;MQ=42;FQ=-999",GT:PL,"1:255,0",YER096W(+)
chrV,517529,.,T,C,225.007,.,"DP=26;VDB=0.108583;SGB=-0.692914;MQSB=0.955682;MQ0F=0;AF1=1;AC1=1;DP4=0,0,14,11;MQ=42;FQ=-999",GT:PL,"1:255,0",N/A
chrVI,97864,.,CTTTTTTTTTT,"CTTTTTTTTTTTT,CTTTTTTTTTTTTT",54.4667,.,"INDEL;IDV=40;IMF=0.869565;DP=46;VDB=0.00544741;SGB=-0.693145;MQSB=0.568182;MQ0F=0;AF1=1;AC1=1;DP4=5,0,39,2;MQ=42;FQ=-999;PV4=1,1,1,1",GT:PL,"1:92,0,58",N/A
chrVII,9,.,ACAC,"ACACCAC,ACCAC,ACACCCACACCAC",150.468,.,"INDEL;IDV=18;IMF=0.818182;DP=22;VDB=2.35769e-12;SGB=-0.69168;MQSB=0.15;MQ0F=0.0909091;AF1=1;AC1=1;DP4=3,0,17,2;MQ=34;FQ=-999;PV4=1,1,1,8.19935e-09",GT:PL,"1:234,59,46,170,0,174,217,52,158,222",N/A
chrVII,12,.,C,CCCACACCAA,6.55188,.,"INDEL;IDV=1;IMF=0.0434783;DP=23;VDB=2.24095e-10;SGB=-0.676189;MQSB=0.142857;MQ0F=0.0869565;AF1=0.500158;AC1=1;DP4=10,2,11,0;MQ=34;FQ=-999;PV4=0.478261,1,1,0.452684",GT:PL,"1:75,0,32",N/A
chrVII,214,.,ACC,ACCC,195.468,.,"INDEL;IDV=47;IMF=0.87037;DP=54;VDB=0.235055;SGB=-0.693147;MQSB=1.2267e-05;MQ0F=0;AF1=1;AC1=1;DP4=1,5,19,29;MQ=26;FQ=-999;PV4=0.394699,1,1,1",GT:PL,"1:233,41,0",N/A
chrVII,8151,.,GA,GAA,12.7055,.,"INDEL;IDV=12;IMF=0.857143;DP=14;VDB=0.99866;SGB=-0.686358;MQSB=0.991701;MQ0F=0;AF1=1;AC1=1;DP4=0,0,8,6;MQ=8;FQ=-999",GT:PL,"1:50,42,0",N/A
chrVII,163291,.,A,G,6.97679,.,"DP=1;SGB=-0.379885;MQ0F=0;AF1=1;AC1=1;DP4=0,0,1,0;MQ=42;FQ=-999",GT:PL,"1:36,0",N/A
chrVII,386978,.,C,G,225.007,.,"DP=47;VDB=0.0119839;SGB=-0.693146;MQSB=0.00119636;MQ0F=0;AF1=1;AC1=1;DP4=0,0,19,24;MQ=28;FQ=-999",GT:PL,"1:255,0",YGL062W(+)
chrVII,386979,.,G,C,225.007,.,"DP=49;VDB=0.024452;SGB=-0.693146;MQSB=0.00262539;MQ0F=0;AF1=1;AC1=1;DP4=0,0,19,25;MQ=28;FQ=-999",GT:PL,"1:255,0",YGL062W(+)
chrVII,401674,.,C,A,43.0051,.,"DP=3;VDB=0.142856;SGB=-0.511536;MQSB=1;MQ0F=0;AF1=1;AC1=1;DP4=0,0,2,1;MQ=34;FQ=-999",GT:PL,"1:73,0",N/A
chrVII,401698,.,T,A,89.0055,.,"DP=5;VDB=0.552878;SGB=-0.590765;MQSB=0.333333;MQ0F=0;AF1=1;AC1=1;DP4=0,0,3,2;MQ=34;FQ=-999",GT:PL,"1:119,0",N/A
chrVII,405085,.,CGG,CG,73.4669,.,"INDEL;IDV=8;IMF=1;DP=8;VDB=0.038698;SGB=-0.636426;MQSB=0.166667;MQ0F=0;AF1=1;AC1=1;DP4=0,1,6,1;MQ=31;FQ=-999;PV4=0.25,1,1,0.232818",GT:PL,"1:111,15,0",N/A
chrVII,530034,.,A,C,9.51895,.,"DP=99;VDB=6.88485e-10;SGB=-0.693147;RPB=5.79669e-14;MQB=0.000815243;MQSB=0.99478;BQB=0.0771326;MQ0F=0.020202;AF1=0.5;AC1=1;DP4=13,26,22,27;MQ=35;FQ=-999;PV4=0.28419,1,1,1",GT:PL,"1:255,216",YGR023W(+)
chrVII,639666,.,C,A,21.0389,.,"DP=6;VDB=0.0560361;SGB=-0.511536;RPB=1;MQB=1;MQSB=1;BQB=1;MQ0F=0;AF1=1;AC1=1;DP4=1,0,0,3;MQ=31;FQ=-999;PV4=0.25,0.329749,1,1",GT:PL,"1:51,0",N/A
chrVII,733130,.,C,A,8.64278,.,"DP=17;VDB=0.00031181;SGB=-0.680642;RPB=0.875;MQB=0.416667;BQB=0.75;MQ0F=0;AF1=1;AC1=1;DP4=2,0,12,0;MQ=38;FQ=-999;PV4=1,1,0.191153,1",GT:PL,"1:38,0",N/A
chrVII,923607,.,T,C,165.006,.,"DP=8;VDB=0.147395;SGB=-0.636426;MQSB=1;MQ0F=0;AF1=1;AC1=1;DP4=0,0,2,5;MQ=42;FQ=-999",GT:PL,"1:195,0",YGR216C(-)
chrVII,1006277,.,G,C,225.007,.,"DP=19;VDB=0.253297;SGB=-0.69168;MQSB=1;MQ0F=0;AF1=1;AC1=1;DP4=0,0,13,6;MQ=42;FQ=-999",GT:PL,"1:255,0",YGR257C(-)
chrVII,1006278,.,C,G,225.007,.,"DP=20;VDB=0.258983;SGB=-0.69168;MQSB=1;MQ0F=0;AF1=1;AC1=1;DP4=0,0,13,6;MQ=42;FQ=-999",GT:PL,"1:255,0",YGR257C(-)
chrVII,1006279,.,G,C,225.007,.,"DP=20;VDB=0.257426;SGB=-0.69168;MQSB=1;MQ0F=0;AF1=1;AC1=1;DP4=0,0,13,6;MQ=42;FQ=-999",GT:PL,"1:255,0",YGR257C(-)
chrVIII,1569,.,G,A,207.007,.,"DP=215;VDB=0.00967009;SGB=-0.693147;MQ0F=0.0418605;AF1=1;AC1=1;DP4=0,0,199,0;MQ=29;FQ=-999",GT:PL,"1:237,0",YHL050C(-)
chrVIII,1672,.,A,G,55.0051,.,"DP=251;VDB=2.89769e-13;SGB=-0.693147;RPB=0.00460053;MQB=1.17297e-06;MQSB=3.57445e-13;BQB=0.119868;MQ0F=0.0159363;AF1=1;AC1=1;DP4=46,25,174,5;MQ=26;FQ=-999;PV4=2.8447e-11,0.0331809,1,1",GT:PL,"1:85,0",YHL050C(-)
chrVIII,1708,.,A,G,5.45858,.,"DP=243;VDB=7.05253e-10;SGB=-0.693147;RPB=1.18914e-08;MQB=8.39299e-17;MQSB=2.16434e-05;BQB=1.82302e-13;MQ0F=0.0452675;AF1=0.5;AC1=1;DP4=71,38,130,0;MQ=23;FQ=-999;PV4=1.58777e-15,3.28531e-19,1,0.309036",GT:PL,"1:103,69",YHL050C(-)
chrVIII,1846,.,A,G,35.0062,.,"DP=48;VDB=0.113121;SGB=-0.693147;MQSB=0.166044;MQ0F=0.0208333;AF1=1;AC1=1;DP4=0,0,8,40;MQ=7;FQ=-999",GT:PL,"1:65,0",YHL050C(-)
chrVIII,1927,.,G,A,31.0082,.,"DP=195;VDB=1.85489e-39;SGB=-0.693147;RPB=3.27142e-06;MQB=0.000494737;MQSB=0.0639473;BQB=0.997519;MQ0F=0.148718;AF1=1;AC1=1;DP4=0,10,13,137;MQ=12;FQ=-999;PV4=1,0.293281,3.55954e-09,0.0123742",GT:PL,"1:61,0",N/A
chrVIII,1997,.,T,C,190.007,.,"DP=245;VDB=4.84454e-10;SGB=-0.693147;RPB=0.639482;MQB=0.0516312;MQSB=0.033195;BQB=0.965941;MQ0F=0.00816326;AF1=1;AC1=1;DP4=2,10,0,231;MQ=30;FQ=-999;PV4=0.00224467,1,1,1",GT:PL,"1:220,0",N/A
chrVIII,2068,.,A,T,55.0051,.,"DP=249;VDB=9.9296e-15;SGB=-0.693147;RPB=0.235972;MQB=0.997374;MQSB=1;BQB=0.81386;MQ0F=0.0803213;AF1=1;AC1=1;DP4=1,39,0,207;MQ=26;FQ=-999;PV4=0.161943,0.185915,0.437749,1",GT:PL,"1:85,0",N/A
chrVIII,5556,.,C,T,10.418,.,"DP=18;VDB=0.0345987;SGB=-0.676189;MQSB=0.954207;MQ0F=0.0555556;AF1=1;AC1=1;DP4=0,0,8,3;MQ=8;FQ=-999",GT:PL,"1:40,0",N/A
chrVIII,5635,.,T,C,66.0052,.,"DP=11;VDB=0.01488;SGB=-0.636426;RPB=0;MQB=0;BQB=0;MQ0F=0;AF1=1;AC1=1;DP4=2,0,7,0;MQ=28;FQ=-999;PV4=1,7.79896e-05,1,1",GT:PL,"1:96,0",N/A
chrVIII,5759,.,G,A,14.1739,.,"DP=2;VDB=0.28;SGB=-0.453602;MQ0F=0;AF1=1;AC1=1;DP4=0,0,2,0;MQ=24;FQ=-999",GT:PL,"1:44,0",YHL048C-A(-)
chrVIII,5775,.,G,C,14.1739,.,"DP=2;VDB=0.28;SGB=-0.453602;MQ0F=0;AF1=1;AC1=1;DP4=0,0,2,0;MQ=24;FQ=-999",GT:PL,"1:44,0",YHL048C-A(-)
chrVIII,5777,.,G,A,14.1739,.,"DP=2;VDB=0.28;SGB=-0.453602;MQ0F=0;AF1=1;AC1=1;DP4=0,0,2,0;MQ=24;FQ=-999",GT:PL,"1:44,0",YHL048C-A(-)
chrVIII,5788,.,T,G,14.1739,.,"DP=5;VDB=0.28;SGB=-0.453602;MQ0F=0;AF1=1;AC1=1;DP4=0,0,2,0;MQ=24;FQ=-999",GT:PL,"1:44,0",YHL048C-A(-)
chrVIII,5806,.,C,T,40.0053,.,"DP=4;VDB=0.66971;SGB=-0.556411;MQ0F=0;AF1=1;AC1=1;DP4=0,0,4,0;MQ=23;FQ=-999",GT:PL,"1:70,0",N/A
chrVIII,5830,.,C,T,27.0133,.,"DP=3;VDB=0.0221621;SGB=-0.511536;MQ0F=0;AF1=1;AC1=1;DP4=0,0,3,0;MQ=23;FQ=-999",GT:PL,"1:57,0",N/A
chrVIII,5837,.,A,C,27.0133,.,"DP=3;VDB=0.0221621;SGB=-0.511536;MQ0F=0;AF1=1;AC1=1;DP4=0,0,3,0;MQ=23;FQ=-999",GT:PL,"1:57,0",N/A
chrVIII,5838,.,A,G,27.0133,.,"DP=3;VDB=0.0221621;SGB=-0.511536;MQ0F=0;AF1=1;AC1=1;DP4=0,0,3,0;MQ=23;FQ=-999",GT:PL,"1:57,0",N/A
chrVIII,5854,.,A,G,27.0133,.,"DP=3;VDB=0.0221621;SGB=-0.511536;MQ0F=0;AF1=1;AC1=1;DP4=0,0,3,0;MQ=23;FQ=-999",GT:PL,"1:57,0",N/A
chrVIII,5856,.,G,A,27.0133,.,"DP=3;VDB=0.0221621;SGB=-0.511536;MQ0F=0;AF1=1;AC1=1;DP4=0,0,3,0;MQ=23;FQ=-999",GT:PL,"1:57,0",N/A
chrVIII,6245,.,T,C,4.12714,.,"DP=9;VDB=0.0974253;SGB=-0.616816;RPB=0.809011;MQB=0.809011;MQSB=0.649731;BQB=0.924584;MQ0F=0.111111;AF1=0.555378;AC1=1;DP4=0,3,4,2;MQ=14;FQ=-999;PV4=0.166667,0.258245,1,1",GT:PL,"1:39,7",N/A
chrVIII,6252,.,T,G,42.0052,.,"DP=8;VDB=0.0763459;SGB=-0.636426;RPB=1;MQB=1;MQSB=0.372138;BQB=1;MQ0F=0.125;AF1=1;AC1=1;DP4=0,1,4,3;MQ=15;FQ=-999;PV4=1,1,1,0.24786",GT:PL,"1:72,0",N/A
chrVIII,85508,.,TTATATATAT,TTATATAT,28.4725,.,"INDEL;IDV=3;IMF=0.5;DP=6;VDB=0.9708;SGB=-0.556411;MQSB=0.5;MQ0F=0;AF1=0.500005;AC1=1;DP4=0,2,4,0;MQ=41;FQ=-999;PV4=0.0666667,1,1,1",GT:PL,"1:113,0,47",N/A
chrVIII,216123,.,C,T,87.0054,.,"DP=51;VDB=0.659505;SGB=-0.670168;RPB=0.152799;MQB=1.10504e-05;MQSB=0.348197;BQB=0.698978;MQ0F=0;AF1=1;AC1=1;DP4=24,11,10,0;MQ=20;FQ=-999;PV4=0.0887651,0.0522582,1,1",GT:PL,"1:117,0",YHR056C(-)
chrVIII,417054,.,G,A,225.007,.,"DP=29;VDB=0.113119;SGB=-0.693054;MQSB=1;MQ0F=0;AF1=1;AC1=1;DP4=0,0,9,19;MQ=42;FQ=-999",GT:PL,"1:255,0",YHR158C(-)
chrVIII,499958,.,C,T,225.007,.,"DP=59;VDB=0.000586179;SGB=-0.693147;MQSB=0.998564;MQ0F=0;AF1=1;AC1=1;DP4=0,0,54,3;MQ=42;FQ=-999",GT:PL,"1:255,0",YHR201C(-)
chrVIII,508827,.,A,T,4.12714,.,"DP=3;VDB=0.42;SGB=-0.453602;MQ0F=0;AF1=1;AC1=1;DP4=0,0,2,0;MQ=34;FQ=-999",GT:PL,"1:32,0",N/A
chrVIII,511255,.,C,T,225.007,.,"DP=79;VDB=0.534072;SGB=-0.693147;MQSB=1;MQ0F=0;AF1=1;AC1=1;DP4=0,0,14,55;MQ=42;FQ=-999",GT:PL,"1:255,0",YHR205W(+)
chrVIII,524447,.,C,G,119.006,.,"DP=7;VDB=0.968834;SGB=-0.590765;MQSB=1;MQ0F=0;AF1=1;AC1=1;DP4=0,0,2,3;MQ=42;FQ=-999",GT:PL,"1:149,0",N/A
chrIX,23282,.,TCC,TC,26.4761,.,"INDEL;IDV=45;IMF=0.849057;DP=53;VDB=1.56013e-05;SGB=-0.693145;MQ0F=0;AF1=0.500158;AC1=1;DP4=13,0,40,0;MQ=28;FQ=-999;PV4=1,1,1,3.85512e-06",GT:PL,"1:96,0,32",YIL169C(-)
chrIX,318694,.,T,A,225.007,.,"DP=35;VDB=0.0289691;SGB=-0.693132;MQSB=1;MQ0F=0;AF1=1;AC1=1;DP4=0,0,7,27;MQ=42;FQ=-999",GT:PL,"1:255,0",YIL017C(-)
chrX,97478,.,G,A,225.007,.,"DP=46;VDB=0.00111421;SGB=-0.693147;MQSB=1;MQ0F=0;AF1=1;AC1=1;DP4=0,0,27,18;MQ=42;FQ=-999",GT:PL,"1:255,0",N/A
chrX,100335,.,C,T,225.007,.,"DP=77;VDB=0.421102;SGB=-0.693147;MQSB=1;MQ0F=0;AF1=1;AC1=1;DP4=0,0,36,35;MQ=42;FQ=-999",GT:PL,"1:255,0",YJL171C(-)
chrX,199170,.,A,C,24.0219,.,"DP=13;VDB=0.532753;SGB=-0.680642;MQSB=0.652235;MQ0F=0;AF1=1;AC1=1;DP4=0,0,3,9;MQ=9;FQ=-999",GT:PL,"1:54,0",YJL113W(+)
chrX,200219,.,A,G,4.12714,.,"DP=7;VDB=0.898035;SGB=-0.616816;MQSB=0.875;MQ0F=0;AF1=1;AC1=1;DP4=0,0,2,4;MQ=7;FQ=-999",GT:PL,"1:32,0",YJL113W(+)
chrX,278977,.,CAGAGAG,CAGAG,209.469,.,"INDEL;IDV=37;IMF=0.860465;DP=43;VDB=0.352192;SGB=-0.693143;MQSB=0.958189;MQ0F=0;AF1=0.543032;AC1=1;DP4=3,2,29,9;MQ=42;FQ=-999;PV4=0.58907,1,1,1",GT:PL,"1:255,0,8",YJL083W(+)
chrXI,457,.,CG,CAG,174.468,.,"INDEL;IDV=71;IMF=0.934211;DP=76;VDB=0.981038;SGB=-0.693147;MQSB=0.960458;MQ0F=0;AF1=1;AC1=1;DP4=1,13,43,19;MQ=23;FQ=-999;PV4=2.29257e-05,1,1,1",GT:PL,"1:212,27,0",YKL225W(+)
chrXI,68454,.,G,GCC,16.5631,.,"INDEL;IDV=44;IMF=1;DP=44;VDB=0.781889;SGB=-0.693021;MQSB=0.451863;MQ0F=0;AF1=0.5;AC1=1;DP4=14,3,17,10;MQ=40;FQ=-999;PV4=0.197937,1,1,1",GT:PL,"1:255,0,201",YKL198C(-)
chrXI,451568,.,GGAACACGAACACGAACA,GGAACACGAACA,189.468,.,"INDEL;IDV=34;IMF=0.708333;DP=48;VDB=0.180798;SGB=-0.693145;MQSB=0.0245508;MQ0F=0;AF1=0.500397;AC1=1;DP4=3,4,13,28;MQ=39;FQ=-999;PV4=0.671799,1,1,1",GT:PL,"1:255,0,28",YKR007W(+)
chrXI,666554,.,AGG,AG,217.469,.,"INDEL;IDV=1;IMF=0.0126582;DP=79;VDB=5.28711e-05;SGB=-0.693147;MQSB=0.946457;MQ0F=0;AF1=1;AC1=1;DP4=1,5,8,65;MQ=39;FQ=-999;PV4=0.528296,1,1,1",GT:PL,"1:255,124,0",N/A
chrXI,666556,.,GT,G,217.469,.,"INDEL;IDV=73;IMF=0.924051;DP=79;VDB=5.29549e-05;SGB=-0.693147;MQSB=0.946457;MQ0F=0;AF1=1;AC1=1;DP4=1,6,8,64;MQ=39;FQ=-999;PV4=0.586452,1,0.475568,1",GT:PL,"1:255,117,0",N/A
chrXI,666557,.,TG,T,217.469,.,"INDEL;IDV=4;IMF=0.05;DP=80;VDB=9.22251e-05;SGB=-0.693147;MQSB=0.988401;MQ0F=0;AF1=1;AC1=1;DP4=2,6,8,64;MQ=39;FQ=-999;PV4=0.260782,1,1,1",GT:PL,"1:255,111,0",N/A
chrXII,590,.,ATG,ATGTACAGTG,81.467,.,"INDEL;IDV=13;IMF=0.152941;DP=85;VDB=0.000177047;SGB=-0.693147;MQ0F=0;AF1=0.500997;AC1=1;DP4=20,0,65,0;MQ=30;FQ=-999;PV4=1,1,1,1",GT:PL,"1:143,0,24",YLL067C(-)
chrXII,591,.,TGG,TGTACAGCGG,124.468,.,"INDEL;IDV=66;IMF=0.785714;DP=84;VDB=0.000197593;SGB=-0.693147;MQ0F=0;AF1=1;AC1=1;DP4=10,0,74,0;MQ=30;FQ=-999;PV4=1,1,1,1",GT:PL,"1:162,75,0",YLL067C(-)
chrXII,105499,.,A,T,6.97679,.,"DP=1;SGB=-0.379885;MQ0F=0;AF1=1;AC1=1;DP4=0,0,1,0;MQ=42;FQ=-999",GT:PL,"1:36,0",N/A
chrXII,150260,.,G,T,4.12714,.,"DP=1;SGB=-0.379885;MQ0F=0;AF1=1;AC1=1;DP4=0,0,1,0;MQ=42;FQ=-999",GT:PL,"1:32,0",N/A
chrXII,187137,.,ATTT,ATT,194.468,.,"INDEL;IDV=16;IMF=0.727273;DP=22;VDB=0.391375;SGB=-0.69168;MQSB=1;MQ0F=0;AF1=0.624261;AC1=1;DP4=2,1,8,11;MQ=42;FQ=-999;PV4=0.571429,1,1,1",GT:PL,"1:236,0,4",N/A
chrXII,251137,.,G,T,6.97679,.,"DP=1;SGB=-0.379885;MQ0F=0;AF1=1;AC1=1;DP4=0,0,0,1;MQ=42;FQ=-999",GT:PL,"1:36,0",N/A
chrXII,287790,.,T,A,6.97679,.,"DP=1;SGB=-0.379885;MQ0F=0;AF1=1;AC1=1;DP4=0,0,0,1;MQ=42;FQ=-999",GT:PL,"1:36,0",N/A
chrXII,291384,.,A,G,225.007,.,"DP=49;VDB=0.208465;SGB=-0.693147;MQSB=0.395851;MQ0F=0;AF1=1;AC1=1;DP4=0,0,11,37;MQ=42;FQ=-999",GT:PL,"1:255,0",YLR081W(+)
chrXII,291386,.,A,G,225.007,.,"DP=49;VDB=0.213918;SGB=-0.693147;MQSB=0.395851;MQ0F=0;AF1=1;AC1=1;DP4=0,0,11,37;MQ=42;FQ=-999",GT:PL,"1:255,0",YLR081W(+)
chrXII,293985,.,T,A,6.97679,.,"DP=1;SGB=-0.379885;MQ0F=0;AF1=1;AC1=1;DP4=0,0,0,1;MQ=42;FQ=-999",GT:PL,"1:36,0",N/A
chrXII,474417,.,ACC,ACCC,3.24957,.,"INDEL;IDV=1;IMF=1;DP=1;SGB=-0.379885;MQ0F=0;AF1=1;AC1=1;DP4=0,0,1,0;MQ=42;FQ=-999",GT:PL,"1:38,3,0",N/A
chrXII,528749,.,T,A,225.007,.,"DP=55;VDB=0.660911;SGB=-0.693147;MQSB=1;MQ0F=0;AF1=1;AC1=1;DP4=0,0,27,25;MQ=42;FQ=-999",GT:PL,"1:255,0",YLR188W(+)
chrXII,725936,.,G,A,203.007,.,"DP=21;VDB=0.0663242;SGB=-0.690438;MQSB=1;MQ0F=0;AF1=1;AC1=1;DP4=0,0,16,1;MQ=42;FQ=-999",GT:PL,"1:233,0",N/A
chrXII,734703,.,T,A,12.27,.,"DP=2;SGB=-0.379885;MQ0F=0;AF1=1;AC1=1;DP4=0,0,1,0;MQ=42;FQ=-999",GT:PL,"1:42,0",N/A
chrXII,784382,.,GCC,GCCC,213.469,.,"INDEL;IDV=36;IMF=0.857143;DP=42;VDB=0.344471;SGB=-0.693139;MQSB=0.932611;MQ0F=0;AF1=0.624261;AC1=1;DP4=4,2,24,12;MQ=41;FQ=-999;PV4=1,1,1,1",GT:PL,"1:255,0,4",N/A
chrXII,828903,.,C,T,225.007,.,"DP=40;VDB=0.168607;SGB=-0.693145;MQSB=1;MQ0F=0;AF1=1;AC1=1;DP4=0,0,35,5;MQ=42;FQ=-999",GT:PL,"1:255,0",YLR350W(+)
chrXII,928496,.,T,C,12.27,.,"DP=2;SGB=-0.379885;MQ0F=0;AF1=1;AC1=1;DP4=0,0,1,0;MQ=42;FQ=-999",GT:PL,"1:42,0",N/A
chrXII,1039435,.,T,A,225.007,.,"DP=27;VDB=0.0684999;SGB=-0.692717;MQSB=1;MQ0F=0;AF1=1;AC1=1;DP4=0,0,14,9;MQ=42;FQ=-999",GT:PL,"1:255,0",YLR452C(-)
chrXIII,34473,.,T,G,225.007,.,"DP=72;VDB=0.917436;SGB=-0.693147;MQSB=0.989565;MQ0F=0;AF1=1;AC1=1;DP4=0,0,44,20;MQ=42;FQ=-999",GT:PL,"1:255,0",YML117W(+)
chrXIII,325905,.,T,A,225.007,.,"DP=50;VDB=3.85025e-05;SGB=-0.693146;MQSB=1;MQ0F=0;AF1=1;AC1=1;DP4=0,0,37,7;MQ=42;FQ=-999",GT:PL,"1:255,0",YMR027W(+)
chrXIII,448333,.,G,A,225.007,.,"DP=67;VDB=4.0113e-06;SGB=-0.693147;MQSB=0.825504;MQ0F=0;AF1=1;AC1=1;DP4=0,0,33,30;MQ=42;FQ=-999",GT:PL,"1:255,0",N/A
chrXIII,448334,.,A,G,225.007,.,"DP=66;VDB=2.88637e-06;SGB=-0.693147;MQSB=0.825504;MQ0F=0;AF1=1;AC1=1;DP4=0,0,33,30;MQ=42;FQ=-999",GT:PL,"1:255,0",N/A
chrXIII,619592,.,T,G,8.64278,.,"DP=17;VDB=0.156836;SGB=-0.662043;RPB=0.923116;MQB=0.83527;BQB=0.89683;MQ0F=0;AF1=0.500013;AC1=1;DP4=5,0,9,0;MQ=40;FQ=-999;PV4=1,1,0.223048,0.270672",GT:PL,"1:81,43",N/A
chrXIII,630505,.,A,G,168.006,.,"DP=10;VDB=0.510358;SGB=-0.670168;MQSB=1;MQ0F=0;AF1=1;AC1=1;DP4=0,0,9,1;MQ=42;FQ=-999",GT:PL,"1:198,0",YMR185W(+)
chrXIII,672129,.,T,C,225.007,.,"DP=22;VDB=0.871855;SGB=-0.692562;MQSB=1;MQ0F=0;AF1=1;AC1=1;DP4=0,0,14,8;MQ=42;FQ=-999",GT:PL,"1:255,0",YMR205C(-)
chrXIII,680936,.,T,C,225.007,.,"DP=23;VDB=0.494069;SGB=-0.692562;MQSB=0.926143;MQ0F=0;AF1=1;AC1=1;DP4=0,0,5,17;MQ=41;FQ=-999",GT:PL,"1:255,0",YMR207C(-)
chrXIII,680940,.,C,T,225.007,.,"DP=23;VDB=0.509735;SGB=-0.692562;MQSB=0.926143;MQ0F=0;AF1=1;AC1=1;DP4=0,0,5,17;MQ=41;FQ=-999",GT:PL,"1:255,0",YMR207C(-)
chrXIII,708291,.,T,C,225.007,.,"DP=56;VDB=0.169713;SGB=-0.693147;MQSB=1;MQ0F=0;AF1=1;AC1=1;DP4=0,0,8,42;MQ=42;FQ=-999",GT:PL,"1:255,0",YMR219W(+)
chrXIII,809198,.,A,G,225.007,.,"DP=21;VDB=0.356192;SGB=-0.691153;MQSB=1;MQ0F=0;AF1=1;AC1=1;DP4=0,0,13,5;MQ=42;FQ=-999",GT:PL,"1:255,0",N/A
chrXIII,908177,.,A,G,97.0056,.,"DP=166;VDB=2.75588e-06;SGB=-0.693147;RPB=0.473458;MQB=0.808417;MQSB=8.98799e-10;BQB=0.991263;MQ0F=0.114458;AF1=1;AC1=1;DP4=8,12,48,56;MQ=22;FQ=-999;PV4=0.634548,0.423009,0.25488,0.185955",GT:PL,"1:127,0",YMR317W(+)
chrXIII,908196,.,G,C,5.45858,.,"DP=170;VDB=0.994345;SGB=-0.693147;RPB=0.997112;MQB=0.043137;MQSB=7.92086e-09;BQB=0.164806;MQ0F=0.1;AF1=0.5;AC1=1;DP4=14,25,31,71;MQ=22;FQ=-999;PV4=0.54947,1,0.000417012,0.0352194",GT:PL,"1:96,62",YMR317W(+)
chrXIII,924341,.,G,T,96.0056,.,"DP=38;VDB=0.0040172;SGB=-0.683931;RPB=0.0651328;MQB=0.00587456;MQSB=0.0127046;BQB=0.27685;MQ0F=0.131579;AF1=0.500499;AC1=1;DP4=8,1,3,10;MQ=28;FQ=-999;PV4=0.0075188,0.017647,1,0.486648",GT:PL,"1:153,27",N/A
chrXIV,7478,.,A,AT,71.4669,.,"INDEL;IDV=16;IMF=0.888889;DP=18;VDB=0.392804;SGB=-0.690438;MQSB=1;MQ0F=0;AF1=1;AC1=1;DP4=0,1,1,16;MQ=17;FQ=-999;PV4=1,1,1,0.206988",GT:PL,"1:109,41,0",N/A
chrXIV,312328,.,AACGACGACG,AACGACG,179.468,.,"INDEL;IDV=23;IMF=0.821429;DP=28;VDB=0.680692;SGB=-0.692717;MQSB=0.806124;MQ0F=0;AF1=0.500158;AC1=1;DP4=3,2,21,2;MQ=41;FQ=-999;PV4=0.135043,1,1,1",GT:PL,"1:249,0,32",YNL172W(+)
chrXIV,377887,.,G,T,225.007,.,"DP=48;VDB=0.5623;SGB=-0.693146;MQSB=1;MQ0F=0;AF1=1;AC1=1;DP4=0,0,16,28;MQ=42;FQ=-999",GT:PL,"1:255,0",YNL132W(+)
chrXIV,439397,.,GTTTTTT,GTTTTTTT,54.4667,.,"INDEL;IDV=19;IMF=0.791667;DP=24;VDB=0.105706;SGB=-0.69168;MQSB=1;MQ0F=0;AF1=0.543032;AC1=1;DP4=3,2,5,14;MQ=42;FQ=-999;PV4=0.288538,1,1,1",GT:PL,"1:100,0,8",N/A
chrXIV,471767,.,A,G,225.007,.,"DP=33;VDB=0.00761654;SGB=-0.693097;MQSB=1;MQ0F=0;AF1=1;AC1=1;DP4=0,0,21,9;MQ=42;FQ=-999",GT:PL,"1:255,0",YNL083W(+)
chrXV,90,.,CCCAC,CC,173.468,.,"INDEL;IDV=53;IMF=0.815385;DP=65;VDB=0.439908;SGB=-0.693147;MQSB=0.0263412;MQ0F=0.184615;AF1=1;AC1=1;DP4=15,5,44,1;MQ=35;FQ=-999;PV4=0.00891586,1,1,1",GT:PL,"1:211,4,0",N/A
chrXV,93,.,AC,ACC,57.4667,.,"INDEL;IDV=6;IMF=0.0857143;DP=70;VDB=0.763961;SGB=-0.636426;MQSB=0.015593;MQ0F=0.157143;AF1=1;AC1=1;DP4=58,5,7,0;MQ=36;FQ=-999;PV4=1,1,1,3.80126e-06",GT:PL,"1:95,114,0",N/A
chrXV,50002,.,C,T,225.007,.,"DP=31;VDB=0.00543314;SGB=-0.693054;MQSB=0.985992;MQ0F=0;AF1=1;AC1=1;DP4=0,0,22,6;MQ=41;FQ=-999",GT:PL,"1:255,0",YOL145C(-)
chrXV,50010,.,A,T,225.007,.,"DP=31;VDB=0.347798;SGB=-0.692914;MQSB=0.981946;MQ0F=0;AF1=1;AC1=1;DP4=0,0,19,6;MQ=41;FQ=-999",GT:PL,"1:255,0",YOL145C(-)
chrXV,50012,.,C,T,225.007,.,"DP=27;VDB=0.374095;SGB=-0.692831;MQSB=0.980199;MQ0F=0;AF1=1;AC1=1;DP4=0,0,18,6;MQ=41;FQ=-999",GT:PL,"1:255,0",YOL145C(-)
chrXV,60240,.,C,T,110.006,.,"DP=11;VDB=0.84813;SGB=-0.616816;MQSB=0.25;MQ0F=0;AF1=1;AC1=1;DP4=0,0,4,2;MQ=37;FQ=-999",GT:PL,"1:140,0",N/A
chrXV,79297,.,C,G,225.007,.,"DP=47;VDB=0.183095;SGB=-0.693146;MQSB=0.638525;MQ0F=0;AF1=1;AC1=1;DP4=0,0,14,28;MQ=42;FQ=-999",GT:PL,"1:255,0",YOL128C(-)
chrXV,79304,.,A,T,225.007,.,"DP=44;VDB=0.349173;SGB=-0.693145;MQSB=0.975195;MQ0F=0;AF1=1;AC1=1;DP4=0,0,13,28;MQ=42;FQ=-999",GT:PL,"1:255,0",YOL128C(-)
chrXV,79305,.,T,A,225.007,.,"DP=44;VDB=0.352566;SGB=-0.693145;MQSB=0.975195;MQ0F=0;AF1=1;AC1=1;DP4=0,0,13,28;MQ=42;FQ=-999",GT:PL,"1:255,0",YOL128C(-)
chrXV,97991,.,A,G,6.97679,.,"DP=1;SGB=-0.379885;MQ0F=0;AF1=1;AC1=1;DP4=0,0,1,0;MQ=42;FQ=-999",GT:PL,"1:36,0",YOL117W(+)
chrXV,125939,.,A,T,36.0059,.,"DP=2;VDB=0.02;SGB=-0.453602;MQ0F=0;AF1=1;AC1=1;DP4=0,0,0,2;MQ=42;FQ=-999",GT:PL,"1:66,0",N/A
chrXV,580195,.,G,A,85.0054,.,"DP=4;VDB=0.652243;SGB=-0.556411;MQSB=1;MQ0F=0;AF1=1;AC1=1;DP4=0,0,3,1;MQ=42;FQ=-999",GT:PL,"1:115,0",YOR135C(-)
chrXV,773264,.,G,C,225.007,.,"DP=22;VDB=0.160478;SGB=-0.692067;MQSB=1;MQ0F=0;AF1=1;AC1=1;DP4=0,0,3,17;MQ=42;FQ=-999",GT:PL,"1:255,0","YOR231W(+),YOR231C-A(-)"
chrXV,951241,.,C,T,225.007,.,"DP=22;VDB=0.633923;SGB=-0.692352;MQSB=1;MQ0F=0;AF1=1;AC1=1;DP4=0,0,7,14;MQ=42;FQ=-999",GT:PL,"1:255,0",YOR336W(+)
chrXV,1005003,.,A,G,6.97679,.,"DP=1;SGB=-0.379885;MQ0F=0;AF1=1;AC1=1;DP4=0,0,1,0;MQ=42;FQ=-999",GT:PL,"1:36,0",N/A
chrXVI,38936,.,G,T,4.12714,.,"DP=1;SGB=-0.379885;MQ0F=0;AF1=1;AC1=1;DP4=0,0,1,0;MQ=42;FQ=-999",GT:PL,"1:32,0",N/A
chrXVI,173938,.,G,T,6.97679,.,"DP=1;SGB=-0.379885;MQ0F=0;AF1=1;AC1=1;DP4=0,0,1,0;MQ=42;FQ=-999",GT:PL,"1:36,0",N/A
chrXVI,191944,.,C,T,225.007,.,"DP=50;VDB=0.99922;SGB=-0.693146;MQSB=1;MQ0F=0;AF1=1;AC1=1;DP4=0,0,26,17;MQ=42;FQ=-999",GT:PL,"1:255,0",YPL188W(+)
chrXVI,667520,.,T,G,225.007,.,"DP=18;VDB=0.0998167;SGB=-0.688148;MQSB=1;MQ0F=0;AF1=1;AC1=1;DP4=0,0,8,7;MQ=42;FQ=-999",GT:PL,"1:255,0",N/A
chrXVI,675913,.,G,T,6.97679,.,"DP=1;SGB=-0.379885;MQ0F=0;AF1=1;AC1=1;DP4=0,0,1,0;MQ=42;FQ=-999",GT:PL,"1:36,0",N/A
chrXVI,677102,.,A,G,225.007,.,"DP=33;VDB=0.592816;SGB=-0.693021;MQSB=1;MQ0F=0;AF1=1;AC1=1;DP4=0,0,9,18;MQ=42;FQ=-999",GT:PL,"1:255,0",N/A
chrXVI,759400,.,T,G,225.007,.,"DP=49;VDB=0.0926696;SGB=-0.693147;MQSB=1;MQ0F=0;AF1=1;AC1=1;DP4=0,0,18,29;MQ=42;FQ=-999",GT:PL,"1:255,0",YPR116W(+)
chrXVI,890346,.,T,A,225.007,.,"DP=33;VDB=0.235301;SGB=-0.693097;MQSB=0.992583;MQ0F=0;AF1=1;AC1=1;DP4=0,0,26,4;MQ=42;FQ=-999",GT:PL,"1:255,0",YPR175W(+)
chrmt,13802,.,T,A,225.007,.,"DP=61;VDB=5.69961e-07;SGB=-0.693147;MQSB=0.838008;MQ0F=0;AF1=1;AC1=1;DP4=0,0,44,5;MQ=42;FQ=-999",GT:PL,"1:255,0",N/A
chrmt,20345,.,GAAA,GAA,156.468,.,"INDEL;IDV=191;IMF=0.872146;DP=219;VDB=1.25276e-07;SGB=-0.693147;MQSB=0.100969;MQ0F=0;AF1=0.829413;AC1=1;DP4=11,41,107,60;MQ=40;FQ=-999;PV4=6.40103e-08,1,1,1",GT:PL,"1:195,0,1",N/A
chrmt,20934,.,T,G,225.007,.,"DP=231;VDB=0.0247897;SGB=-0.693147;MQSB=0.720324;MQ0F=0;AF1=1;AC1=1;DP4=0,0,136,58;MQ=42;FQ=-999",GT:PL,"1:255,0","Q0065(+),Q0070(+),Q0045(+)"
chrmt,27587,.,A,T,212.007,.,"DP=14;VDB=0.0256226;SGB=-0.676189;MQSB=1;MQ0F=0;AF1=1;AC1=1;DP4=0,0,9,2;MQ=42;FQ=-999",GT:PL,"1:242,0",N/A
chrmt,33618,.,T,TTC,217.469,.,"INDEL;IDV=69;IMF=0.831325;DP=83;VDB=0.80409;SGB=-0.693147;MQSB=0.0101954;MQ0F=0;AF1=1;AC1=1;DP4=0,15,30,38;MQ=38;FQ=-999;PV4=0.000694513,1,1,1",GT:PL,"1:255,81,0",N/A
chrmt,33743,.,T,A,225.007,.,"DP=57;VDB=0.224766;SGB=-0.693147;MQSB=0.966484;MQ0F=0;AF1=1;AC1=1;DP4=0,0,44,3;MQ=41;FQ=-999",GT:PL,"1:255,0",N/A
chrmt,39517,.,G,T,225.007,.,"DP=159;VDB=0.871221;SGB=-0.693147;MQSB=0.679063;MQ0F=0;AF1=1;AC1=1;DP4=0,0,96,12;MQ=42;FQ=-999",GT:PL,"1:255,0",Q0115(+)
chrmt,43084,.,ATTTTTTTT,ATTTTTTTTT,86.4671,.,"INDEL;IDV=101;IMF=0.878261;DP=115;VDB=0.991819;SGB=-0.693147;MQSB=0.982443;MQ0F=0;AF1=1;AC1=1;DP4=4,10,17,84;MQ=42;FQ=-999;PV4=0.282607,1,1,1",GT:PL,"1:124,166,0",N/A
chrmt,44795,.,ATTTTTTTT,ATTTTTTTTT,38.4671,.,"INDEL;IDV=34;IMF=0.971429;DP=35;VDB=0.021274;SGB=-0.69312;MQSB=0.247939;MQ0F=0;AF1=1;AC1=1;DP4=0,3,24,8;MQ=38;FQ=-999;PV4=0.0252101,1,0.20341,1",GT:PL,"1:76,67,0",N/A
chrmt,73114,.,AGGGGGG,AGGGGG,15.5878,.,"INDEL;IDV=23;IMF=0.958333;DP=24;VDB=0.00186113;SGB=-0.688148;MQSB=0.00907509;MQ0F=0.0416667;AF1=0.50025;AC1=1;DP4=3,6,3,12;MQ=40;FQ=-999;PV4=0.634907,1,1,1",GT:PL,"1:83,0,30",N/A
chrmt,82507,.,T,A,225.007,.,"DP=60;VDB=0.00576924;SGB=-0.693147;MQSB=0.137058;MQ0F=0;AF1=1;AC1=1;DP4=0,0,37,9;MQ=37;FQ=-999",GT:PL,"1:255,0",N/A
