#CHROM,POS,ID,REF,ALT,QUAL,FILTER,INFO,FORMAT,/home/rothlab/dtabet/MGY360/output/mgyA13/mgyA13_S108_R1_001_sorted.bam,CDS(Orientation)
chrI,19971,.,CTTT,"CCTTTT,CTTTT",87.4671,.,"INDEL;IDV=36;IMF=0.923077;DP=39;VDB=0.847188;SGB=-0.693144;MQSB=0.884416;MQ0F=0;AF1=1;AC1=1;DP4=0,0,17,22;MQ=16;FQ=-999",GT:PL,"1:125,105,0,109,40,96",N/A
chrI,25340,.,C,A,77.0053,.,"DP=27;VDB=0.731106;SGB=-0.692976;MQSB=0.00369102;MQ0F=0.037037;AF1=1;AC1=1;DP4=0,0,20,6;MQ=13;FQ=-999",GT:PL,"1:107,0",YAL063C(-)
chrI,25488,.,G,A,12.27,.,"DP=55;VDB=0.59705;SGB=-0.693141;RPB=0.310109;MQB=0.874847;MQSB=0.0473362;BQB=0.926597;MQ0F=0.109091;AF1=0.500629;AC1=1;DP4=3,11,1,36;MQ=18;FQ=-999;PV4=0.0578992,0.194834,0.428329,0.406436",GT:PL,"1:68,26",YAL063C(-)
chrI,25497,.,G,A,69.0052,.,"DP=49;VDB=0.843081;SGB=-0.693146;RPB=0.375;MQB=0.284091;BQB=0.602273;MQ0F=0.122449;AF1=1;AC1=1;DP4=0,2,0,44;MQ=19;FQ=-999;PV4=1,1,1,1",GT:PL,"1:99,0",YAL063C(-)
chrI,25506,.,C,T,3.01251,.,"DP=41;VDB=0.476318;SGB=-0.692831;RPB=0.0117557;MQB=0.334641;BQB=0.203547;MQ0F=0.121951;AF1=0.500125;AC1=1;DP4=0,8,0,24;MQ=20;FQ=-999;PV4=1,0.0289352,0.115014,1",GT:PL,"1:63,33",YAL063C(-)
chrI,25509,.,G,A,74.0053,.,"DP=31;VDB=0.334656;SGB=-0.692831;MQ0F=0.129032;AF1=1;AC1=1;DP4=0,0,0,24;MQ=20;FQ=-999",GT:PL,"1:104,0",YAL063C(-)
chrI,25512,.,T,G,9.51895,.,"DP=32;VDB=0.0115197;SGB=-0.691153;RPB=0.00153381;MQB=0.467407;BQB=0.429557;MQ0F=0.125;AF1=0.500315;AC1=1;DP4=0,6,0,18;MQ=20;FQ=-999;PV4=1,1,0.152732,1",GT:PL,"1:68,29",YAL063C(-)
chrI,25515,.,A,G,28.0116,.,"DP=28;VDB=0.0243291;SGB=-0.69168;RPB=0.0086517;MQB=0.408379;BQB=0.524801;MQ0F=0.178571;AF1=0.667194;AC1=1;DP4=0,4,0,19;MQ=19;FQ=-999;PV4=1,1,0.218437,1",GT:PL,"1:61,3",YAL063C(-)
chrI,25536,.,G,A,38.0055,.,"DP=43;VDB=0.450039;SGB=-0.692717;RPB=0.000278135;MQB=0.0138051;MQSB=0.0604084;BQB=0.413518;MQ0F=0.116279;AF1=1;AC1=1;DP4=13,2,0,23;MQ=14;FQ=-999;PV4=1.93908e-08,1,1,1",GT:PL,"1:68,0",YAL063C(-)
chrI,25542,.,A,G,35.0062,.,"DP=48;VDB=0.787339;SGB=-0.693021;RPB=0.00258404;MQB=0.00229053;MQSB=0.0119438;BQB=0.622862;MQ0F=0.104167;AF1=1;AC1=1;DP4=16,2,0,27;MQ=13;FQ=-999;PV4=2.36613e-10,0.0308389,1,1",GT:PL,"1:65,0",YAL063C(-)
chrI,25560,.,G,A,30.0091,.,"DP=62;VDB=0.0156136;SGB=-0.693145;RPB=0.79192;MQB=0.000525989;MQSB=0.000367681;BQB=0.989656;MQ0F=0.0645161;AF1=1;AC1=1;DP4=19,2,2,38;MQ=11;FQ=-999;PV4=1.35214e-11,1,1,0.018214",GT:PL,"1:60,0",YAL063C(-)
chrI,25584,.,A,G,34.0065,.,"DP=79;VDB=0.0097875;SGB=-0.693147;RPB=0.670717;MQB=9.30952e-06;MQSB=1.24278e-05;BQB=0.974756;MQ0F=0.0632911;AF1=1;AC1=1;DP4=24,4,5,43;MQ=10;FQ=-999;PV4=4.33003e-11,0.413786,1,1",GT:PL,"1:64,0",YAL063C(-)
chrI,25872,.,G,C,10.418,.,"DP=26;VDB=0.0204148;SGB=-0.692717;RPB=0.826087;MQB=0.652174;MQSB=0.747144;BQB=0.0869565;MQ0F=0.0769231;AF1=1;AC1=1;DP4=1,1,5,18;MQ=6;FQ=-999;PV4=0.43,1,1,1",GT:PL,"1:40,0",YAL063C(-)
chrI,26778,.,C,T,9.51895,.,"DP=86;VDB=0.260929;SGB=-0.693147;RPB=0.767506;MQB=0.994091;MQSB=0.996653;BQB=0.414988;MQ0F=0.162791;AF1=1;AC1=1;DP4=9,13,63,1;MQ=7;FQ=-999;PV4=7.08511e-09,1,1,1",GT:PL,"1:39,0",YAL063C(-)
chrI,26793,.,A,G,9.51895,.,"DP=120;VDB=0.000380461;SGB=-0.693127;RPB=0.822156;MQB=0.986558;MQSB=0.997057;BQB=0.230598;MQ0F=0.158333;AF1=1;AC1=1;DP4=39,39,32,1;MQ=7;FQ=-999;PV4=6.50748e-07,1,1,1",GT:PL,"1:39,0",YAL063C(-)
chrI,26835,.,G,A,6.19669,.,"DP=99;VDB=2.41424e-05;SGB=-0.693136;RPB=0.251829;MQB=0.497176;MQSB=0.259983;BQB=0.833679;MQ0F=0.262626;AF1=1;AC1=1;DP4=10,47,34,1;MQ=8;FQ=-999;PV4=4.03368e-15,0.190778,1,0.35964",GT:PL,"1:35,0",YAL063C(-)
chrI,26838,.,A,G,6.97679,.,"DP=96;VDB=6.53763e-05;SGB=-0.693136;RPB=0.365152;MQB=0.65512;MQSB=0.298179;BQB=0.530801;MQ0F=0.260417;AF1=1;AC1=1;DP4=8,46,33,2;MQ=8;FQ=-999;PV4=1.57302e-14,0.0527864,1,0.0871571",GT:PL,"1:36,0",YAL063C(-)
chrI,26839,.,A,G,4.7673,.,"DP=92;VDB=2.53334e-06;SGB=-0.693132;RPB=0.155846;MQB=0.630905;MQSB=0.412196;BQB=0.76218;MQ0F=0.271739;AF1=1;AC1=1;DP4=7,47,32,2;MQ=8;FQ=-999;PV4=6.70509e-15,0.15364,1,0.073846",GT:PL,"1:33,0",YAL063C(-)
chrI,26901,.,T,A,4.12714,.,"DP=36;VDB=0.162453;SGB=-0.651104;RPB=0.378169;MQB=0.000815988;MQSB=0.00184838;BQB=0.999229;MQ0F=0.0833333;AF1=1;AC1=1;DP4=1,26,8,0;MQ=9;FQ=-999;PV4=3.82396e-07,0.26923,1,0.0170183",GT:PL,"1:32,0",YAL063C(-)
chrI,26937,.,G,A,3.01251,.,"DP=57;VDB=0.616574;SGB=-0.692562;RPB=0.00254245;MQB=0.00439962;MQSB=1.22255e-05;BQB=0.0194592;MQ0F=0.105263;AF1=1;AC1=1;DP4=1,30,15,7;MQ=8;FQ=-999;PV4=3.61174e-07,0.000135513,1,0.118059",GT:PL,"1:30,0",YAL063C(-)
chrI,26940,.,A,G,6.19669,.,"DP=57;VDB=0.646183;SGB=-0.692562;RPB=0.00812839;MQB=0.00197983;MQSB=6.84803e-06;BQB=0.930453;MQ0F=0.105263;AF1=1;AC1=1;DP4=1,29,16,6;MQ=9;FQ=-999;PV4=1.03197e-07,1,1,0.188849",GT:PL,"1:35,0",YAL063C(-)
chrI,26970,.,G,A,51.005,.,"DP=79;VDB=1.59643e-08;SGB=-0.693147;RPB=2.12689e-05;MQB=8.77304e-05;MQSB=5.94643e-06;BQB=0.372357;MQ0F=0.202532;AF1=1;AC1=1;DP4=2,29,44,4;MQ=14;FQ=-999;PV4=4.86116e-15,1,1,0.380667",GT:PL,"1:81,0",YAL063C(-)
chrI,26973,.,A,G,52.005,.,"DP=79;VDB=2.03224e-10;SGB=-0.693147;RPB=9.1593e-05;MQB=0.00105304;MQSB=1.04809e-05;BQB=0.518705;MQ0F=0.202532;AF1=1;AC1=1;DP4=1,27,46,4;MQ=14;FQ=-999;PV4=1.21464e-15,1,1,1",GT:PL,"1:82,0",YAL063C(-)
chrI,26974,.,A,G,51.005,.,"DP=79;VDB=1.68452e-08;SGB=-0.693147;RPB=0.00198285;MQB=0.000101712;MQSB=1.04809e-05;BQB=0.971293;MQ0F=0.202532;AF1=1;AC1=1;DP4=3,27,44,4;MQ=14;FQ=-999;PV4=1.49775e-13,1,1,1",GT:PL,"1:81,0",YAL063C(-)
chrI,26981,.,T,C,53.005,.,"DP=85;VDB=5.61551e-10;SGB=-0.693147;RPB=0.000383254;MQB=0.00431021;MQSB=8.23483e-05;BQB=0.726595;MQ0F=0.223529;AF1=1;AC1=1;DP4=1,26,51,4;MQ=14;FQ=-999;PV4=4.15629e-16,1,1,1",GT:PL,"1:83,0",YAL063C(-)
chrI,26982,.,G,A,52.005,.,"DP=85;VDB=4.97143e-10;SGB=-0.693147;RPB=0.000340646;MQB=0.00431021;MQSB=8.23483e-05;BQB=0.851337;MQ0F=0.223529;AF1=1;AC1=1;DP4=1,26,51,4;MQ=14;FQ=-999;PV4=4.15629e-16,0.257043,1,1",GT:PL,"1:82,0",YAL063C(-)
chrI,26983,.,T,G,54.005,.,"DP=100;VDB=4.51083e-10;SGB=-0.693147;RPB=0.000618194;MQB=0.00480383;MQSB=9.45727e-05;BQB=0.99816;MQ0F=0.19;AF1=1;AC1=1;DP4=1,25,51,4;MQ=14;FQ=-999;PV4=1.0941e-15,1,1,1",GT:PL,"1:84,0",YAL063C(-)
chrI,27027,.,A,T,130.006,.,"DP=138;VDB=1.50444e-12;SGB=-0.693147;RPB=0.719814;MQB=0.0110532;MQSB=1.11855e-06;BQB=0.0825619;MQ0F=0.210145;AF1=1;AC1=1;DP4=2,13,109,9;MQ=19;FQ=-999;PV4=1.26548e-10,1,1,1",GT:PL,"1:160,0",YAL063C(-)
chrI,27035,.,T,C,120.006,.,"DP=134;VDB=3.02365e-30;SGB=-0.693147;RPB=0.00111263;MQB=0.000532216;MQSB=1.03797e-06;BQB=0.951005;MQ0F=0.179104;AF1=1;AC1=1;DP4=1,20,98,6;MQ=19;FQ=-999;PV4=6.3887e-17,1,1,1",GT:PL,"1:150,0",YAL063C(-)
chrI,27036,.,G,A,124.006,.,"DP=133;VDB=6.94312e-30;SGB=-0.693147;RPB=0.00111263;MQB=0.000532216;MQSB=1.03797e-06;BQB=0.985369;MQ0F=0.180451;AF1=1;AC1=1;DP4=1,20,98,6;MQ=19;FQ=-999;PV4=6.3887e-17,1,1,1",GT:PL,"1:154,0",YAL063C(-)
chrI,27044,.,C,T,115.006,.,"DP=129;VDB=6.94325e-34;SGB=-0.693147;RPB=5.44186e-07;MQB=0.000257025;MQSB=1.40369e-06;BQB=0.00448916;MQ0F=0.178295;AF1=1;AC1=1;DP4=1,22,96,5;MQ=19;FQ=-999;PV4=1.26979e-18,1,1,1",GT:PL,"1:145,0",YAL063C(-)
chrI,27060,.,A,"C,T",10.418,.,"DP=108;VDB=2.87959e-21;SGB=-0.693147;RPB=0.000111256;MQB=0.000504374;MQSB=7.47712e-07;BQB=0.400329;MQ0F=0.166667;AF1=1;AC1=1;DP4=12,26,58,6;MQ=17;FQ=-999;PV4=6.96556e-10,0.115832,1,0.00945809",GT:PL,"1:81,41,26",YAL063C(-)
chrI,27099,.,T,C,24.0219,.,"DP=78;VDB=3.07038e-10;SGB=-0.693147;RPB=1.6747e-12;MQB=0.446927;MQSB=5.05094e-07;BQB=0.0363374;MQ0F=0.410256;AF1=1;AC1=1;DP4=1,29,12,35;MQ=9;FQ=-999;PV4=0.0122921,0.000768381,1,0.338205",GT:PL,"1:54,0",YAL063C(-)
chrI,27105,.,A,G,77.0053,.,"DP=87;VDB=2.54001e-12;SGB=-0.693147;RPB=7.21274e-12;MQB=0.955053;MQSB=4.39256e-06;BQB=0.274558;MQ0F=0.390805;AF1=1;AC1=1;DP4=1,23,12,50;MQ=10;FQ=-999;PV4=0.0999535,0.00904714,1,1",GT:PL,"1:107,0",YAL063C(-)
chrI,27126,.,T,C,154.006,.,"DP=98;VDB=7.49623e-08;SGB=-0.693147;RPB=6.8256e-08;MQB=0.453946;MQSB=2.88689e-07;BQB=0.08599;MQ0F=0.377551;AF1=1;AC1=1;DP4=0,13,16,61;MQ=14;FQ=-999;PV4=0.113935,1,1,1",GT:PL,"1:184,0",YAL063C(-)
chrI,27129,.,C,G,159.006,.,"DP=96;VDB=5.77893e-06;SGB=-0.693147;RPB=5.94709e-06;MQB=0.76914;MQSB=7.25888e-07;BQB=0.992868;MQ0F=0.395833;AF1=1;AC1=1;DP4=0,9,16,66;MQ=15;FQ=-999;PV4=0.3517,0.300761,1,1",GT:PL,"1:189,0",YAL063C(-)
chrI,41475,.,G,T,225.007,.,"DP=39;VDB=0.760297;SGB=-0.693136;MQSB=1;MQ0F=0;AF1=1;AC1=1;DP4=0,0,6,29;MQ=42;FQ=-999",GT:PL,"1:255,0",YAL056W(+)
chrI,141030,.,T,A,95.0056,.,"DP=13;VDB=0.323915;SGB=-0.680642;MQSB=0;MQ0F=0;AF1=1;AC1=1;DP4=0,0,10,2;MQ=27;FQ=-999",GT:PL,"1:125,0","YAL005C(-),YAL004W(+)"
chrI,141135,.,A,T,144.006,.,"DP=17;VDB=0.769856;SGB=-0.689466;MQSB=0.0284723;MQ0F=0;AF1=1;AC1=1;DP4=0,0,12,4;MQ=27;FQ=-999",GT:PL,"1:174,0","YAL005C(-),YAL004W(+)"
chrI,152079,.,T,C,6.97679,.,"DP=1;SGB=-0.379885;MQ0F=0;AF1=1;AC1=1;DP4=0,0,1,0;MQ=42;FQ=-999",GT:PL,"1:36,0",N/A
chrI,183387,.,ACC,AC,85.467,.,"INDEL;IDV=7;IMF=1;DP=7;VDB=0.241547;SGB=-0.636426;MQSB=0.810265;MQ0F=0;AF1=1;AC1=1;DP4=0,0,3,4;MQ=28;FQ=-999",GT:PL,"1:123,21,0",N/A
chrI,199811,.,T,G,6.97679,.,"DP=1;SGB=-0.379885;MQ0F=0;AF1=1;AC1=1;DP4=0,0,0,1;MQ=42;FQ=-999",GT:PL,"1:36,0",N/A
chrI,204959,.,C,G,6.97679,.,"DP=24;VDB=0.49323;SGB=-0.692831;MQSB=1;MQ0F=0.0416667;AF1=1;AC1=1;DP4=0,0,8,16;MQ=2;FQ=-999",GT:PL,"1:36,0",YAR050W(+)
chrI,205519,.,C,A,34.0065,.,"DP=22;VDB=0.0507886;SGB=-0.692352;MQSB=0.368421;MQ0F=0.136364;AF1=1;AC1=1;DP4=0,0,19,2;MQ=13;FQ=-999",GT:PL,"1:64,0",YAR050W(+)
chrI,206126,.,T,C,3.01251,.,"DP=9;VDB=0.000288618;SGB=-0.662043;MQSB=1;MQ0F=0;AF1=1;AC1=1;DP4=0,0,1,8;MQ=6;FQ=-999",GT:PL,"1:30,0",YAR050W(+)
chrI,206177,.,G,C,18.0728,.,"DP=15;VDB=0.0624935;SGB=-0.686358;MQSB=0.852144;MQ0F=0.0666667;AF1=1;AC1=1;DP4=0,0,10,4;MQ=9;FQ=-999",GT:PL,"1:48,0",YAR050W(+)
chrI,206178,.,C,A,18.0728,.,"DP=15;VDB=0.0583447;SGB=-0.686358;MQSB=0.852144;MQ0F=0.0666667;AF1=1;AC1=1;DP4=0,0,10,4;MQ=9;FQ=-999",GT:PL,"1:48,0",YAR050W(+)
chrI,206179,.,A,C,14.1739,.,"DP=18;VDB=0.0600954;SGB=-0.686358;RPB=1;MQB=1;MQSB=0.872525;BQB=1;MQ0F=0.0555556;AF1=1;AC1=1;DP4=1,0,10,4;MQ=9;FQ=-999;PV4=1,1,1,1",GT:PL,"1:44,0",YAR050W(+)
chrI,210818,.,A,T,33.0069,.,"DP=15;VDB=0.585101;SGB=-0.688148;MQ0F=0;AF1=1;AC1=1;DP4=0,0,0,15;MQ=13;FQ=-999",GT:PL,"1:63,0",N/A
chrI,211019,.,T,C,73.0053,.,"DP=17;VDB=0.0458743;SGB=-0.688148;RPB=1;MQB=1;MQSB=0.00385331;BQB=1;MQ0F=0;AF1=1;AC1=1;DP4=1,0,8,7;MQ=13;FQ=-999;PV4=1,1,1,0.0951242",GT:PL,"1:103,0",N/A
chrII,6440,.,G,C,51.005,.,"DP=20;VDB=0.222952;SGB=-0.692067;MQ0F=0;AF1=1;AC1=1;DP4=0,0,0,20;MQ=18;FQ=-999",GT:PL,"1:81,0",N/A
chrII,7912,.,GAAA,GAA,16.5631,.,"INDEL;IDV=18;IMF=0.9;DP=20;VDB=0.87834;SGB=-0.691153;MQSB=0.0301974;MQ0F=0;AF1=1;AC1=1;DP4=2,0,14,4;MQ=13;FQ=-999;PV4=1,1,0.00962222,1",GT:PL,"1:54,17,0",N/A
chrII,15101,.,T,G,225.007,.,"DP=19;VDB=0.609447;SGB=-0.690438;MQSB=1;MQ0F=0;AF1=1;AC1=1;DP4=0,0,5,12;MQ=42;FQ=-999",GT:PL,"1:255,0",YBL105C(-)
chrII,15510,.,G,"T,A",202.007,.,"DP=10;VDB=0.807802;SGB=-0.670168;MQSB=0.857112;MQ0F=0;AF1=1;AC1=1;DP4=0,0,5,5;MQ=40;FQ=-999",GT:PL,"1:232,0,231",YBL105C(-)
chrII,15518,.,A,G,225.007,.,"DP=14;VDB=0.857554;SGB=-0.686358;MQSB=0.945959;MQ0F=0;AF1=1;AC1=1;DP4=0,0,9,5;MQ=41;FQ=-999",GT:PL,"1:255,0",YBL105C(-)
chrII,16380,.,C,T,225.007,.,"DP=25;VDB=0.0553909;SGB=-0.692914;MQSB=0.973216;MQ0F=0;AF1=1;AC1=1;DP4=0,0,8,17;MQ=42;FQ=-999",GT:PL,"1:255,0",YBL105C(-)
chrII,16392,.,A,G,225.007,.,"DP=22;VDB=0.452327;SGB=-0.692067;MQSB=0.962269;MQ0F=0;AF1=1;AC1=1;DP4=0,0,7,13;MQ=42;FQ=-999",GT:PL,"1:255,0",YBL105C(-)
chrII,59755,.,T,C,86.0054,.,"DP=5;VDB=0.675454;SGB=-0.556411;MQ0F=0;AF1=1;AC1=1;DP4=0,0,4,0;MQ=42;FQ=-999",GT:PL,"1:116,0",N/A
chrII,88484,.,GGAGAAGAGAAGA,GGAGAAGA,175.468,.,"INDEL;IDV=18;IMF=1;DP=18;VDB=0.00174672;SGB=-0.691153;MQ0F=0;AF1=1;AC1=1;DP4=0,0,18,0;MQ=40;FQ=-999",GT:PL,"1:213,54,0",N/A
chrII,155661,.,C,A,6.97679,.,"DP=1;SGB=-0.379885;MQ0F=0;AF1=1;AC1=1;DP4=0,0,0,1;MQ=42;FQ=-999",GT:PL,"1:36,0",YBL034C(-)
chrII,238281,.,T,C,6.97679,.,"DP=1;SGB=-0.379885;MQ0F=0;AF1=1;AC1=1;DP4=0,0,1,0;MQ=42;FQ=-999",GT:PL,"1:36,0",N/A
chrII,265382,.,G,T,36.0059,.,"DP=2;VDB=0.38;SGB=-0.453602;MQ0F=0;AF1=1;AC1=1;DP4=0,0,2,0;MQ=42;FQ=-999",GT:PL,"1:66,0",N/A
chrII,383176,.,CGG,CGGG,149.468,.,"INDEL;IDV=9;IMF=0.9;DP=10;VDB=0.659505;SGB=-0.662043;MQSB=1;MQ0F=0;AF1=1;AC1=1;DP4=1,0,8,1;MQ=41;FQ=-999;PV4=1,1,1,1",GT:PL,"1:187,15,0",YBR073W(+)
chrII,389421,.,GCTCTCT,GCTCT,136.468,.,"INDEL;IDV=5;IMF=1;DP=5;VDB=0.096133;SGB=-0.590765;MQSB=1;MQ0F=0;AF1=1;AC1=1;DP4=0,0,2,3;MQ=40;FQ=-999",GT:PL,"1:174,15,0",N/A
chrII,597146,.,G,T,6.97679,.,"DP=1;SGB=-0.379885;MQ0F=0;AF1=1;AC1=1;DP4=0,0,1,0;MQ=42;FQ=-999",GT:PL,"1:36,0",N/A
chrII,746362,.,CATCTGCAATCTGCAATCT,CATCTGCAATCT,46.4666,.,"INDEL;IDV=9;IMF=0.529412;DP=17;VDB=0.761533;SGB=-0.680642;MQSB=1;MQ0F=0;AF1=0.5;AC1=1;DP4=5,0,11,1;MQ=38;FQ=-999;PV4=1,1,0.0828203,1",GT:PL,"1:169,0,85",YBR272C(-)
chrIII,56975,.,G,A,6.97679,.,"DP=1;SGB=-0.379885;MQ0F=0;AF1=1;AC1=1;DP4=0,0,1,0;MQ=42;FQ=-999",GT:PL,"1:36,0",N/A
chrIII,84421,.,G,A,6.97679,.,"DP=1;SGB=-0.379885;MQ0F=0;AF1=1;AC1=1;DP4=0,0,0,1;MQ=42;FQ=-999",GT:PL,"1:36,0",N/A
chrIII,143131,.,T,C,107.006,.,"DP=5;VDB=0.623223;SGB=-0.590765;MQSB=1;MQ0F=0;AF1=1;AC1=1;DP4=0,0,4,1;MQ=42;FQ=-999",GT:PL,"1:137,0",N/A
chrIII,162361,.,T,C,167.006,.,"DP=10;VDB=0.155664;SGB=-0.662043;MQSB=1;MQ0F=0;AF1=1;AC1=1;DP4=0,0,1,8;MQ=42;FQ=-999",GT:PL,"1:197,0",N/A
chrIII,162396,.,G,C,148.006,.,"DP=8;VDB=0.750734;SGB=-0.636426;MQSB=1;MQ0F=0;AF1=1;AC1=1;DP4=0,0,2,5;MQ=42;FQ=-999",GT:PL,"1:178,0",N/A
chrIII,162640,.,T,G,153.006,.,"DP=9;VDB=0.000538717;SGB=-0.651104;MQSB=1;MQ0F=0;AF1=1;AC1=1;DP4=0,0,7,1;MQ=42;FQ=-999",GT:PL,"1:183,0",YCR024C-B(-)
chrIII,162694,.,G,A,185.007,.,"DP=10;VDB=0.00823303;SGB=-0.651104;MQSB=0.900802;MQ0F=0;AF1=1;AC1=1;DP4=0,0,5,3;MQ=42;FQ=-999",GT:PL,"1:215,0",YCR024C-B(-)
chrIII,162711,.,AT,A,132.468,.,"INDEL;IDV=1;IMF=0.0833333;DP=12;VDB=0.194617;SGB=-0.676189;MQSB=1;MQ0F=0;AF1=1;AC1=1;DP4=1,0,7,4;MQ=42;FQ=-999;PV4=1,1,1,1",GT:PL,"1:170,0,0",YCR024C-B(-)
chrIII,162712,.,TAAAAAAAAAA,TAAAAAAAAA,14.6187,.,"INDEL;IDV=10;IMF=0.833333;DP=12;VDB=0.200231;SGB=-0.670168;MQSB=1;MQ0F=0;AF1=1;AC1=1;DP4=2,0,6,4;MQ=42;FQ=-999;PV4=0.515152,1,1,1",GT:PL,"1:52,16,0",YCR024C-B(-)
chrIII,163059,.,T,C,159.006,.,"DP=8;VDB=0.868994;SGB=-0.651104;MQSB=1;MQ0F=0;AF1=1;AC1=1;DP4=0,0,1,7;MQ=42;FQ=-999",GT:PL,"1:189,0",YCR024C-A(-)
chrIII,163192,.,ATTT,ATTTT,22.4908,.,"INDEL;IDV=8;IMF=1;DP=8;VDB=0.605835;SGB=-0.616816;MQSB=1;MQ0F=0;AF1=0.50005;AC1=1;DP4=0,2,1,5;MQ=42;FQ=-999;PV4=1,1,1,0.486381",GT:PL,"1:97,0,37",N/A
chrIII,199081,.,G,A,13.2167,.,"DP=21;VDB=0.324775;SGB=-0.670168;RPB=0.885602;MQB=0.107377;MQSB=0.566555;BQB=0.977933;MQ0F=0.047619;AF1=1;AC1=1;DP4=8,3,4,6;MQ=11;FQ=-999;PV4=0.198381,0.361033,1,1",GT:PL,"1:43,0",YCR038C(-)
chrIII,246073,.,C,T,225.007,.,"DP=20;VDB=0.217283;SGB=-0.69168;MQSB=1;MQ0F=0;AF1=1;AC1=1;DP4=0,0,12,7;MQ=42;FQ=-999",GT:PL,"1:255,0",YCR073C(-)
chrIII,250264,.,C,A,6.97679,.,"DP=1;SGB=-0.379885;MQ0F=0;AF1=1;AC1=1;DP4=0,0,0,1;MQ=42;FQ=-999",GT:PL,"1:36,0",YCR077C(-)
chrIV,135,.,CCACAC,CCACACAC,105.467,.,"INDEL;IDV=13;IMF=0.722222;DP=18;VDB=0.00800276;SGB=-0.686358;MQ0F=0.0555556;AF1=1;AC1=1;DP4=4,0,14,0;MQ=27;FQ=-999;PV4=1,1,1,0.105467",GT:PL,"1:143,6,0",N/A
chrIV,508064,.,T,C,6.97679,.,"DP=1;SGB=-0.379885;MQ0F=0;AF1=1;AC1=1;DP4=0,0,1,0;MQ=42;FQ=-999",GT:PL,"1:36,0",N/A
chrIV,736999,.,T,A,225.007,.,"DP=19;VDB=0.947537;SGB=-0.69168;MQSB=1;MQ0F=0;AF1=1;AC1=1;DP4=0,0,6,13;MQ=42;FQ=-999",GT:PL,"1:255,0",YDR141C(-)
chrIV,757631,.,G,"C,T",85.0054,.,"DP=70;VDB=5.67297e-06;SGB=-0.693147;RPB=1;MQB=1;MQSB=0.983509;BQB=1;MQ0F=0.0428571;AF1=1;AC1=1;DP4=0,1,37,32;MQ=15;FQ=-999;PV4=0.471429,1,1,1",GT:PL,"1:115,0,78",YDR150W(+)
chrIV,758310,.,T,C,58.0051,.,"DP=29;VDB=0.0123571;SGB=-0.693021;MQSB=0.633483;MQ0F=0;AF1=1;AC1=1;DP4=0,0,4,23;MQ=10;FQ=-999",GT:PL,"1:88,0",YDR150W(+)
chrIV,769328,.,G,A,225.007,.,"DP=13;VDB=0.56783;SGB=-0.683931;MQSB=0.961166;MQ0F=0;AF1=1;AC1=1;DP4=0,0,6,7;MQ=42;FQ=-999",GT:PL,"1:255,0",N/A
chrIV,783598,.,G,A,225.007,.,"DP=37;VDB=0.324003;SGB=-0.693141;MQSB=0.976259;MQ0F=0;AF1=1;AC1=1;DP4=0,0,14,23;MQ=41;FQ=-999",GT:PL,"1:255,0",YDR164C(-)
chrIV,864219,.,A,G,162.006,.,"DP=7;VDB=0.239302;SGB=-0.636426;MQSB=0.810265;MQ0F=0;AF1=1;AC1=1;DP4=0,0,3,4;MQ=40;FQ=-999",GT:PL,"1:192,0",YDR206W(+)
chrIV,981156,.,A,G,6.97679,.,"DP=1;SGB=-0.379885;MQ0F=0;AF1=1;AC1=1;DP4=0,0,1,0;MQ=42;FQ=-999",GT:PL,"1:36,0",N/A
chrIV,987244,.,G,A,37.0057,.,"DP=5;VDB=0.0550934;SGB=-0.556411;RPB=1;MQB=1;MQSB=1;BQB=1;MQ0F=0;AF1=0.501994;AC1=1;DP4=1,0,3,1;MQ=38;FQ=-999;PV4=1,1,0.342519,0.342519",GT:PL,"1:88,21",N/A
chrIV,987310,.,G,A,22.0319,.,"DP=3;VDB=0.48;SGB=-0.453602;RPB=1;MQB=1;BQB=1;MQ0F=0;AF1=0.593902;AC1=1;DP4=1,0,2,0;MQ=42;FQ=-999;PV4=1,1,1,0.333333",GT:PL,"1:57,5",N/A
chrIV,1033461,.,T,A,6.97679,.,"DP=1;SGB=-0.379885;MQ0F=0;AF1=1;AC1=1;DP4=0,0,1,0;MQ=42;FQ=-999",GT:PL,"1:36,0",YDR285W(+)
chrIV,1102070,.,C,G,6.97679,.,"DP=1;SGB=-0.379885;MQ0F=0;AF1=1;AC1=1;DP4=0,0,1,0;MQ=42;FQ=-999",GT:PL,"1:36,0",N/A
chrIV,1150910,.,AGG,AGGG,109.467,.,"INDEL;IDV=4;IMF=0.8;DP=5;VDB=0.89694;SGB=-0.590765;MQSB=1;MQ0F=0;AF1=1;AC1=1;DP4=0,0,1,4;MQ=42;FQ=-999",GT:PL,"1:147,15,0",YDR340W(+)
chrIV,1185130,.,C,A,225.007,.,"DP=44;VDB=0.255903;SGB=-0.693143;MQSB=0.953377;MQ0F=0;AF1=1;AC1=1;DP4=0,0,29,9;MQ=42;FQ=-999",GT:PL,"1:255,0",YDR354W(+)
chrIV,1253397,.,T,C,225.007,.,"DP=20;VDB=0.0188396;SGB=-0.692067;MQSB=1;MQ0F=0;AF1=1;AC1=1;DP4=0,0,15,5;MQ=42;FQ=-999",GT:PL,"1:255,0",YDR389W(+)
chrIV,1305680,.,TGG,TG,47.4666,.,"INDEL;IDV=3;IMF=1;DP=3;VDB=0.549396;SGB=-0.511536;MQ0F=0;AF1=1;AC1=1;DP4=0,0,0,3;MQ=42;FQ=-999",GT:PL,"1:85,9,0",N/A
chrIV,1402305,.,C,T,203.007,.,"DP=10;VDB=0.414348;SGB=-0.670168;MQSB=0.895781;MQ0F=0;AF1=1;AC1=1;DP4=0,0,6,4;MQ=40;FQ=-999",GT:PL,"1:233,0",YDR471W(+)
chrIV,1433710,.,A,T,225.007,.,"DP=22;VDB=0.338941;SGB=-0.692067;MQSB=1;MQ0F=0;AF1=1;AC1=1;DP4=0,0,8,12;MQ=42;FQ=-999",GT:PL,"1:255,0",YDR490C(-)
chrIV,1524974,.,A,G,129.006,.,"DP=21;VDB=0.941045;SGB=-0.69168;MQSB=0.381619;MQ0F=0;AF1=1;AC1=1;DP4=0,0,9,10;MQ=21;FQ=-999",GT:PL,"1:159,0",N/A
chrIV,1525313,.,T,G,68.0052,.,"DP=12;VDB=0.223642;SGB=-0.680642;MQSB=1;MQ0F=0;AF1=1;AC1=1;DP4=0,0,1,11;MQ=19;FQ=-999",GT:PL,"1:98,0",YDR544C(-)
chrIV,1525335,.,C,G,30.0091,.,"DP=9;VDB=0.0157188;SGB=-0.662043;MQSB=1;MQ0F=0;AF1=1;AC1=1;DP4=0,0,1,8;MQ=14;FQ=-999",GT:PL,"1:60,0",YDR544C(-)
chrIV,1525340,.,C,A,18.0728,.,"DP=7;VDB=0.00386184;SGB=-0.636426;MQ0F=0;AF1=1;AC1=1;DP4=0,0,0,7;MQ=14;FQ=-999",GT:PL,"1:48,0",YDR544C(-)
chrIV,1525345,.,C,G,18.0728,.,"DP=7;VDB=0.00429645;SGB=-0.636426;MQ0F=0;AF1=1;AC1=1;DP4=0,0,0,7;MQ=14;FQ=-999",GT:PL,"1:48,0",YDR544C(-)
chrIV,1525351,.,C,G,14.1739,.,"DP=7;VDB=0.00640486;SGB=-0.616816;MQ0F=0;AF1=1;AC1=1;DP4=0,0,0,6;MQ=14;FQ=-999",GT:PL,"1:44,0",YDR544C(-)
chrIV,1525357,.,C,G,14.1739,.,"DP=6;VDB=0.0481133;SGB=-0.511536;MQ0F=0;AF1=1;AC1=1;DP4=0,0,0,3;MQ=19;FQ=-999",GT:PL,"1:44,0",YDR544C(-)
chrV,5461,.,T,G,4.12714,.,"DP=47;VDB=0.0640416;SGB=-0.692717;RPB=0.787059;MQB=0.978456;MQSB=0.930997;BQB=0.962995;MQ0F=0.148936;AF1=0.5;AC1=1;DP4=3,20,0,23;MQ=28;FQ=-999;PV4=0.233333,1,1,0.306826",GT:PL,"1:134,102","YEL075W-A(+),YEL075C(-)"
chrV,48384,.,T,C,225.007,.,"DP=16;VDB=0.0956937;SGB=-0.686358;MQSB=0.960789;MQ0F=0;AF1=1;AC1=1;DP4=0,0,10,4;MQ=42;FQ=-999",GT:PL,"1:255,0",N/A
chrV,115989,.,C,T,40.0053,.,"DP=4;VDB=0.0182837;SGB=-0.556411;MQ0F=0;AF1=1;AC1=1;DP4=0,0,4,0;MQ=23;FQ=-999",GT:PL,"1:70,0",N/A
chrV,115997,.,T,C,40.0053,.,"DP=5;VDB=0.623223;SGB=-0.590765;MQ0F=0;AF1=1;AC1=1;DP4=0,0,5,0;MQ=28;FQ=-999",GT:PL,"1:70,0",N/A
chrV,116028,.,G,A,129.006,.,"DP=9;VDB=0.000984072;SGB=-0.662043;MQ0F=0;AF1=1;AC1=1;DP4=0,0,9,0;MQ=42;FQ=-999",GT:PL,"1:159,0",N/A
chrV,116086,.,G,A,206.007,.,"DP=127;VDB=5.74945e-15;SGB=-0.693147;RPB=1;MQB=1;BQB=1;MQ0F=0;AF1=1;AC1=1;DP4=1,0,126,0;MQ=42;FQ=-999;PV4=1,0.376687,0.449969,0.380959",GT:PL,"1:236,0",N/A
chrV,116577,.,G,A,225.007,.,"DP=87;VDB=0.416827;SGB=-0.693147;MQSB=0.991856;MQ0F=0;AF1=1;AC1=1;DP4=0,0,29,57;MQ=42;FQ=-999",GT:PL,"1:255,0",YEL021W(+)
chrV,116644,.,G,T,225.007,.,"DP=104;VDB=0.000395615;SGB=-0.693147;MQSB=0.894633;MQ0F=0;AF1=1;AC1=1;DP4=0,0,22,80;MQ=42;FQ=-999",GT:PL,"1:255,0",YEL021W(+)
chrV,116799,.,C,T,225.007,.,"DP=66;VDB=0.00308174;SGB=-0.693147;MQSB=0.202342;MQ0F=0;AF1=1;AC1=1;DP4=0,0,7,54;MQ=41;FQ=-999",GT:PL,"1:255,0",YEL021W(+)
chrV,116838,.,C,G,225.007,.,"DP=49;VDB=0.998067;SGB=-0.693147;MQSB=0.428345;MQ0F=0;AF1=1;AC1=1;DP4=0,0,6,39;MQ=41;FQ=-999",GT:PL,"1:255,0",YEL021W(+)
chrV,154531,.,T,A,225.007,.,"DP=22;VDB=0.0346;SGB=-0.692562;MQSB=1;MQ0F=0;AF1=1;AC1=1;DP4=0,0,4,18;MQ=42;FQ=-999",GT:PL,"1:255,0",YER001W(+)
chrV,352394,.,A,G,209.007,.,"DP=14;VDB=0.387587;SGB=-0.670168;MQSB=1.00775;MQ0F=0;AF1=1;AC1=1;DP4=0,0,6,4;MQ=42;FQ=-999",GT:PL,"1:239,0",YER096W(+)
chrV,517529,.,T,C,225.007,.,"DP=17;VDB=0.126602;SGB=-0.690438;MQSB=1;MQ0F=0;AF1=1;AC1=1;DP4=0,0,9,8;MQ=42;FQ=-999",GT:PL,"1:255,0",N/A
chrVI,71406,.,G,A,225.007,.,"DP=14;VDB=0.768163;SGB=-0.686358;MQSB=1;MQ0F=0;AF1=1;AC1=1;DP4=0,0,9,5;MQ=42;FQ=-999",GT:PL,"1:255,0",YFL033C(-)
chrVI,97864,.,CTTTTTTTTTT,CTTTTTTTTTTTT,21.4971,.,"INDEL;IDV=13;IMF=0.8125;DP=16;VDB=0.398125;SGB=-0.680642;MQSB=0.0714286;MQ0F=0;AF1=0.526316;AC1=1;DP4=3,1,11,1;MQ=42;FQ=-999;PV4=0.45,1,1,1",GT:PL,"1:69,10",N/A
chrVI,118914,.,G,T,6.97679,.,"DP=1;SGB=-0.379885;MQ0F=0;AF1=1;AC1=1;DP4=0,0,1,0;MQ=42;FQ=-999",GT:PL,"1:36,0",N/A
chrVI,143889,.,G,T,12.27,.,"DP=2;SGB=-0.379885;MQ0F=0;AF1=1;AC1=1;DP4=0,0,1,0;MQ=42;FQ=-999",GT:PL,"1:42,0",N/A
chrVI,178096,.,C,T,3.01251,.,"DP=24;VDB=0.748002;SGB=-0.651104;RPB=0.983267;MQB=0.0715958;MQSB=0.00202605;BQB=0.992528;MQ0F=0;AF1=0.5;AC1=1;DP4=11,5,1,7;MQ=27;FQ=-999;PV4=0.0271907,0.22435,1,0.0682103",GT:PL,"1:94,64",YFR016C(-)
chrVI,270155,.,TGTG,TGTGGGTG,33.4683,.,"INDEL;IDV=1;IMF=0.5;DP=2;VDB=0.06;SGB=-0.453602;MQ0F=0;AF1=1;AC1=1;DP4=0,0,0,2;MQ=42;FQ=-999",GT:PL,"1:71,6,0",N/A
chrVII,214,.,ACC,ACCC,111.467,.,"INDEL;IDV=24;IMF=0.857143;DP=28;VDB=0.4567;SGB=-0.692976;MQSB=0.000216943;MQ0F=0;AF1=1;AC1=1;DP4=0,2,19,7;MQ=20;FQ=-999;PV4=0.0952381,1,0.138227,1",GT:PL,"1:149,47,0",N/A
chrVII,8151,.,GA,GAA,6.55188,.,"INDEL;IDV=6;IMF=0.545455;DP=11;VDB=0.996102;SGB=-0.670168;MQSB=0.8618;MQ0F=0;AF1=1;AC1=1;DP4=1,0,4,6;MQ=8;FQ=-999;PV4=0.454545,1,1,0.453712",GT:PL,"1:43,23,0",N/A
chrVII,17724,.,C,T,6.97679,.,"DP=1;SGB=-0.379885;MQ0F=0;AF1=1;AC1=1;DP4=0,0,1,0;MQ=42;FQ=-999",GT:PL,"1:36,0",N/A
chrVII,386978,.,C,G,225.007,.,"DP=25;VDB=0.0272839;SGB=-0.692562;MQSB=0.0214931;MQ0F=0;AF1=1;AC1=1;DP4=0,0,13,9;MQ=33;FQ=-999",GT:PL,"1:255,0",YGL062W(+)
chrVII,386979,.,G,C,225.007,.,"DP=25;VDB=0.0282685;SGB=-0.692562;MQSB=0.0214931;MQ0F=0;AF1=1;AC1=1;DP4=0,0,13,9;MQ=33;FQ=-999",GT:PL,"1:255,0",YGL062W(+)
chrVII,401674,.,C,A,117.006,.,"DP=5;VDB=0.312308;SGB=-0.590765;MQSB=1;MQ0F=0;AF1=1;AC1=1;DP4=0,0,1,4;MQ=42;FQ=-999",GT:PL,"1:147,0",N/A
chrVII,401698,.,T,A,70.0052,.,"DP=5;VDB=0.300397;SGB=-0.590765;MQSB=1;MQ0F=0;AF1=1;AC1=1;DP4=0,0,1,4;MQ=42;FQ=-999",GT:PL,"1:100,0",N/A
chrVII,405085,.,CGG,CG,24.4818,.,"INDEL;IDV=2;IMF=1;DP=2;VDB=0.1;SGB=-0.453602;MQ0F=0;AF1=1;AC1=1;DP4=0,0,2,0;MQ=42;FQ=-999",GT:PL,"1:62,6,0",N/A
chrVII,682350,.,T,A,6.97679,.,"DP=1;SGB=-0.379885;MQ0F=0;AF1=1;AC1=1;DP4=0,0,1,0;MQ=42;FQ=-999",GT:PL,"1:36,0",N/A
chrVII,702523,.,T,A,6.97679,.,"DP=1;SGB=-0.379885;MQ0F=0;AF1=1;AC1=1;DP4=0,0,0,1;MQ=42;FQ=-999",GT:PL,"1:36,0",N/A
chrVII,794401,.,A,G,6.97679,.,"DP=1;SGB=-0.379885;MQ0F=0;AF1=1;AC1=1;DP4=0,0,0,1;MQ=42;FQ=-999",GT:PL,"1:36,0",N/A
chrVII,833448,.,A,T,6.97679,.,"DP=1;SGB=-0.379885;MQ0F=0;AF1=1;AC1=1;DP4=0,0,0,1;MQ=42;FQ=-999",GT:PL,"1:36,0",YGR168C(-)
chrVII,985721,.,A,AT,4.41606,.,"INDEL;IDV=1;IMF=1;DP=1;SGB=-0.379885;MQ0F=0;AF1=1;AC1=1;DP4=0,0,0,1;MQ=40;FQ=-999",GT:PL,"1:40,3,0",N/A
chrVII,999711,.,A,G,12.27,.,"DP=2;SGB=-0.379885;MQ0F=0;AF1=1;AC1=1;DP4=0,0,1,0;MQ=42;FQ=-999",GT:PL,"1:42,0",N/A
chrVII,1006277,.,G,C,182.007,.,"DP=9;VDB=0.0232864;SGB=-0.662043;MQSB=1;MQ0F=0;AF1=1;AC1=1;DP4=0,0,7,2;MQ=42;FQ=-999",GT:PL,"1:212,0",YGR257C(-)
chrVII,1006278,.,C,G,181.007,.,"DP=9;VDB=0.0232864;SGB=-0.662043;MQSB=1;MQ0F=0;AF1=1;AC1=1;DP4=0,0,7,2;MQ=42;FQ=-999",GT:PL,"1:211,0",YGR257C(-)
chrVII,1006279,.,G,C,182.007,.,"DP=9;VDB=0.0249492;SGB=-0.662043;MQSB=1;MQ0F=0;AF1=1;AC1=1;DP4=0,0,7,2;MQ=42;FQ=-999",GT:PL,"1:212,0",YGR257C(-)
chrVII,1073509,.,C,G,6.97679,.,"DP=1;SGB=-0.379885;MQ0F=0;AF1=1;AC1=1;DP4=0,0,0,1;MQ=42;FQ=-999",GT:PL,"1:36,0",N/A
chrVIII,1569,.,G,A,195.007,.,"DP=165;VDB=0.877426;SGB=-0.693147;MQ0F=0.030303;AF1=1;AC1=1;DP4=0,0,149,0;MQ=33;FQ=-999",GT:PL,"1:225,0",YHL050C(-)
chrVIII,1672,.,A,G,41.0052,.,"DP=249;VDB=0.195525;SGB=-0.693147;RPB=0.989769;MQB=0.000647349;MQSB=3.37469e-10;BQB=0.0676418;MQ0F=0.0481928;AF1=0.555409;AC1=1;DP4=47,23,158,6;MQ=24;FQ=-999;PV4=5.04609e-09,0.00136127,1,0.0324997",GT:PL,"1:78,7",YHL050C(-)
chrVIII,1708,.,A,G,26.0156,.,"DP=249;VDB=0.000376358;SGB=-0.693147;RPB=0.00118097;MQB=5.08915e-07;MQSB=2.54495e-05;BQB=4.51265e-07;MQ0F=0.060241;AF1=0.50005;AC1=1;DP4=85,33,128,1;MQ=17;FQ=-999;PV4=5.8984e-11,5.99493e-10,1,0.182011",GT:PL,"1:93,37",YHL050C(-)
chrVIII,1846,.,A,G,22.0319,.,"DP=48;VDB=0.00190824;SGB=-0.693147;MQSB=0.645496;MQ0F=0.0208333;AF1=1;AC1=1;DP4=0,0,3,44;MQ=7;FQ=-999",GT:PL,"1:52,0",YHL050C(-)
chrVIII,1927,.,G,A,46.005,.,"DP=154;VDB=7.77729e-13;SGB=-0.693147;RPB=8.00456e-07;MQB=0.00168009;MQSB=0.916795;BQB=0.818881;MQ0F=0.103896;AF1=1;AC1=1;DP4=0,15,7,102;MQ=16;FQ=-999;PV4=0.596476,0.129306,7.76601e-06,0.0742518",GT:PL,"1:76,0",N/A
chrVIII,1997,.,T,C,199.007,.,"DP=187;VDB=0.0035737;SGB=-0.693147;RPB=0.328148;MQB=0.0382656;BQB=0.95774;MQ0F=0.00534759;AF1=1;AC1=1;DP4=0,6,0,177;MQ=32;FQ=-999;PV4=1,0.268686,1,0.311199",GT:PL,"1:229,0",N/A
chrVIII,2068,.,A,T,124.006,.,"DP=251;VDB=2.15703e-12;SGB=-0.693147;RPB=0.942274;MQB=0.197592;BQB=0.542245;MQ0F=0.0796813;AF1=1;AC1=1;DP4=0,21,0,226;MQ=24;FQ=-999;PV4=1,0.0518054,1,1",GT:PL,"1:154,0",N/A
chrVIII,5635,.,T,C,19.0589,.,"DP=3;VDB=0.354794;SGB=-0.511536;MQ0F=0;AF1=1;AC1=1;DP4=0,0,3,0;MQ=26;FQ=-999",GT:PL,"1:49,0",N/A
chrVIII,5759,.,G,A,14.1739,.,"DP=2;VDB=0.02;SGB=-0.453602;MQ0F=0;AF1=1;AC1=1;DP4=0,0,2,0;MQ=24;FQ=-999",GT:PL,"1:44,0",YHL048C-A(-)
chrVIII,5775,.,G,C,14.1739,.,"DP=2;VDB=0.02;SGB=-0.453602;MQ0F=0;AF1=1;AC1=1;DP4=0,0,2,0;MQ=24;FQ=-999",GT:PL,"1:44,0",YHL048C-A(-)
chrVIII,5777,.,G,A,14.1739,.,"DP=2;VDB=0.02;SGB=-0.453602;MQ0F=0;AF1=1;AC1=1;DP4=0,0,2,0;MQ=24;FQ=-999",GT:PL,"1:44,0",YHL048C-A(-)
chrVIII,5788,.,T,G,58.0051,.,"DP=6;VDB=0.724522;SGB=-0.616816;MQ0F=0;AF1=1;AC1=1;DP4=0,0,6,0;MQ=23;FQ=-999",GT:PL,"1:88,0",YHL048C-A(-)
chrVIII,5806,.,C,T,58.0051,.,"DP=6;VDB=0.724522;SGB=-0.616816;MQ0F=0;AF1=1;AC1=1;DP4=0,0,6,0;MQ=23;FQ=-999",GT:PL,"1:88,0",N/A
chrVIII,5830,.,C,T,39.0054,.,"DP=4;VDB=0.0058656;SGB=-0.556411;MQ0F=0;AF1=1;AC1=1;DP4=0,0,4,0;MQ=23;FQ=-999",GT:PL,"1:69,0",N/A
chrVIII,5837,.,A,C,39.0054,.,"DP=4;VDB=0.0058656;SGB=-0.556411;MQ0F=0;AF1=1;AC1=1;DP4=0,0,4,0;MQ=23;FQ=-999",GT:PL,"1:69,0",N/A
chrVIII,5838,.,A,G,39.0054,.,"DP=4;VDB=0.0058656;SGB=-0.556411;MQ0F=0;AF1=1;AC1=1;DP4=0,0,4,0;MQ=23;FQ=-999",GT:PL,"1:69,0",N/A
chrVIII,85508,.,TTATATATAT,TTATATAT,5.79377,.,"INDEL;IDV=4;IMF=0.571429;DP=7;VDB=0.929286;SGB=-0.556411;MQSB=1;MQ0F=0;AF1=0.5;AC1=1;DP4=1,2,4,0;MQ=42;FQ=-999;PV4=0.142857,1,1,1",GT:PL,"1:111,0,69",N/A
chrVIII,107504,.,C,A,6.97679,.,"DP=1;SGB=-0.379885;MQ0F=0;AF1=1;AC1=1;DP4=0,0,0,1;MQ=42;FQ=-999",GT:PL,"1:36,0",N/A
chrVIII,115348,.,G,T,6.97679,.,"DP=1;SGB=-0.379885;MQ0F=0;AF1=1;AC1=1;DP4=0,0,1,0;MQ=42;FQ=-999",GT:PL,"1:36,0",N/A
chrVIII,136583,.,A,T,12.27,.,"DP=2;SGB=-0.379885;MQ0F=0;AF1=1;AC1=1;DP4=0,0,1,0;MQ=42;FQ=-999",GT:PL,"1:42,0",N/A
chrVIII,216123,.,C,T,83.0054,.,"DP=12;VDB=0.936955;SGB=-0.616816;RPB=0.683497;MQB=0.0297172;MQSB=0.0297172;BQB=0.8618;MQ0F=0;AF1=1;AC1=1;DP4=0,5,6,0;MQ=29;FQ=-999;PV4=0.0021645,1,1,1",GT:PL,"1:113,0",YHR056C(-)
chrVIII,314134,.,G,T,6.97679,.,"DP=1;SGB=-0.379885;MQ0F=0;AF1=1;AC1=1;DP4=0,0,0,1;MQ=42;FQ=-999",GT:PL,"1:36,0",YHR100C(-)
chrVIII,349505,.,C,T,6.97679,.,"DP=1;SGB=-0.379885;MQ0F=0;AF1=1;AC1=1;DP4=0,0,0,1;MQ=42;FQ=-999",GT:PL,"1:36,0",N/A
chrVIII,417054,.,G,A,225.007,.,"DP=18;VDB=0.110461;SGB=-0.691153;MQSB=1;MQ0F=0;AF1=1;AC1=1;DP4=0,0,9,9;MQ=42;FQ=-999",GT:PL,"1:255,0",YHR158C(-)
chrVIII,499958,.,C,T,225.007,.,"DP=33;VDB=0.0269444;SGB=-0.69311;MQSB=0.991026;MQ0F=0;AF1=1;AC1=1;DP4=0,0,26,5;MQ=42;FQ=-999",GT:PL,"1:255,0",YHR201C(-)
chrVIII,511255,.,C,T,225.007,.,"DP=29;VDB=0.256421;SGB=-0.692562;MQSB=1;MQ0F=0;AF1=1;AC1=1;DP4=0,0,4,18;MQ=42;FQ=-999",GT:PL,"1:255,0",YHR205W(+)
chrVIII,524447,.,C,G,225.007,.,"DP=14;VDB=0.971988;SGB=-0.686358;MQSB=1;MQ0F=0;AF1=1;AC1=1;DP4=0,0,6,8;MQ=42;FQ=-999",GT:PL,"1:255,0",N/A
chrIX,23214,.,T,G,49.005,.,"DP=8;VDB=0.878874;SGB=-0.651104;MQSB=1;MQ0F=0;AF1=1;AC1=1;DP4=0,0,7,1;MQ=21;FQ=-999",GT:PL,"1:79,0",YIL169C(-)
chrIX,149085,.,A,T,12.27,.,"DP=3;SGB=-0.379885;MQ0F=0;AF1=1;AC1=1;DP4=0,0,1,0;MQ=42;FQ=-999",GT:PL,"1:42,0",N/A
chrIX,181864,.,G,T,12.27,.,"DP=2;SGB=-0.379885;MQ0F=0;AF1=1;AC1=1;DP4=0,0,1,0;MQ=42;FQ=-999",GT:PL,"1:42,0",YIL097W(+)
chrIX,318694,.,T,A,175.007,.,"DP=8;VDB=0.0367379;SGB=-0.651104;MQSB=1;MQ0F=0;AF1=1;AC1=1;DP4=0,0,2,6;MQ=42;FQ=-999",GT:PL,"1:205,0",YIL017C(-)
chrIX,439882,.,TGTGTG,TGTGTGGGTGTGGGTGTG,27.4741,.,"INDEL;IDV=2;IMF=0.133333;DP=15;VDB=2.54473e-07;SGB=-0.662043;MQ0F=0.0666667;AF1=0.5;AC1=1;DP4=0,6,0,9;MQ=36;FQ=-999;PV4=1,1,0.373481,1",GT:PL,"1:140,0,75",N/A
chrX,97478,.,G,A,225.007,.,"DP=21;VDB=0.00037309;SGB=-0.692352;MQSB=1;MQ0F=0;AF1=1;AC1=1;DP4=0,0,11,10;MQ=42;FQ=-999",GT:PL,"1:255,0",N/A
chrX,100335,.,C,T,225.007,.,"DP=40;VDB=0.00196141;SGB=-0.693141;MQSB=0.918029;MQ0F=0;AF1=1;AC1=1;DP4=0,0,24,13;MQ=42;FQ=-999",GT:PL,"1:255,0",YJL171C(-)
chrX,278977,.,CAGAGAG,CAGAG,217.469,.,"INDEL;IDV=20;IMF=0.909091;DP=22;VDB=0.0583397;SGB=-0.692562;MQSB=1;MQ0F=0;AF1=1;AC1=1;DP4=0,0,15,7;MQ=42;FQ=-999",GT:PL,"1:255,66,0",YJL083W(+)
chrX,491980,.,G,C,6.97679,.,"DP=1;SGB=-0.379885;MQ0F=0;AF1=1;AC1=1;DP4=0,0,0,1;MQ=42;FQ=-999",GT:PL,"1:36,0",YJR032W(+)
chrX,640784,.,GAAAAAAAAAA,GAAAAAAAAAAA,3.24957,.,"INDEL;IDV=12;IMF=1;DP=12;VDB=0.454942;SGB=-0.680642;MQ0F=0;AF1=1;AC1=1;DP4=0,0,12,0;MQ=42;FQ=-999",GT:PL,"1:38,36,0",N/A
chrXI,457,.,C,CA,217.469,.,"INDEL;IDV=22;IMF=0.956522;DP=23;VDB=0.36216;SGB=-0.692717;MQSB=0.115243;MQ0F=0;AF1=1;AC1=1;DP4=0,0,9,14;MQ=30;FQ=-999",GT:PL,"1:255,69,0",YKL225W(+)
chrXI,451568,.,GGAACACGAACACGAACA,GGAACACGAACA,209.469,.,"INDEL;IDV=19;IMF=0.703704;DP=27;VDB=0.391114;SGB=-0.692831;MQSB=0.787701;MQ0F=0;AF1=0.543032;AC1=1;DP4=0,3,11,13;MQ=39;FQ=-999;PV4=0.247863,1,0.148094,1",GT:PL,"1:255,0,8",YKR007W(+)
chrXI,666556,.,GT,G,130.468,.,"INDEL;IDV=43;IMF=0.914894;DP=47;VDB=0.00873452;SGB=-0.693146;MQSB=0.688889;MQ0F=0;AF1=1;AC1=1;DP4=1,4,1,41;MQ=39;FQ=-999;PV4=0.203515,1,1,1",GT:PL,"1:168,60,0",N/A
chrXI,666557,.,TG,T,133.468,.,"INDEL;IDV=3;IMF=0.0638298;DP=47;VDB=0.00916054;SGB=-0.693146;MQSB=0.688889;MQ0F=0;AF1=1;AC1=1;DP4=1,3,1,42;MQ=39;FQ=-999;PV4=0.164662,1,1,1",GT:PL,"1:171,66,0",N/A
chrXII,590,.,ATG,ATGTACAGTG,52.4666,.,"INDEL;IDV=7;IMF=0.134615;DP=52;VDB=0.948956;SGB=-0.693136;MQSB=1;MQ0F=0.0192308;AF1=0.5;AC1=1;DP4=16,1,35,0;MQ=28;FQ=-999;PV4=0.326923,1,1,1",GT:PL,"1:158,0,68",YLL067C(-)
chrXII,591,.,TGG,TGTACAGCGG,104.467,.,"INDEL;IDV=39;IMF=0.764706;DP=51;VDB=0.91504;SGB=-0.693144;MQ0F=0.0196078;AF1=0.730437;AC1=1;DP4=12,0,39,0;MQ=28;FQ=-999;PV4=1,1,1,1",GT:PL,"1:144,0,2",YLL067C(-)
chrXII,641,.,C,G,28.0116,.,"DP=37;VDB=1.67038e-05;SGB=-0.683931;RPB=3.33559e-05;MQB=5.28272e-05;MQSB=0.348623;BQB=0.366542;MQ0F=0;AF1=0.526316;AC1=1;DP4=18,4,13,0;MQ=16;FQ=-999;PV4=0.273529,0.0965635,1,0.0302473",GT:PL,"1:68,10",YLL067C(-)
chrXII,187137,.,ATTT,ATT,217.469,.,"INDEL;IDV=26;IMF=0.83871;DP=31;VDB=0.942962;SGB=-0.693021;MQSB=1;MQ0F=0;AF1=1;AC1=1;DP4=0,4,17,10;MQ=42;FQ=-999;PV4=0.0318131,1,1,1",GT:PL,"1:255,48,0",N/A
chrXII,263041,.,C,A,6.97679,.,"DP=1;SGB=-0.379885;MQ0F=0;AF1=1;AC1=1;DP4=0,0,0,1;MQ=42;FQ=-999",GT:PL,"1:36,0",N/A
chrXII,291384,.,A,G,225.007,.,"DP=15;VDB=0.391706;SGB=-0.680642;MQSB=0.793923;MQ0F=0;AF1=1;AC1=1;DP4=0,0,4,8;MQ=42;FQ=-999",GT:PL,"1:255,0",YLR081W(+)
chrXII,291386,.,A,G,225.007,.,"DP=14;VDB=0.353483;SGB=-0.680642;MQSB=0.793923;MQ0F=0;AF1=1;AC1=1;DP4=0,0,4,8;MQ=42;FQ=-999",GT:PL,"1:255,0",YLR081W(+)
chrXII,348937,.,C,A,11.3361,.,"DP=5;VDB=0.160409;SGB=-0.556411;MQ0F=0;AF1=1;AC1=1;DP4=0,0,4,0;MQ=33;FQ=-999",GT:PL,"1:41,0",N/A
chrXII,348947,.,A,T,11.3361,.,"DP=5;VDB=0.0395055;SGB=-0.556411;MQ0F=0;AF1=1;AC1=1;DP4=0,0,4,0;MQ=33;FQ=-999",GT:PL,"1:41,0",N/A
chrXII,348967,.,C,G,5.45858,.,"DP=3;VDB=0.0506481;SGB=-0.511536;MQ0F=0;AF1=1;AC1=1;DP4=0,0,3,0;MQ=30;FQ=-999",GT:PL,"1:34,0",N/A
chrXII,437472,.,T,A,4.12714,.,"DP=1;SGB=-0.379885;MQ0F=0;AF1=1;AC1=1;DP4=0,0,1,0;MQ=42;FQ=-999",GT:PL,"1:32,0",N/A
chrXII,468701,.,T,C,9.51895,.,"DP=239;VDB=0.812925;SGB=-0.686358;RPB=0.895296;MQB=0.00734701;MQSB=0.489827;BQB=0.152143;MQ0F=0.0083682;AF1=1;AC1=1;DP4=82,137,11,3;MQ=8;FQ=-999;PV4=0.00357097,3.3393e-05,1,0.0596985",GT:PL,"1:39,0",N/A
chrXII,474417,.,ACC,ACCC,3.24957,.,"INDEL;IDV=1;IMF=1;DP=1;SGB=-0.379885;MQ0F=0;AF1=1;AC1=1;DP4=0,0,1,0;MQ=42;FQ=-999",GT:PL,"1:38,3,0",N/A
chrXII,528749,.,T,A,225.007,.,"DP=26;VDB=0.368134;SGB=-0.692976;MQSB=1;MQ0F=0;AF1=1;AC1=1;DP4=0,0,14,12;MQ=42;FQ=-999",GT:PL,"1:255,0",YLR188W(+)
chrXII,725936,.,G,A,172.007,.,"DP=36;VDB=0.345764;SGB=-0.693127;MQ0F=0;AF1=1;AC1=1;DP4=0,0,33,0;MQ=42;FQ=-999",GT:PL,"1:202,0",N/A
chrXII,734703,.,T,A,6.97679,.,"DP=1;SGB=-0.379885;MQ0F=0;AF1=1;AC1=1;DP4=0,0,1,0;MQ=42;FQ=-999",GT:PL,"1:36,0",N/A
chrXII,757588,.,T,G,11.3361,.,"DP=6;VDB=0.725151;SGB=-0.556411;RPB=1;MQB=1;BQB=1;MQ0F=0;AF1=1;AC1=1;DP4=1,0,4,0;MQ=32;FQ=-999;PV4=1,1,1,1",GT:PL,"1:41,0",YLR311C(-)
chrXII,784382,.,GCC,GCCC,217.469,.,"INDEL;IDV=25;IMF=1;DP=25;VDB=0.440321;SGB=-0.692831;MQSB=0.98056;MQ0F=0;AF1=1;AC1=1;DP4=0,1,16,8;MQ=40;FQ=-999;PV4=0.36,1,1,0.0708033",GT:PL,"1:255,61,0",N/A
chrXII,818465,.,A,ATTT,4.41606,.,"INDEL;IDV=1;IMF=1;DP=1;SGB=-0.379885;MQ0F=0;AF1=1;AC1=1;DP4=0,0,1,0;MQ=40;FQ=-999",GT:PL,"1:40,3,0",N/A
chrXII,828903,.,C,T,225.007,.,"DP=24;VDB=0.357893;SGB=-0.692562;MQSB=1;MQ0F=0;AF1=1;AC1=1;DP4=0,0,16,6;MQ=42;FQ=-999",GT:PL,"1:255,0",YLR350W(+)
chrXII,941340,.,G,T,3.54149,.,"DP=2;SGB=-0.379885;RPB=1;MQB=1;BQB=1;MQ0F=0;AF1=1;AC1=1;DP4=0,1,0,1;MQ=30;FQ=-999;PV4=1,1,1,1",GT:PL,"1:31,0",N/A
chrXII,971861,.,TC,TCC,4.41606,.,"INDEL;IDV=1;IMF=1;DP=1;SGB=-0.379885;MQ0F=0;AF1=1;AC1=1;DP4=0,0,0,1;MQ=42;FQ=-999",GT:PL,"1:40,3,0",N/A
chrXII,1012328,.,AGCCG,AGCCGCCG,30.4702,.,"INDEL;IDV=15;IMF=0.882353;DP=17;VDB=0.245989;SGB=-0.670168;MQSB=0.91051;MQ0F=0;AF1=0.500025;AC1=1;DP4=1,6,8,2;MQ=39;FQ=-999;PV4=0.0152201,1,1,1",GT:PL,"1:108,0,40",N/A
chrXII,1039435,.,T,A,225.007,.,"DP=13;VDB=0.659814;SGB=-0.683931;MQSB=0.785785;MQ0F=0;AF1=1;AC1=1;DP4=0,0,9,4;MQ=41;FQ=-999",GT:PL,"1:255,0",YLR452C(-)
chrXII,1066277,.,G,A,16.1122,.,"DP=30;VDB=0.0811354;SGB=-0.689466;RPB=0.63581;MQB=0.000261188;MQSB=0.0480995;BQB=0.856268;MQ0F=0;AF1=0.5;AC1=1;DP4=6,6,16,0;MQ=35;FQ=-999;PV4=0.00245262,0.159931,1,1",GT:PL,"1:155,109","YLR462W(+),YLR463C(-)"
chrXIII,34473,.,T,G,225.007,.,"DP=40;VDB=0.301458;SGB=-0.69311;MQSB=1;MQ0F=0;AF1=1;AC1=1;DP4=0,0,20,11;MQ=42;FQ=-999",GT:PL,"1:255,0",YML117W(+)
chrXIII,202434,.,T,C,6.97679,.,"DP=1;SGB=-0.379885;MQ0F=0;AF1=1;AC1=1;DP4=0,0,1,0;MQ=42;FQ=-999",GT:PL,"1:36,0",N/A
chrXIII,222718,.,A,T,6.97679,.,"DP=1;SGB=-0.379885;MQ0F=0;AF1=1;AC1=1;DP4=0,0,1,0;MQ=42;FQ=-999",GT:PL,"1:36,0",N/A
chrXIII,325905,.,T,A,225.007,.,"DP=25;VDB=0.0123292;SGB=-0.692831;MQSB=0.958048;MQ0F=0;AF1=1;AC1=1;DP4=0,0,14,10;MQ=41;FQ=-999",GT:PL,"1:255,0",YMR027W(+)
chrXIII,448333,.,G,A,225.007,.,"DP=33;VDB=0.0204219;SGB=-0.69312;MQSB=1;MQ0F=0;AF1=1;AC1=1;DP4=0,0,20,12;MQ=42;FQ=-999",GT:PL,"1:255,0",N/A
chrXIII,448334,.,A,G,225.007,.,"DP=33;VDB=0.0206475;SGB=-0.69312;MQSB=1;MQ0F=0;AF1=1;AC1=1;DP4=0,0,20,12;MQ=42;FQ=-999",GT:PL,"1:255,0",N/A
chrXIII,630505,.,A,G,159.006,.,"DP=15;VDB=0.850183;SGB=-0.686358;MQ0F=0;AF1=1;AC1=1;DP4=0,0,14,0;MQ=42;FQ=-999",GT:PL,"1:189,0",YMR185W(+)
chrXIII,672129,.,T,C,163.006,.,"DP=11;VDB=0.926487;SGB=-0.676189;MQSB=1;MQ0F=0;AF1=1;AC1=1;DP4=0,0,10,1;MQ=42;FQ=-999",GT:PL,"1:193,0",YMR205C(-)
chrXIII,680936,.,T,C,201.007,.,"DP=10;VDB=0.372756;SGB=-0.670168;MQSB=1;MQ0F=0;AF1=1;AC1=1;DP4=0,0,2,8;MQ=42;FQ=-999",GT:PL,"1:231,0",YMR207C(-)
chrXIII,680940,.,C,T,196.007,.,"DP=10;VDB=0.364596;SGB=-0.670168;MQSB=1;MQ0F=0;AF1=1;AC1=1;DP4=0,0,2,8;MQ=42;FQ=-999",GT:PL,"1:226,0",YMR207C(-)
chrXIII,708291,.,T,C,225.007,.,"DP=27;VDB=0.00787142;SGB=-0.692717;MQSB=1;MQ0F=0;AF1=1;AC1=1;DP4=0,0,3,20;MQ=42;FQ=-999",GT:PL,"1:255,0",YMR219W(+)
chrXIII,809198,.,A,G,225.007,.,"DP=14;VDB=0.613531;SGB=-0.683931;MQSB=1;MQ0F=0;AF1=1;AC1=1;DP4=0,0,3,10;MQ=42;FQ=-999",GT:PL,"1:255,0",N/A
chrXIII,908177,.,A,G,120.006,.,"DP=108;VDB=0.0477756;SGB=-0.693147;RPB=0.628472;MQB=0.996652;MQSB=8.44528e-07;BQB=0.998731;MQ0F=0.037037;AF1=0.555409;AC1=1;DP4=3,15,25,31;MQ=26;FQ=-999;PV4=0.0494839,1,0.443825,1",GT:PL,"1:157,7",YMR317W(+)
chrXIII,908179,.,T,G,10.418,.,"DP=112;VDB=0.00144629;SGB=-0.693147;RPB=0.0016733;MQB=0.0305652;MQSB=1.4721e-07;BQB=0.999678;MQ0F=0.0535714;AF1=0.5;AC1=1;DP4=4,28,24,22;MQ=25;FQ=-999;PV4=0.000317356,1,0.00175456,1",GT:PL,"1:167,127",YMR317W(+)
chrXIII,908196,.,G,C,47.005,.,"DP=112;VDB=0.895981;SGB=-0.693147;RPB=0.817374;MQB=0.254429;MQSB=2.64294e-06;BQB=0.0164489;MQ0F=0.0625;AF1=0.500002;AC1=1;DP4=5,22,19,48;MQ=24;FQ=-999;PV4=0.435374,1,0.00767108,0.284893",GT:PL,"1:128,51",YMR317W(+)
chrXIII,924341,.,G,T,79.0053,.,"DP=14;VDB=0.0694872;SGB=-0.651104;RPB=0.152558;MQB=0.124514;MQSB=1;BQB=0.594025;MQ0F=0.214286;AF1=1;AC1=1;DP4=0,3,1,7;MQ=27;FQ=-999;PV4=1,1,1,0.0904906",GT:PL,"1:109,0",N/A
chrXIV,7478,.,A,AT,159.468,.,"INDEL;IDV=18;IMF=0.9;DP=20;VDB=0.0593443;SGB=-0.692067;MQSB=0.864302;MQ0F=0;AF1=1;AC1=1;DP4=0,0,8,12;MQ=21;FQ=-999",GT:PL,"1:197,60,0",N/A
chrXIV,61834,.,T,C,6.97679,.,"DP=1;SGB=-0.379885;MQ0F=0;AF1=1;AC1=1;DP4=0,0,1,0;MQ=42;FQ=-999",GT:PL,"1:36,0",YNL303W(+)
chrXIV,73522,.,T,A,6.97679,.,"DP=1;SGB=-0.379885;MQ0F=0;AF1=1;AC1=1;DP4=0,0,0,1;MQ=42;FQ=-999",GT:PL,"1:36,0",YNL297C(-)
chrXIV,140381,.,CATA,CATAATAATA,22.4908,.,"INDEL;IDV=2;IMF=1;DP=2;VDB=0.1;SGB=-0.453602;MQ0F=0;AF1=1;AC1=1;DP4=0,0,2,0;MQ=33;FQ=-999",GT:PL,"1:60,6,0",YNL268W(+)
chrXIV,312328,.,AACGACGACG,AACGACG,217.469,.,"INDEL;IDV=10;IMF=1;DP=10;VDB=0.0179158;SGB=-0.670168;MQSB=0.895781;MQ0F=0;AF1=1;AC1=1;DP4=0,0,6,4;MQ=42;FQ=-999",GT:PL,"1:255,30,0",YNL172W(+)
chrXIV,377887,.,G,T,225.007,.,"DP=26;VDB=0.965633;SGB=-0.692976;MQSB=1;MQ0F=0;AF1=1;AC1=1;DP4=0,0,10,16;MQ=42;FQ=-999",GT:PL,"1:255,0",YNL132W(+)
chrXIV,439397,.,GTTTTTT,GTTTTTTT,76.4669,.,"INDEL;IDV=11;IMF=0.916667;DP=12;VDB=0.174864;SGB=-0.680642;MQSB=1;MQ0F=0;AF1=1;AC1=1;DP4=0,0,2,10;MQ=42;FQ=-999",GT:PL,"1:114,36,0",N/A
chrXIV,471767,.,A,G,225.007,.,"DP=19;VDB=0.647356;SGB=-0.690438;MQSB=1;MQ0F=0;AF1=1;AC1=1;DP4=0,0,13,4;MQ=42;FQ=-999",GT:PL,"1:255,0",YNL083W(+)
chrXIV,500880,.,G,C,6.97679,.,"DP=1;SGB=-0.379885;MQ0F=0;AF1=1;AC1=1;DP4=0,0,0,1;MQ=42;FQ=-999",GT:PL,"1:36,0",N/A
chrXIV,522405,.,T,C,63.0051,.,"DP=67;VDB=0.278778;SGB=-0.693145;RPB=0.0983101;MQB=1.56833e-08;MQSB=0.00013729;BQB=0.967848;MQ0F=0;AF1=0.5;AC1=1;DP4=13,14,0,40;MQ=33;FQ=-999;PV4=7.90576e-07,0.233605,1,1",GT:PL,"1:157,64",YNL054W-B(+)
chrXIV,522418,.,A,G,54.005,.,"DP=74;VDB=0.713073;SGB=-0.693147;RPB=0.881742;MQB=1.7542e-06;MQSB=0.000369451;BQB=0.725948;MQ0F=0;AF1=0.5;AC1=1;DP4=9,15,0,48;MQ=34;FQ=-999;PV4=1.5362e-05,1,1,1",GT:PL,"1:152,68",YNL054W-B(+)
chrXIV,522424,.,G,A,51.005,.,"DP=72;VDB=0.854126;SGB=-0.693147;RPB=0.0227614;MQB=4.94066e-08;MQSB=0.000228387;BQB=0.126009;MQ0F=0;AF1=0.5;AC1=1;DP4=9,13,0,50;MQ=34;FQ=-999;PV4=5.84423e-06,0.0412847,1,1",GT:PL,"1:143,62",YNL054W-B(+)
chrXIV,522429,.,C,T,40.0053,.,"DP=77;VDB=0.371989;SGB=-0.693147;RPB=0.0246221;MQB=5.39351e-09;MQSB=0.000531009;BQB=0.971971;MQ0F=0;AF1=0.5;AC1=1;DP4=10,17,0,45;MQ=33;FQ=-999;PV4=1.57331e-05,0.150143,1,1",GT:PL,"1:155,85",YNL054W-B(+)
chrXIV,522483,.,T,C,29.0102,.,"DP=143;VDB=0.90271;SGB=-0.693147;RPB=0.0460261;MQB=2.43158e-12;MQSB=2.30119e-07;BQB=0.401677;MQ0F=0;AF1=0.5;AC1=1;DP4=18,37,0,88;MQ=34;FQ=-999;PV4=4.50574e-09,0.261779,1,0.0297375",GT:PL,"1:165,106",YNL054W-B(+)
chrXIV,744186,.,T,A,6.97679,.,"DP=1;SGB=-0.379885;MQ0F=0;AF1=1;AC1=1;DP4=0,0,1,0;MQ=42;FQ=-999",GT:PL,"1:36,0",N/A
chrXV,90,.,CCCAC,CC,186.468,.,"INDEL;IDV=24;IMF=0.857143;DP=28;VDB=0.236552;SGB=-0.692352;MQSB=1;MQ0F=0.107143;AF1=1;AC1=1;DP4=7,0,20,1;MQ=35;FQ=-999;PV4=1,1,1,1",GT:PL,"1:224,14,0",N/A
chrXV,50002,.,C,T,225.007,.,"DP=14;VDB=0.75682;SGB=-0.683931;MQSB=1;MQ0F=0;AF1=1;AC1=1;DP4=0,0,9,4;MQ=42;FQ=-999",GT:PL,"1:255,0",YOL145C(-)
chrXV,50010,.,A,T,183.007,.,"DP=11;VDB=0.880537;SGB=-0.662043;MQSB=1;MQ0F=0;AF1=1;AC1=1;DP4=0,0,7,2;MQ=42;FQ=-999",GT:PL,"1:213,0",YOL145C(-)
chrXV,50012,.,C,T,182.007,.,"DP=9;VDB=0.889084;SGB=-0.662043;MQSB=1;MQ0F=0;AF1=1;AC1=1;DP4=0,0,7,2;MQ=42;FQ=-999",GT:PL,"1:212,0",YOL145C(-)
chrXV,60240,.,C,T,46.005,.,"DP=3;VDB=0.82;SGB=-0.453602;MQSB=1;MQ0F=0;AF1=1;AC1=1;DP4=0,0,1,1;MQ=41;FQ=-999",GT:PL,"1:76,0",N/A
chrXV,79297,.,C,G,225.007,.,"DP=22;VDB=0.433288;SGB=-0.692067;MQSB=0.951005;MQ0F=0;AF1=1;AC1=1;DP4=0,0,7,13;MQ=42;FQ=-999",GT:PL,"1:255,0",YOL128C(-)
chrXV,79304,.,A,T,225.007,.,"DP=25;VDB=0.758378;SGB=-0.69168;MQSB=0.999039;MQ0F=0;AF1=1;AC1=1;DP4=0,0,6,13;MQ=42;FQ=-999",GT:PL,"1:255,0",YOL128C(-)
chrXV,79305,.,T,A,225.007,.,"DP=25;VDB=0.760876;SGB=-0.69168;MQSB=0.999039;MQ0F=0;AF1=1;AC1=1;DP4=0,0,6,13;MQ=42;FQ=-999",GT:PL,"1:255,0",YOL128C(-)
chrXV,227944,.,T,A,6.97679,.,"DP=1;SGB=-0.379885;MQ0F=0;AF1=1;AC1=1;DP4=0,0,0,1;MQ=42;FQ=-999",GT:PL,"1:36,0",N/A
chrXV,355306,.,C,T,6.97679,.,"DP=1;SGB=-0.379885;MQ0F=0;AF1=1;AC1=1;DP4=0,0,1,0;MQ=42;FQ=-999",GT:PL,"1:36,0",N/A
chrXV,571909,.,T,A,6.97679,.,"DP=1;SGB=-0.379885;MQ0F=0;AF1=1;AC1=1;DP4=0,0,1,0;MQ=42;FQ=-999",GT:PL,"1:36,0",N/A
chrXV,580195,.,G,A,173.007,.,"DP=9;VDB=0.039586;SGB=-0.662043;MQSB=1;MQ0F=0;AF1=1;AC1=1;DP4=0,0,7,2;MQ=42;FQ=-999",GT:PL,"1:203,0",YOR135C(-)
chrXV,594677,.,G,A,12.27,.,"DP=2;VDB=0.02;SGB=-0.453602;MQ0F=0;AF1=1;AC1=1;DP4=0,0,0,2;MQ=23;FQ=-999",GT:PL,"1:42,0",N/A
chrXV,594681,.,A,G,12.27,.,"DP=2;VDB=0.02;SGB=-0.453602;MQ0F=0;AF1=1;AC1=1;DP4=0,0,0,2;MQ=23;FQ=-999",GT:PL,"1:42,0",N/A
chrXV,594685,.,G,T,12.27,.,"DP=2;VDB=0.02;SGB=-0.453602;MQ0F=0;AF1=1;AC1=1;DP4=0,0,0,2;MQ=23;FQ=-999",GT:PL,"1:42,0",N/A
chrXV,681910,.,A,G,225.007,.,"DP=31;VDB=0.0781101;SGB=-0.693079;MQSB=1;MQ0F=0;AF1=1;AC1=1;DP4=0,0,23,6;MQ=42;FQ=-999",GT:PL,"1:255,0",YOR185C(-)
chrXV,773264,.,G,C,225.007,.,"DP=21;VDB=0.656876;SGB=-0.69168;MQSB=1;MQ0F=0;AF1=1;AC1=1;DP4=0,0,6,13;MQ=42;FQ=-999",GT:PL,"1:255,0","YOR231W(+),YOR231C-A(-)"
chrXV,822503,.,G,T,6.97679,.,"DP=1;SGB=-0.379885;MQ0F=0;AF1=1;AC1=1;DP4=0,0,1,0;MQ=42;FQ=-999",GT:PL,"1:36,0",N/A
chrXV,951241,.,C,T,142.006,.,"DP=8;VDB=0.0390351;SGB=-0.636426;MQSB=1;MQ0F=0;AF1=1;AC1=1;DP4=0,0,1,6;MQ=40;FQ=-999",GT:PL,"1:172,0",YOR336W(+)
chrXV,958175,.,T,C,6.97679,.,"DP=1;SGB=-0.379885;MQ0F=0;AF1=1;AC1=1;DP4=0,0,0,1;MQ=42;FQ=-999",GT:PL,"1:36,0",N/A
chrXV,1031405,.,C,A,21.0389,.,"DP=7;VDB=0.0821847;SGB=-0.556411;MQ0F=0;AF1=1;AC1=1;DP4=0,0,4,0;MQ=38;FQ=-999",GT:PL,"1:51,0",N/A
chrXVI,191944,.,C,T,203.007,.,"DP=14;VDB=0.995543;SGB=-0.680642;MQSB=0.982603;MQ0F=0;AF1=1;AC1=1;DP4=0,0,6,6;MQ=42;FQ=-999",GT:PL,"1:233,0",YPL188W(+)
chrXVI,441575,.,C,CG,8.18204,.,"INDEL;IDV=2;IMF=1;DP=2;VDB=0.5;SGB=-0.453602;MQ0F=0;AF1=1;AC1=1;DP4=0,0,0,2;MQ=42;FQ=-999",GT:PL,"1:45,6,0",YPL060C-A(-)
chrXVI,514462,.,G,T,4.12714,.,"DP=1;SGB=-0.379885;MQ0F=0;AF1=1;AC1=1;DP4=0,0,0,1;MQ=42;FQ=-999",GT:PL,"1:32,0",N/A
chrXVI,633810,.,G,T,17.0903,.,"DP=4;VDB=0.0221621;SGB=-0.511536;RPB=1;MQB=1;MQSB=1;BQB=1;MQ0F=0;AF1=0.500997;AC1=1;DP4=0,1,3,0;MQ=38;FQ=-999;PV4=0.25,1,0.333333,0",GT:PL,"1:71,24",N/A
chrXVI,633819,.,G,T,17.0903,.,"DP=4;VDB=0.0221621;SGB=-0.511536;RPB=1;MQB=1;MQSB=1;BQB=1;MQ0F=0;AF1=0.500997;AC1=1;DP4=0,1,3,0;MQ=38;FQ=-999;PV4=0.25,1,0.333333,0",GT:PL,"1:71,24",N/A
chrXVI,667520,.,T,G,225.007,.,"DP=27;VDB=0.683967;SGB=-0.692562;MQSB=1;MQ0F=0;AF1=1;AC1=1;DP4=0,0,8,14;MQ=42;FQ=-999",GT:PL,"1:255,0",N/A
chrXVI,677102,.,A,G,211.007,.,"DP=20;VDB=0.37989;SGB=-0.689466;MQSB=1;MQ0F=0;AF1=1;AC1=1;DP4=0,0,2,14;MQ=42;FQ=-999",GT:PL,"1:241,0",N/A
chrXVI,759400,.,T,G,225.007,.,"DP=33;VDB=0.599836;SGB=-0.693079;MQSB=1;MQ0F=0;AF1=1;AC1=1;DP4=0,0,10,19;MQ=42;FQ=-999",GT:PL,"1:255,0",YPR116W(+)
chrXVI,771378,.,T,A,6.97679,.,"DP=1;SGB=-0.379885;MQ0F=0;AF1=1;AC1=1;DP4=0,0,1,0;MQ=42;FQ=-999",GT:PL,"1:36,0",N/A
chrXVI,856570,.,C,A,3.54149,.,"DP=2;SGB=-0.379885;RPB=1;MQB=1;BQB=1;MQ0F=0;AF1=1;AC1=1;DP4=1,0,1,0;MQ=30;FQ=-999;PV4=1,1,1,1",GT:PL,"1:31,0",N/A
chrXVI,890346,.,T,A,225.007,.,"DP=25;VDB=0.999932;SGB=-0.692717;MQSB=0.934091;MQ0F=0;AF1=1;AC1=1;DP4=0,0,11,12;MQ=41;FQ=-999",GT:PL,"1:255,0",YPR175W(+)
chrmt,13802,.,T,A,146.006,.,"DP=11;VDB=0.00626309;SGB=-0.670168;MQ0F=0;AF1=1;AC1=1;DP4=0,0,10,0;MQ=42;FQ=-999",GT:PL,"1:176,0",N/A
chrmt,20345,.,GAAA,GAA,179.468,.,"INDEL;IDV=60;IMF=0.923077;DP=65;VDB=3.11242e-05;SGB=-0.693147;MQSB=0.493946;MQ0F=0;AF1=0.500792;AC1=1;DP4=4,9,25,27;MQ=41;FQ=-999;PV4=0.354552,1,1,1",GT:PL,"1:242,0,25",N/A
chrmt,20934,.,T,G,225.007,.,"DP=114;VDB=0.785481;SGB=-0.693147;MQSB=0.983099;MQ0F=0;AF1=1;AC1=1;DP4=0,0,44,45;MQ=42;FQ=-999",GT:PL,"1:255,0","Q0065(+),Q0070(+),Q0045(+)"
chrmt,33618,.,T,TTC,217.469,.,"INDEL;IDV=15;IMF=0.882353;DP=17;VDB=0.515604;SGB=-0.689466;MQSB=0.566667;MQ0F=0;AF1=1;AC1=1;DP4=0,1,2,14;MQ=40;FQ=-999;PV4=1,1,1,0.281347",GT:PL,"1:255,39,0",N/A
chrmt,33743,.,T,A,135.006,.,"DP=7;VDB=0.316447;SGB=-0.636426;MQSB=1;MQ0F=0;AF1=1;AC1=1;DP4=0,0,6,1;MQ=41;FQ=-999",GT:PL,"1:165,0",N/A
chrmt,39517,.,G,T,216.007,.,"DP=16;VDB=0.429681;SGB=-0.680642;MQSB=1;MQ0F=0;AF1=1;AC1=1;DP4=0,0,10,2;MQ=42;FQ=-999",GT:PL,"1:246,0",Q0115(+)
chrmt,43084,.,ATTTTTTTT,ATTTTTTTTT,43.4667,.,"INDEL;IDV=38;IMF=0.844444;DP=45;VDB=0.479202;SGB=-0.693132;MQSB=0.721208;MQ0F=0;AF1=1;AC1=1;DP4=5,6,7,27;MQ=41;FQ=-999;PV4=0.13056,1,1,1",GT:PL,"1:81,27,0",N/A
chrmt,76548,.,A,G,6.97679,.,"DP=1;SGB=-0.379885;MQ0F=0;AF1=1;AC1=1;DP4=0,0,1,0;MQ=42;FQ=-999",GT:PL,"1:36,0",N/A
chrmt,82507,.,T,A,13.2167,.,"DP=4;VDB=0.18;SGB=-0.453602;MQ0F=0;AF1=1;AC1=1;DP4=0,0,2,0;MQ=24;FQ=-999",GT:PL,"1:43,0",N/A
