#CHROM,POS,ID,REF,ALT,QUAL,FILTER,INFO,FORMAT,/home/rothlab/dtabet/MGY360/output/mgyB11/mgyB11_S254_R1_001_sorted.bam,CDS(Orientation)
chrI,16945,.,A,T,6.97679,.,"DP=1;SGB=-0.379885;MQ0F=0;AF1=1;AC1=1;DP4=0,0,0,1;MQ=42;FQ=-999",GT:PL,"1:36,0",N/A
chrI,25340,.,C,A,55.0051,.,"DP=7;VDB=0.0476385;SGB=-0.636426;MQSB=0.405132;MQ0F=0;AF1=1;AC1=1;DP4=0,0,3,4;MQ=17;FQ=-999",GT:PL,"1:85,0",YAL063C(-)
chrI,25488,.,G,A,30.0091,.,"DP=5;VDB=0.273436;SGB=-0.590765;MQ0F=0;AF1=1;AC1=1;DP4=0,0,0,5;MQ=22;FQ=-999",GT:PL,"1:60,0",YAL063C(-)
chrI,25497,.,G,A,4.12714,.,"DP=4;VDB=0.331443;SGB=-0.556411;MQ0F=0;AF1=1;AC1=1;DP4=0,0,0,4;MQ=12;FQ=-999",GT:PL,"1:32,0",YAL063C(-)
chrI,27027,.,A,T,14.1739,.,"DP=12;VDB=0.0267105;SGB=-0.662043;RPB=1;MQB=1;MQSB=0.761877;BQB=1;MQ0F=0.583333;AF1=1;AC1=1;DP4=0,1,5,4;MQ=10;FQ=-999;PV4=1,1,1,0.247777",GT:PL,"1:44,0",YAL063C(-)
chrI,27031,.,C,T,4.7673,.,"DP=12;VDB=0.108225;SGB=-0.590765;RPB=0.600535;MQB=0.900802;MQSB=0;BQB=0.750668;MQ0F=0.416667;AF1=1;AC1=1;DP4=0,3,2,3;MQ=12;FQ=-999;PV4=0.464286,0.167277,1,1",GT:PL,"1:33,0",YAL063C(-)
chrI,27035,.,T,C,14.1739,.,"DP=12;VDB=0.0225004;SGB=-0.651104;RPB=1;MQB=1;MQSB=0.649731;BQB=1;MQ0F=0.5;AF1=1;AC1=1;DP4=0,1,4,4;MQ=11;FQ=-999;PV4=1,1,1,0.199909",GT:PL,"1:44,0",YAL063C(-)
chrI,27036,.,G,A,14.1739,.,"DP=12;VDB=0.021254;SGB=-0.651104;RPB=1;MQB=1;MQSB=0.649731;BQB=1;MQ0F=0.5;AF1=1;AC1=1;DP4=0,1,4,4;MQ=11;FQ=-999;PV4=1,1,1,0.184717",GT:PL,"1:44,0",YAL063C(-)
chrI,27044,.,C,T,13.2167,.,"DP=10;VDB=0.00590549;SGB=-0.651104;RPB=1;MQB=1;MQSB=0.462292;BQB=1;MQ0F=0.6;AF1=1;AC1=1;DP4=0,1,3,5;MQ=11;FQ=-999;PV4=1,1,1,0.08812",GT:PL,"1:43,0",YAL063C(-)
chrI,27126,.,T,C,61.0051,.,"DP=6;VDB=0.765925;SGB=-0.556411;MQSB=1;MQ0F=0.166667;AF1=1;AC1=1;DP4=0,0,3,1;MQ=30;FQ=-999",GT:PL,"1:91,0",YAL063C(-)
chrI,27129,.,C,G,52.005,.,"DP=6;VDB=0.765925;SGB=-0.556411;MQSB=1;MQ0F=0.166667;AF1=1;AC1=1;DP4=0,0,3,1;MQ=30;FQ=-999",GT:PL,"1:82,0",YAL063C(-)
chrI,41475,.,G,T,225.007,.,"DP=16;VDB=0.661915;SGB=-0.683931;MQSB=1;MQ0F=0;AF1=1;AC1=1;DP4=0,0,8,5;MQ=42;FQ=-999",GT:PL,"1:255,0",YAL056W(+)
chrI,141030,.,T,A,10.418,.,"DP=3;VDB=0.166456;SGB=-0.511536;MQ0F=0;AF1=1;AC1=1;DP4=0,0,3,0;MQ=16;FQ=-999",GT:PL,"1:40,0","YAL005C(-),YAL004W(+)"
chrI,141135,.,A,T,116.006,.,"DP=12;VDB=0.990248;SGB=-0.680642;MQSB=0.0249144;MQ0F=0;AF1=1;AC1=1;DP4=0,0,8,4;MQ=22;FQ=-999",GT:PL,"1:146,0","YAL005C(-),YAL004W(+)"
chrI,183387,.,ACC,AC,7.34966,.,"INDEL;IDV=3;IMF=1;DP=3;VDB=0.0295886;SGB=-0.511536;MQSB=1;MQ0F=0;AF1=1;AC1=1;DP4=0,0,2,1;MQ=16;FQ=-999",GT:PL,"1:44,9,0",N/A
chrI,199811,.,T,G,60.0051,.,"DP=3;VDB=0.943964;SGB=-0.511536;MQ0F=0;AF1=1;AC1=1;DP4=0,0,3,0;MQ=42;FQ=-999",GT:PL,"1:90,0",N/A
chrI,206126,.,T,C,19.0589,.,"DP=6;VDB=0.0128822;SGB=-0.616816;MQSB=0.875;MQ0F=0;AF1=1;AC1=1;DP4=0,0,2,4;MQ=12;FQ=-999",GT:PL,"1:49,0",YAR050W(+)
chrI,206129,.,A,C,9.51895,.,"DP=6;VDB=0.0256605;SGB=-0.590765;MQSB=1;MQ0F=0;AF1=1;AC1=1;DP4=0,0,1,4;MQ=11;FQ=-999",GT:PL,"1:39,0",YAR050W(+)
chrI,206177,.,G,C,16.1122,.,"DP=7;VDB=0.0220214;SGB=-0.616816;MQSB=0.574341;MQ0F=0;AF1=1;AC1=1;DP4=0,0,3,3;MQ=10;FQ=-999",GT:PL,"1:46,0",YAR050W(+)
chrI,206178,.,C,A,16.1122,.,"DP=7;VDB=0.0248912;SGB=-0.616816;MQSB=0.574341;MQ0F=0;AF1=1;AC1=1;DP4=0,0,3,3;MQ=10;FQ=-999",GT:PL,"1:46,0",YAR050W(+)
chrI,206179,.,A,C,16.1122,.,"DP=8;VDB=0.025915;SGB=-0.616816;MQSB=0.574341;MQ0F=0;AF1=1;AC1=1;DP4=0,0,3,3;MQ=10;FQ=-999",GT:PL,"1:46,0",YAR050W(+)
chrI,210818,.,A,T,40.0053,.,"DP=12;VDB=0.0262535;SGB=-0.680642;MQSB=1;MQ0F=0;AF1=1;AC1=1;DP4=0,0,1,11;MQ=13;FQ=-999",GT:PL,"1:70,0",N/A
chrI,211019,.,T,C,50.005,.,"DP=12;VDB=0.906563;SGB=-0.670168;MQSB=0.559863;MQ0F=0;AF1=1;AC1=1;DP4=0,0,6,4;MQ=13;FQ=-999",GT:PL,"1:80,0",N/A
chrII,6440,.,G,C,26.0156,.,"DP=4;VDB=0.01126;SGB=-0.556411;MQ0F=0;AF1=1;AC1=1;DP4=0,0,0,4;MQ=19;FQ=-999",GT:PL,"1:56,0",N/A
chrII,15101,.,T,G,120.006,.,"DP=6;VDB=0.732182;SGB=-0.590765;MQSB=1;MQ0F=0;AF1=1;AC1=1;DP4=0,0,1,4;MQ=42;FQ=-999",GT:PL,"1:150,0",YBL105C(-)
chrII,15510,.,G,T,111.006,.,"DP=5;VDB=0.898955;SGB=-0.590765;MQSB=1;MQ0F=0;AF1=1;AC1=1;DP4=0,0,3,2;MQ=42;FQ=-999",GT:PL,"1:141,0",YBL105C(-)
chrII,15518,.,A,G,95.0056,.,"DP=4;VDB=0.446842;SGB=-0.556411;MQSB=1;MQ0F=0;AF1=1;AC1=1;DP4=0,0,3,1;MQ=42;FQ=-999",GT:PL,"1:125,0",YBL105C(-)
chrII,16380,.,C,T,75.0053,.,"DP=4;VDB=0.5;SGB=-0.511536;MQSB=1;MQ0F=0;AF1=1;AC1=1;DP4=0,0,2,1;MQ=41;FQ=-999",GT:PL,"1:105,0",YBL105C(-)
chrII,16392,.,A,G,92.0055,.,"DP=5;VDB=0.918297;SGB=-0.556411;MQSB=1;MQ0F=0;AF1=1;AC1=1;DP4=0,0,3,1;MQ=42;FQ=-999",GT:PL,"1:122,0",YBL105C(-)
chrII,88484,.,GGAGAAGAGAAGA,GGAGAAGA,62.4668,.,"INDEL;IDV=3;IMF=1;DP=3;VDB=0.318564;SGB=-0.511536;MQ0F=0;AF1=1;AC1=1;DP4=0,0,3,0;MQ=40;FQ=-999",GT:PL,"1:100,9,0",N/A
chrII,168439,.,G,A,6.97679,.,"DP=1;SGB=-0.379885;MQ0F=0;AF1=1;AC1=1;DP4=0,0,1,0;MQ=42;FQ=-999",GT:PL,"1:36,0",N/A
chrII,177703,.,T,A,6.97679,.,"DP=1;SGB=-0.379885;MQ0F=0;AF1=1;AC1=1;DP4=0,0,0,1;MQ=42;FQ=-999",GT:PL,"1:36,0",N/A
chrII,245102,.,G,T,4.12714,.,"DP=2;VDB=0.32;SGB=-0.453602;MQ0F=0;AF1=1;AC1=1;DP4=0,0,0,2;MQ=42;FQ=-999",GT:PL,"1:32,0",YBR004C(-)
chrII,254899,.,T,A,113.006,.,"DP=11;VDB=0.0307263;SGB=-0.636426;RPB=0.571429;MQB=0.285714;MQSB=0.649731;BQB=0.714286;MQ0F=0;AF1=0.500025;AC1=1;DP4=0,2,4,3;MQ=41;FQ=-999;PV4=0.444444,1,0.0446122,1",GT:PL,"1:183,40",N/A
chrII,254913,.,A,G,120.006,.,"DP=11;VDB=0.238858;SGB=-0.651104;RPB=0.375;MQB=0.25;MQSB=0.559863;BQB=0.875;MQ0F=0;AF1=0.50005;AC1=1;DP4=0,2,4,4;MQ=39;FQ=-999;PV4=0.466667,1,0.228691,1",GT:PL,"1:187,37",N/A
chrII,255127,.,A,G,19.0589,.,"DP=9;VDB=0.145389;SGB=-0.556411;RPB=0.75;MQB=0.25;MQSB=0.861511;BQB=0.75;MQ0F=0;AF1=0.500001;AC1=1;DP4=2,0,1,3;MQ=39;FQ=-999;PV4=0.4,0.316406,0.218399,1",GT:PL,"1:104,55",N/A
chrII,292631,.,T,C,6.97679,.,"DP=1;SGB=-0.379885;MQ0F=0;AF1=1;AC1=1;DP4=0,0,1,0;MQ=42;FQ=-999",GT:PL,"1:36,0",N/A
chrII,307446,.,A,T,36.0059,.,"DP=3;VDB=0.36;SGB=-0.453602;MQ0F=0;AF1=1;AC1=1;DP4=0,0,2,0;MQ=42;FQ=-999",GT:PL,"1:66,0",N/A
chrII,361286,.,A,G,6.97679,.,"DP=1;SGB=-0.379885;MQ0F=0;AF1=1;AC1=1;DP4=0,0,0,1;MQ=42;FQ=-999",GT:PL,"1:36,0",YBR060C(-)
chrII,383176,.,CGG,CGGG,70.4669,.,"INDEL;IDV=4;IMF=1;DP=4;VDB=0.0707707;SGB=-0.556411;MQ0F=0;AF1=1;AC1=1;DP4=0,0,0,4;MQ=42;FQ=-999",GT:PL,"1:108,12,0",YBR073W(+)
chrII,389421,.,GCTCTCT,GCTCT,75.4669,.,"INDEL;IDV=3;IMF=1;DP=3;VDB=0.251321;SGB=-0.511536;MQSB=1;MQ0F=0;AF1=1;AC1=1;DP4=0,0,1,2;MQ=40;FQ=-999",GT:PL,"1:113,9,0",N/A
chrII,632828,.,T,G,36.0059,.,"DP=2;VDB=0.02;SGB=-0.453602;MQ0F=0;AF1=1;AC1=1;DP4=0,0,0,2;MQ=42;FQ=-999",GT:PL,"1:66,0",YBR204C(-)
chrII,644349,.,T,A,6.97679,.,"DP=1;SGB=-0.379885;MQ0F=0;AF1=1;AC1=1;DP4=0,0,0,1;MQ=42;FQ=-999",GT:PL,"1:36,0",N/A
chrII,674734,.,C,A,6.97679,.,"DP=1;SGB=-0.379885;MQ0F=0;AF1=1;AC1=1;DP4=0,0,0,1;MQ=42;FQ=-999",GT:PL,"1:36,0",YBR227C(-)
chrII,709782,.,ATT,ATTT,3.24957,.,"INDEL;IDV=2;IMF=0.666667;DP=3;VDB=0.833544;SGB=-0.453602;MQ0F=0;AF1=0.501256;AC1=1;DP4=0,1,0,2;MQ=42;FQ=-999;PV4=1,1,1,0",GT:PL,"1:61,0,23",YBR245C(-)
chrII,728515,.,A,T,4.12714,.,"DP=1;SGB=-0.379885;MQ0F=0;AF1=1;AC1=1;DP4=0,0,0,1;MQ=42;FQ=-999",GT:PL,"1:32,0",N/A
chrII,746362,.,CATCTGCAATCTGCAATCT,CATCTGCAATCT,217.469,.,"INDEL;IDV=8;IMF=0.888889;DP=9;VDB=0.126223;SGB=-0.662043;MQSB=0.924584;MQ0F=0;AF1=1;AC1=1;DP4=0,0,3,6;MQ=40;FQ=-999",GT:PL,"1:255,27,0",YBR272C(-)
chrII,784800,.,A,G,6.97679,.,"DP=1;SGB=-0.379885;MQ0F=0;AF1=1;AC1=1;DP4=0,0,0,1;MQ=42;FQ=-999",GT:PL,"1:36,0",YBR292C(-)
chrIII,143131,.,T,C,22.0319,.,"DP=7;VDB=0.617121;SGB=-0.511536;RPB=1;MQB=1;BQB=1;MQ0F=0;AF1=0.50025;AC1=1;DP4=1,0,3,0;MQ=42;FQ=-999;PV4=1,0.181212,1,0.212599",GT:PL,"1:82,30",N/A
chrIII,162361,.,T,C,101.006,.,"DP=5;VDB=0.314313;SGB=-0.556411;MQSB=1;MQ0F=0;AF1=1;AC1=1;DP4=0,0,1,3;MQ=42;FQ=-999",GT:PL,"1:131,0",N/A
chrIII,162396,.,G,C,123.006,.,"DP=5;VDB=0.910445;SGB=-0.590765;MQSB=1;MQ0F=0;AF1=1;AC1=1;DP4=0,0,2,3;MQ=42;FQ=-999",GT:PL,"1:153,0",N/A
chrIII,162640,.,T,G,104.006,.,"DP=5;VDB=0.616356;SGB=-0.556411;MQSB=1;MQ0F=0;AF1=1;AC1=1;DP4=0,0,2,2;MQ=42;FQ=-999",GT:PL,"1:134,0",YCR024C-B(-)
chrIII,162694,.,G,A,174.007,.,"DP=9;VDB=0.0468196;SGB=-0.651104;MQSB=0.833333;MQ0F=0;AF1=1;AC1=1;DP4=0,0,6,2;MQ=42;FQ=-999",GT:PL,"1:204,0",YCR024C-B(-)
chrIII,162712,.,TAAAAAAAAAA,TAAAAAAAAA,14.6187,.,"INDEL;IDV=9;IMF=1;DP=9;VDB=0.0496804;SGB=-0.662043;MQSB=0.642857;MQ0F=0;AF1=1;AC1=1;DP4=0,0,7,2;MQ=42;FQ=-999",GT:PL,"1:52,27,0",YCR024C-B(-)
chrIII,163059,.,T,C,150.006,.,"DP=6;VDB=0.162254;SGB=-0.616816;MQSB=0.861511;MQ0F=0;AF1=1;AC1=1;DP4=0,0,3,3;MQ=42;FQ=-999",GT:PL,"1:180,0",YCR024C-A(-)
chrIII,163192,.,ATTT,ATTTT,19.515,.,"INDEL;IDV=4;IMF=1;DP=4;VDB=0.765925;SGB=-0.511536;MQSB=1;MQ0F=0;AF1=0.730437;AC1=1;DP4=1,0,0,3;MQ=41;FQ=-999;PV4=0.25,1,1,0.265483",GT:PL,"1:59,0,2",N/A
chrIII,169062,.,TACAACA,TACA,5.79377,.,"INDEL;IDV=1;IMF=1;DP=1;SGB=-0.379885;MQ0F=0;AF1=1;AC1=1;DP4=0,0,1,0;MQ=42;FQ=-999",GT:PL,"1:42,3,0",N/A
chrIII,215582,.,G,T,6.97679,.,"DP=1;SGB=-0.379885;MQ0F=0;AF1=1;AC1=1;DP4=0,0,1,0;MQ=42;FQ=-999",GT:PL,"1:36,0",YCR052W(+)
chrIII,224773,.,TTATATATATATATATATATATAT,TTATATATATATATATATATAT,5.79377,.,"INDEL;IDV=1;IMF=1;DP=1;SGB=-0.379885;MQ0F=0;AF1=1;AC1=1;DP4=0,0,0,1;MQ=42;FQ=-999",GT:PL,"1:42,3,0",N/A
chrIII,231223,.,T,A,6.97679,.,"DP=1;SGB=-0.379885;MQ0F=0;AF1=1;AC1=1;DP4=0,0,1,0;MQ=40;FQ=-999",GT:PL,"1:36,0",N/A
chrIII,257124,.,T,C,6.97679,.,"DP=1;SGB=-0.379885;MQ0F=0;AF1=1;AC1=1;DP4=0,0,0,1;MQ=42;FQ=-999",GT:PL,"1:36,0",YCR081W(+)
chrIII,286038,.,A,T,4.12714,.,"DP=1;SGB=-0.379885;MQ0F=0;AF1=1;AC1=1;DP4=0,0,0,1;MQ=42;FQ=-999",GT:PL,"1:32,0",YCR093W(+)
chrIV,76750,.,A,G,6.97679,.,"DP=1;SGB=-0.379885;MQ0F=0;AF1=1;AC1=1;DP4=0,0,0,1;MQ=42;FQ=-999",GT:PL,"1:36,0",N/A
chrIV,131194,.,T,C,6.97679,.,"DP=1;SGB=-0.379885;MQ0F=0;AF1=1;AC1=1;DP4=0,0,1,0;MQ=42;FQ=-999",GT:PL,"1:36,0",YDL183C(-)
chrIV,169833,.,GTATATATATATATATATATA,GTATATATATATATATATA,5.79377,.,"INDEL;IDV=1;IMF=1;DP=1;SGB=-0.379885;MQ0F=0;AF1=1;AC1=1;DP4=0,0,0,1;MQ=42;FQ=-999",GT:PL,"1:42,3,0",N/A
chrIV,242626,.,A,T,6.97679,.,"DP=1;SGB=-0.379885;MQ0F=0;AF1=1;AC1=1;DP4=0,0,0,1;MQ=42;FQ=-999",GT:PL,"1:36,0",YDL122W(+)
chrIV,330449,.,A,G,6.97679,.,"DP=1;SGB=-0.379885;MQ0F=0;AF1=1;AC1=1;DP4=0,0,1,0;MQ=42;FQ=-999",GT:PL,"1:36,0",N/A
chrIV,340618,.,C,T,6.97679,.,"DP=1;SGB=-0.379885;MQ0F=0;AF1=1;AC1=1;DP4=0,0,1,0;MQ=42;FQ=-999",GT:PL,"1:36,0",N/A
chrIV,375785,.,T,C,6.97679,.,"DP=1;SGB=-0.379885;MQ0F=0;AF1=1;AC1=1;DP4=0,0,0,1;MQ=42;FQ=-999",GT:PL,"1:36,0",YDL043C(-)
chrIV,417250,.,A,T,6.97679,.,"DP=1;SGB=-0.379885;MQ0F=0;AF1=1;AC1=1;DP4=0,0,1,0;MQ=42;FQ=-999",GT:PL,"1:36,0",N/A
chrIV,439714,.,C,T,6.97679,.,"DP=1;SGB=-0.379885;MQ0F=0;AF1=1;AC1=1;DP4=0,0,0,1;MQ=42;FQ=-999",GT:PL,"1:36,0",N/A
chrIV,446651,.,G,T,6.97679,.,"DP=1;SGB=-0.379885;MQ0F=0;AF1=1;AC1=1;DP4=0,0,0,1;MQ=42;FQ=-999",GT:PL,"1:36,0",N/A
chrIV,459710,.,T,A,6.97679,.,"DP=1;SGB=-0.379885;MQ0F=0;AF1=1;AC1=1;DP4=0,0,0,1;MQ=42;FQ=-999",GT:PL,"1:36,0",YDR006C(-)
chrIV,475966,.,A,G,4.12714,.,"DP=1;SGB=-0.379885;MQ0F=0;AF1=1;AC1=1;DP4=0,0,1,0;MQ=42;FQ=-999",GT:PL,"1:32,0",YDR014W(+)
chrIV,566583,.,A,C,6.97679,.,"DP=1;SGB=-0.379885;MQ0F=0;AF1=1;AC1=1;DP4=0,0,0,1;MQ=42;FQ=-999",GT:PL,"1:36,0",YDR057W(+)
chrIV,626670,.,A,G,6.97679,.,"DP=1;SGB=-0.379885;MQ0F=0;AF1=1;AC1=1;DP4=0,0,0,1;MQ=42;FQ=-999",GT:PL,"1:36,0",N/A
chrIV,694802,.,A,G,6.97679,.,"DP=1;SGB=-0.379885;MQ0F=0;AF1=1;AC1=1;DP4=0,0,1,0;MQ=42;FQ=-999",GT:PL,"1:36,0",YDR122W(+)
chrIV,736999,.,T,A,136.006,.,"DP=7;VDB=0.552878;SGB=-0.590765;MQSB=1;MQ0F=0;AF1=1;AC1=1;DP4=0,0,3,2;MQ=42;FQ=-999",GT:PL,"1:166,0",YDR141C(-)
chrIV,758310,.,T,C,6.97679,.,"DP=3;VDB=0.251321;SGB=-0.511536;MQSB=1;MQ0F=0;AF1=1;AC1=1;DP4=0,0,1,2;MQ=14;FQ=-999",GT:PL,"1:36,0",YDR150W(+)
chrIV,783598,.,G,A,177.007,.,"DP=9;VDB=0.228249;SGB=-0.636426;MQSB=1.01283;MQ0F=0;AF1=1;AC1=1;DP4=0,0,4,3;MQ=42;FQ=-999",GT:PL,"1:207,0",YDR164C(-)
chrIV,818189,.,T,A,6.97679,.,"DP=1;SGB=-0.379885;MQ0F=0;AF1=1;AC1=1;DP4=0,0,1,0;MQ=42;FQ=-999",GT:PL,"1:36,0",YDR178W(+)
chrIV,864219,.,A,G,101.006,.,"DP=5;VDB=0.554416;SGB=-0.556411;MQSB=1;MQ0F=0;AF1=1;AC1=1;DP4=0,0,3,1;MQ=42;FQ=-999",GT:PL,"1:131,0",YDR206W(+)
chrIV,975147,.,G,C,6.97679,.,"DP=1;SGB=-0.379885;MQ0F=0;AF1=1;AC1=1;DP4=0,0,0,1;MQ=42;FQ=-999",GT:PL,"1:36,0",YDR259C(-)
chrIV,987244,.,G,A,6.97679,.,"DP=1;SGB=-0.379885;MQ0F=0;AF1=1;AC1=1;DP4=0,0,0,1;MQ=42;FQ=-999",GT:PL,"1:36,0",N/A
chrIV,1018886,.,A,T,6.97679,.,"DP=1;SGB=-0.379885;MQ0F=0;AF1=1;AC1=1;DP4=0,0,1,0;MQ=42;FQ=-999",GT:PL,"1:36,0",N/A
chrIV,1139619,.,A,T,12.27,.,"DP=2;SGB=-0.379885;MQ0F=0;AF1=1;AC1=1;DP4=0,0,1,0;MQ=42;FQ=-999",GT:PL,"1:42,0",YDR334W(+)
chrIV,1144548,.,G,C,6.97679,.,"DP=1;SGB=-0.379885;MQ0F=0;AF1=1;AC1=1;DP4=0,0,0,1;MQ=42;FQ=-999",GT:PL,"1:36,0",YDR335W(+)
chrIV,1150910,.,AGG,AGGG,108.467,.,"INDEL;IDV=5;IMF=1;DP=5;VDB=0.153613;SGB=-0.590765;MQSB=1;MQ0F=0;AF1=1;AC1=1;DP4=0,0,1,4;MQ=42;FQ=-999",GT:PL,"1:146,15,0",YDR340W(+)
chrIV,1185130,.,C,A,66.0052,.,"DP=5;VDB=0.779245;SGB=-0.511536;MQ0F=0;AF1=1;AC1=1;DP4=0,0,3,0;MQ=42;FQ=-999",GT:PL,"1:96,0",YDR354W(+)
chrIV,1214960,.,G,C,6.97679,.,"DP=1;SGB=-0.379885;MQ0F=0;AF1=1;AC1=1;DP4=0,0,1,0;MQ=42;FQ=-999",GT:PL,"1:36,0",N/A
chrIV,1253397,.,T,C,36.0059,.,"DP=2;VDB=0.56;SGB=-0.453602;MQ0F=0;AF1=1;AC1=1;DP4=0,0,2,0;MQ=42;FQ=-999",GT:PL,"1:66,0",YDR389W(+)
chrIV,1305680,.,TGG,TG,47.4666,.,"INDEL;IDV=3;IMF=1;DP=3;VDB=0.873285;SGB=-0.511536;MQ0F=0;AF1=1;AC1=1;DP4=0,0,3,0;MQ=42;FQ=-999",GT:PL,"1:85,9,0",N/A
chrIV,1307370,.,C,T,6.97679,.,"DP=1;SGB=-0.379885;MQ0F=0;AF1=1;AC1=1;DP4=0,0,0,1;MQ=42;FQ=-999",GT:PL,"1:36,0",YDR420W(+)
chrIV,1322722,.,C,A,6.97679,.,"DP=1;SGB=-0.379885;MQ0F=0;AF1=1;AC1=1;DP4=0,0,1,0;MQ=42;FQ=-999",GT:PL,"1:36,0",YDR427W(+)
chrIV,1389587,.,CTT,C,5.79377,.,"INDEL;IDV=1;IMF=1;DP=1;SGB=-0.379885;MQ0F=0;AF1=1;AC1=1;DP4=0,0,0,1;MQ=42;FQ=-999",GT:PL,"1:42,3,0",YDR464W(+)
chrIV,1397253,.,A,G,6.97679,.,"DP=1;SGB=-0.379885;MQ0F=0;AF1=1;AC1=1;DP4=0,0,0,1;MQ=42;FQ=-999",GT:PL,"1:36,0",YDR466W(+)
chrIV,1402305,.,C,T,79.0053,.,"DP=7;VDB=0.530999;SGB=-0.616816;MQSB=1;MQ0F=0;AF1=1;AC1=1;DP4=0,0,5,1;MQ=25;FQ=-999",GT:PL,"1:109,0",YDR471W(+)
chrIV,1433710,.,A,T,170.007,.,"DP=7;VDB=0.0157135;SGB=-0.636426;MQSB=1.01283;MQ0F=0;AF1=1;AC1=1;DP4=0,0,4,3;MQ=42;FQ=-999",GT:PL,"1:200,0",YDR490C(-)
chrIV,1525313,.,T,G,20.0478,.,"DP=6;VDB=0.118267;SGB=-0.556411;MQSB=0.5;MQ0F=0;AF1=1;AC1=1;DP4=0,0,2,2;MQ=15;FQ=-999",GT:PL,"1:50,0",YDR544C(-)
chrV,8058,.,C,A,4.12714,.,"DP=1;SGB=-0.379885;MQ0F=0;AF1=1;AC1=1;DP4=0,0,1,0;MQ=42;FQ=-999",GT:PL,"1:32,0",N/A
chrV,48384,.,T,C,131.006,.,"DP=7;VDB=0.543918;SGB=-0.590765;MQSB=1;MQ0F=0;AF1=1;AC1=1;DP4=0,0,2,3;MQ=42;FQ=-999",GT:PL,"1:161,0",N/A
chrV,115989,.,C,T,39.0054,.,"DP=4;VDB=0.0132829;SGB=-0.556411;MQ0F=0;AF1=1;AC1=1;DP4=0,0,4,0;MQ=23;FQ=-999",GT:PL,"1:69,0",N/A
chrV,115997,.,T,C,39.0054,.,"DP=5;VDB=0.014407;SGB=-0.556411;MQ0F=0;AF1=1;AC1=1;DP4=0,0,4,0;MQ=23;FQ=-999",GT:PL,"1:69,0",N/A
chrV,116028,.,G,A,102.006,.,"DP=7;VDB=0.0513395;SGB=-0.590765;MQSB=0;MQ0F=0;AF1=1;AC1=1;DP4=0,0,2,3;MQ=31;FQ=-999",GT:PL,"1:132,0",N/A
chrV,116086,.,G,A,174.007,.,"DP=29;VDB=0.0010697;SGB=-0.692976;MQ0F=0;AF1=1;AC1=1;DP4=0,0,26,0;MQ=42;FQ=-999",GT:PL,"1:204,0",N/A
chrV,116577,.,G,A,225.007,.,"DP=45;VDB=0.668972;SGB=-0.693146;MQSB=1;MQ0F=0;AF1=1;AC1=1;DP4=0,0,17,25;MQ=42;FQ=-999",GT:PL,"1:255,0",YEL021W(+)
chrV,116644,.,G,T,225.007,.,"DP=36;VDB=0.29767;SGB=-0.693097;MQSB=1;MQ0F=0;AF1=1;AC1=1;DP4=0,0,13,17;MQ=42;FQ=-999",GT:PL,"1:255,0",YEL021W(+)
chrV,116799,.,C,T,225.007,.,"DP=36;VDB=0.0479077;SGB=-0.69311;MQSB=0.711124;MQ0F=0;AF1=1;AC1=1;DP4=0,0,11,20;MQ=41;FQ=-999",GT:PL,"1:255,0",YEL021W(+)
chrV,116838,.,C,G,225.007,.,"DP=29;VDB=0.821181;SGB=-0.693054;MQSB=0.911099;MQ0F=0;AF1=1;AC1=1;DP4=0,0,10,18;MQ=42;FQ=-999",GT:PL,"1:255,0",YEL021W(+)
chrV,154531,.,T,A,217.007,.,"DP=14;VDB=0.696154;SGB=-0.680642;MQSB=1;MQ0F=0;AF1=1;AC1=1;DP4=0,0,9,3;MQ=42;FQ=-999",GT:PL,"1:247,0",YER001W(+)
chrV,182348,.,A,G,6.97679,.,"DP=1;SGB=-0.379885;MQ0F=0;AF1=1;AC1=1;DP4=0,0,1,0;MQ=42;FQ=-999",GT:PL,"1:36,0",N/A
chrV,249309,.,T,C,4.12714,.,"DP=1;SGB=-0.379885;MQ0F=0;AF1=1;AC1=1;DP4=0,0,0,1;MQ=42;FQ=-999",GT:PL,"1:32,0",N/A
chrV,251204,.,T,C,6.97679,.,"DP=1;SGB=-0.379885;MQ0F=0;AF1=1;AC1=1;DP4=0,0,0,1;MQ=42;FQ=-999",GT:PL,"1:36,0",N/A
chrV,352394,.,A,G,188.007,.,"DP=10;VDB=0.832119;SGB=-0.662043;MQSB=0.924584;MQ0F=0;AF1=1;AC1=1;DP4=0,0,3,6;MQ=42;FQ=-999",GT:PL,"1:218,0",YER096W(+)
chrV,442864,.,A,T,6.97679,.,"DP=1;SGB=-0.379885;MQ0F=0;AF1=1;AC1=1;DP4=0,0,0,1;MQ=42;FQ=-999",GT:PL,"1:36,0",N/A
chrV,517529,.,T,C,28.0116,.,"DP=2;VDB=0.94;SGB=-0.453602;MQ0F=0;AF1=1;AC1=1;DP4=0,0,2,0;MQ=42;FQ=-999",GT:PL,"1:58,0",N/A
chrVI,82313,.,C,T,23.0263,.,"DP=18;VDB=0.674881;SGB=-0.651104;RPB=0.591555;MQB=1;MQSB=1;BQB=0.591555;MQ0F=0;AF1=0.5;AC1=1;DP4=3,2,7,1;MQ=42;FQ=-999;PV4=0.51049,1,1,1",GT:PL,"1:177,124",N/A
chrVI,97864,.,CTTTTTTTTTT,CTTTTTTTTTTTT,3.80489,.,"INDEL;IDV=8;IMF=0.888889;DP=9;VDB=0.275286;SGB=-0.636426;MQSB=0.924584;MQ0F=0;AF1=0.501993;AC1=1;DP4=1,1,5,2;MQ=38;FQ=-999;PV4=1,1,1,0.472517",GT:PL,"1:60,21",N/A
chrVII,214,.,ACC,ACCC,17.5433,.,"INDEL;IDV=5;IMF=1;DP=5;VDB=0.383239;SGB=-0.590765;MQSB=0.666667;MQ0F=0;AF1=1;AC1=1;DP4=0,0,3,2;MQ=14;FQ=-999",GT:PL,"1:55,15,0",N/A
chrVII,261942,.,T,G,4.12714,.,"DP=1;SGB=-0.379885;MQ0F=0;AF1=1;AC1=1;DP4=0,0,1,0;MQ=42;FQ=-999",GT:PL,"1:32,0",YGL131C(-)
chrVII,285879,.,T,A,6.97679,.,"DP=1;SGB=-0.379885;MQ0F=0;AF1=1;AC1=1;DP4=0,0,1,0;MQ=42;FQ=-999",GT:PL,"1:36,0",YGL119W(+)
chrVII,352286,.,T,A,6.97679,.,"DP=1;SGB=-0.379885;MQ0F=0;AF1=1;AC1=1;DP4=0,0,0,1;MQ=42;FQ=-999",GT:PL,"1:36,0",YGL084C(-)
chrVII,354971,.,A,G,11.3361,.,"DP=5;VDB=0.02;SGB=-0.453602;RPB=1;MQB=1;BQB=1;MQ0F=0;AF1=0.500499;AC1=1;DP4=1,0,2,0;MQ=42;FQ=-999;PV4=1,1,1,0",GT:PL,"1:68,27",YGL083W(+)
chrVII,386978,.,C,G,3.54149,.,"DP=5;VDB=0.857144;SGB=-0.511536;MQSB=1;MQ0F=0;AF1=1;AC1=1;DP4=0,0,2,1;MQ=12;FQ=-999",GT:PL,"1:31,0",YGL062W(+)
chrVII,386979,.,G,C,3.54149,.,"DP=4;VDB=0.868052;SGB=-0.511536;MQSB=1;MQ0F=0;AF1=1;AC1=1;DP4=0,0,2,1;MQ=12;FQ=-999",GT:PL,"1:31,0",YGL062W(+)
chrVII,401674,.,C,A,6.97679,.,"DP=1;SGB=-0.379885;MQ0F=0;AF1=1;AC1=1;DP4=0,0,0,1;MQ=42;FQ=-999",GT:PL,"1:36,0",N/A
chrVII,401698,.,T,A,18.0728,.,"DP=2;VDB=0.92;SGB=-0.453602;MQ0F=0;AF1=1;AC1=1;DP4=0,0,0,2;MQ=42;FQ=-999",GT:PL,"1:48,0",N/A
chrVII,435508,.,T,C,4.12714,.,"DP=1;SGB=-0.379885;MQ0F=0;AF1=1;AC1=1;DP4=0,0,0,1;MQ=42;FQ=-999",GT:PL,"1:32,0",N/A
chrVII,456291,.,C,A,6.97679,.,"DP=1;SGB=-0.379885;MQ0F=0;AF1=1;AC1=1;DP4=0,0,1,0;MQ=42;FQ=-999",GT:PL,"1:36,0",YGL021W(+)
chrVII,458591,.,G,T,6.97679,.,"DP=1;SGB=-0.379885;MQ0F=0;AF1=1;AC1=1;DP4=0,0,0,1;MQ=42;FQ=-999",GT:PL,"1:36,0",YGL019W(+)
chrVII,527979,.,T,C,6.97679,.,"DP=1;SGB=-0.379885;MQ0F=0;AF1=1;AC1=1;DP4=0,0,0,1;MQ=42;FQ=-999",GT:PL,"1:36,0",YGR021W(+)
chrVII,602699,.,G,C,12.27,.,"DP=2;SGB=-0.379885;MQ0F=0;AF1=1;AC1=1;DP4=0,0,1,0;MQ=42;FQ=-999",GT:PL,"1:42,0",YGR056W(+)
chrVII,634966,.,G,C,6.97679,.,"DP=1;SGB=-0.379885;MQ0F=0;AF1=1;AC1=1;DP4=0,0,0,1;MQ=42;FQ=-999",GT:PL,"1:36,0",YGR072W(+)
chrVII,715715,.,TG,T,3.80489,.,"INDEL;IDV=1;IMF=0.333333;DP=3;VDB=0.142856;SGB=-0.453602;MQSB=1;MQ0F=0;AF1=0.510154;AC1=1;DP4=0,1,1,1;MQ=42;FQ=-999;PV4=1,1,1,0.333333",GT:PL,"1:53,0,14",N/A
chrVII,715931,.,T,A,6.97679,.,"DP=1;SGB=-0.379885;MQ0F=0;AF1=1;AC1=1;DP4=0,0,0,1;MQ=42;FQ=-999",GT:PL,"1:36,0",YGR111W(+)
chrVII,761739,.,T,C,32.0075,.,"DP=2;VDB=0.02;SGB=-0.453602;MQ0F=0;AF1=1;AC1=1;DP4=0,0,0,2;MQ=42;FQ=-999",GT:PL,"1:62,0",YGR135W(+)
chrVII,772958,.,A,G,6.97679,.,"DP=1;SGB=-0.379885;MQ0F=0;AF1=1;AC1=1;DP4=0,0,1,0;MQ=42;FQ=-999",GT:PL,"1:36,0",YGR142W(+)
chrVII,834328,.,A,T,6.97679,.,"DP=1;SGB=-0.379885;MQ0F=0;AF1=1;AC1=1;DP4=0,0,0,1;MQ=42;FQ=-999",GT:PL,"1:36,0",YGR168C(-)
chrVII,840598,.,TGG,TG,3.80489,.,"INDEL;IDV=1;IMF=0.5;DP=2;VDB=0.26;SGB=-0.453602;MQ0F=0;AF1=1;AC1=1;DP4=0,0,0,2;MQ=41;FQ=-999",GT:PL,"1:39,6,0",N/A
chrVII,977970,.,A,T,6.97679,.,"DP=1;SGB=-0.379885;MQ0F=0;AF1=1;AC1=1;DP4=0,0,1,0;MQ=42;FQ=-999",GT:PL,"1:36,0",N/A
chrVII,990350,.,TAAA,TAAAA,22.4908,.,"INDEL;IDV=2;IMF=1;DP=2;VDB=0.02;SGB=-0.453602;MQ0F=0;AF1=1;AC1=1;DP4=0,0,0,2;MQ=42;FQ=-999",GT:PL,"1:60,6,0",N/A
chrVII,999236,.,T,A,6.97679,.,"DP=2;SGB=-0.379885;MQ0F=0;AF1=1;AC1=1;DP4=0,0,1,0;MQ=42;FQ=-999",GT:PL,"1:36,0",N/A
chrVII,1006277,.,G,C,91.0055,.,"DP=7;VDB=0.128355;SGB=-0.590765;MQSB=1;MQ0F=0;AF1=1;AC1=1;DP4=0,0,4,1;MQ=36;FQ=-999",GT:PL,"1:121,0",YGR257C(-)
chrVII,1006278,.,C,G,91.0055,.,"DP=7;VDB=0.128355;SGB=-0.590765;MQSB=1;MQ0F=0;AF1=1;AC1=1;DP4=0,0,4,1;MQ=36;FQ=-999",GT:PL,"1:121,0",YGR257C(-)
chrVII,1006279,.,G,C,96.0056,.,"DP=7;VDB=0.130743;SGB=-0.590765;MQSB=1;MQ0F=0;AF1=1;AC1=1;DP4=0,0,4,1;MQ=36;FQ=-999",GT:PL,"1:126,0",YGR257C(-)
chrVII,1057544,.,T,C,6.97679,.,"DP=1;SGB=-0.379885;MQ0F=0;AF1=1;AC1=1;DP4=0,0,1,0;MQ=42;FQ=-999",GT:PL,"1:36,0",N/A
chrVII,1065456,.,T,C,6.97679,.,"DP=1;SGB=-0.379885;MQ0F=0;AF1=1;AC1=1;DP4=0,0,0,1;MQ=42;FQ=-999",GT:PL,"1:36,0",N/A
chrVIII,2068,.,A,T,9.51895,.,"DP=4;VDB=0.450604;SGB=-0.511536;RPB=1;MQB=1;BQB=1;MQ0F=0;AF1=1;AC1=1;DP4=0,1,0,3;MQ=21;FQ=-999;PV4=1,1,1,0.333333",GT:PL,"1:39,0",N/A
chrVIII,85508,.,TTATATATAT,TTATATAT,5.79377,.,"INDEL;IDV=1;IMF=1;DP=1;SGB=-0.379885;MQ0F=0;AF1=1;AC1=1;DP4=0,0,1,0;MQ=42;FQ=-999",GT:PL,"1:42,3,0",N/A
chrVIII,220186,.,T,A,6.97679,.,"DP=1;SGB=-0.379885;MQ0F=0;AF1=1;AC1=1;DP4=0,0,1,0;MQ=42;FQ=-999",GT:PL,"1:36,0",YHR059W(+)
chrVIII,280062,.,C,A,6.97679,.,"DP=1;SGB=-0.379885;MQ0F=0;AF1=1;AC1=1;DP4=0,0,0,1;MQ=42;FQ=-999",GT:PL,"1:36,0",N/A
chrVIII,303947,.,C,A,6.97679,.,"DP=1;SGB=-0.379885;MQ0F=0;AF1=1;AC1=1;DP4=0,0,0,1;MQ=42;FQ=-999",GT:PL,"1:36,0",YHR099W(+)
chrVIII,417054,.,G,A,97.0056,.,"DP=5;VDB=0.193383;SGB=-0.556411;MQSB=1;MQ0F=0;AF1=1;AC1=1;DP4=0,0,1,3;MQ=42;FQ=-999",GT:PL,"1:127,0",YHR158C(-)
chrVIII,464116,.,T,A,12.27,.,"DP=2;SGB=-0.379885;MQ0F=0;AF1=1;AC1=1;DP4=0,0,1,0;MQ=42;FQ=-999",GT:PL,"1:42,0",N/A
chrVIII,499958,.,C,T,94.0055,.,"DP=6;VDB=0.226768;SGB=-0.590765;MQ0F=0;AF1=1;AC1=1;DP4=0,0,5,0;MQ=42;FQ=-999",GT:PL,"1:124,0",YHR201C(-)
chrVIII,511255,.,C,T,138.006,.,"DP=8;VDB=0.770293;SGB=-0.651104;MQSB=1;MQ0F=0;AF1=1;AC1=1;DP4=0,0,1,7;MQ=42;FQ=-999",GT:PL,"1:168,0",YHR205W(+)
chrVIII,524447,.,C,G,106.006,.,"DP=6;VDB=0.764622;SGB=-0.590765;MQSB=1;MQ0F=0;AF1=1;AC1=1;DP4=0,0,3,2;MQ=42;FQ=-999",GT:PL,"1:136,0",N/A
chrIX,141730,.,C,T,6.97679,.,"DP=1;SGB=-0.379885;MQ0F=0;AF1=1;AC1=1;DP4=0,0,1,0;MQ=42;FQ=-999",GT:PL,"1:36,0",N/A
chrIX,308578,.,A,G,6.97679,.,"DP=1;SGB=-0.379885;MQ0F=0;AF1=1;AC1=1;DP4=0,0,1,0;MQ=42;FQ=-999",GT:PL,"1:36,0",N/A
chrIX,318694,.,T,A,207.007,.,"DP=13;VDB=0.00368066;SGB=-0.680642;MQSB=0.9;MQ0F=0;AF1=1;AC1=1;DP4=0,0,10,2;MQ=42;FQ=-999",GT:PL,"1:237,0",YIL017C(-)
chrIX,342044,.,C,A,6.97679,.,"DP=1;SGB=-0.379885;MQ0F=0;AF1=1;AC1=1;DP4=0,0,1,0;MQ=42;FQ=-999",GT:PL,"1:36,0",N/A
chrIX,419674,.,T,A,6.97679,.,"DP=1;SGB=-0.379885;MQ0F=0;AF1=1;AC1=1;DP4=0,0,1,0;MQ=42;FQ=-999",GT:PL,"1:36,0",YIR034C(-)
chrX,55223,.,C,T,6.97679,.,"DP=1;SGB=-0.379885;MQ0F=0;AF1=1;AC1=1;DP4=0,0,1,0;MQ=42;FQ=-999",GT:PL,"1:36,0",YJL201W(+)
chrX,97478,.,G,A,107.006,.,"DP=5;VDB=0.360777;SGB=-0.556411;MQSB=1;MQ0F=0;AF1=1;AC1=1;DP4=0,0,2,2;MQ=42;FQ=-999",GT:PL,"1:137,0",N/A
chrX,100335,.,C,T,221.007,.,"DP=11;VDB=0.01124;SGB=-0.676189;MQSB=0.803868;MQ0F=0;AF1=1;AC1=1;DP4=0,0,7,4;MQ=41;FQ=-999",GT:PL,"1:251,0",YJL171C(-)
chrX,147816,.,A,G,12.27,.,"DP=2;SGB=-0.379885;MQ0F=0;AF1=1;AC1=1;DP4=0,0,1,0;MQ=42;FQ=-999",GT:PL,"1:42,0",N/A
chrX,199170,.,A,C,9.51895,.,"DP=7;VDB=0.881373;SGB=-0.636426;MQSB=0.405132;MQ0F=0;AF1=1;AC1=1;DP4=0,0,4,3;MQ=8;FQ=-999",GT:PL,"1:39,0",YJL113W(+)
chrX,278977,.,CAGAGAG,CAGAG,80.467,.,"INDEL;IDV=3;IMF=1;DP=3;VDB=0.243476;SGB=-0.511536;MQSB=1;MQ0F=0;AF1=1;AC1=1;DP4=0,0,2,1;MQ=42;FQ=-999",GT:PL,"1:118,9,0",YJL083W(+)
chrX,280786,.,C,A,5.45858,.,"DP=3;VDB=0.654404;SGB=-0.511536;MQ0F=0;AF1=1;AC1=1;DP4=0,0,3,0;MQ=37;FQ=-999",GT:PL,"1:34,0",N/A
chrX,298926,.,T,G,4.12714,.,"DP=1;SGB=-0.379885;MQ0F=0;AF1=1;AC1=1;DP4=0,0,1,0;MQ=42;FQ=-999",GT:PL,"1:32,0",N/A
chrX,325357,.,G,C,4.12714,.,"DP=1;SGB=-0.379885;MQ0F=0;AF1=1;AC1=1;DP4=0,0,0,1;MQ=42;FQ=-999",GT:PL,"1:32,0",YJL059W(+)
chrX,396486,.,C,A,6.97679,.,"DP=1;SGB=-0.379885;MQ0F=0;AF1=1;AC1=1;DP4=0,0,0,1;MQ=42;FQ=-999",GT:PL,"1:36,0",YJL024C(-)
chrX,424890,.,C,A,5.45858,.,"DP=3;VDB=0.206307;SGB=-0.511536;MQ0F=0;AF1=1;AC1=1;DP4=0,0,0,3;MQ=40;FQ=-999",GT:PL,"1:34,0",N/A
chrX,464311,.,T,C,6.97679,.,"DP=1;SGB=-0.379885;MQ0F=0;AF1=1;AC1=1;DP4=0,0,0,1;MQ=42;FQ=-999",GT:PL,"1:36,0",N/A
chrX,499411,.,T,C,6.97679,.,"DP=1;SGB=-0.379885;MQ0F=0;AF1=1;AC1=1;DP4=0,0,0,1;MQ=42;FQ=-999",GT:PL,"1:36,0",YJR035W(+)
chrX,577025,.,AATATATATATATATATATAT,AATATATATATATATATATATAT,5.79377,.,"INDEL;IDV=1;IMF=1;DP=1;SGB=-0.379885;MQ0F=0;AF1=1;AC1=1;DP4=0,0,0,1;MQ=42;FQ=-999",GT:PL,"1:42,3,0",N/A
chrX,603544,.,T,C,6.97679,.,"DP=1;SGB=-0.379885;MQ0F=0;AF1=1;AC1=1;DP4=0,0,1,0;MQ=42;FQ=-999",GT:PL,"1:36,0",YJR093C(-)
chrXI,457,.,C,CA,49.4666,.,"INDEL;IDV=14;IMF=1;DP=14;VDB=0.910942;SGB=-0.676189;MQSB=0.782349;MQ0F=0;AF1=0.520679;AC1=1;DP4=0,3,3,8;MQ=20;FQ=-999;PV4=1,1,0.118788,1",GT:PL,"1:98,0,11",YKL225W(+)
chrXI,74827,.,T,A,6.97679,.,"DP=1;SGB=-0.379885;MQ0F=0;AF1=1;AC1=1;DP4=0,0,1,0;MQ=42;FQ=-999",GT:PL,"1:36,0",N/A
chrXI,74834,.,T,A,6.97679,.,"DP=1;SGB=-0.379885;MQ0F=0;AF1=1;AC1=1;DP4=0,0,1,0;MQ=42;FQ=-999",GT:PL,"1:36,0",N/A
chrXI,140546,.,T,C,4.12714,.,"DP=1;SGB=-0.379885;MQ0F=0;AF1=1;AC1=1;DP4=0,0,1,0;MQ=42;FQ=-999",GT:PL,"1:32,0",YKL165C(-)
chrXI,270900,.,T,C,6.97679,.,"DP=1;SGB=-0.379885;MQ0F=0;AF1=1;AC1=1;DP4=0,0,1,0;MQ=42;FQ=-999",GT:PL,"1:36,0",N/A
chrXI,436871,.,A,G,12.27,.,"DP=2;SGB=-0.379885;MQ0F=0;AF1=1;AC1=1;DP4=0,0,1,0;MQ=42;FQ=-999",GT:PL,"1:42,0",N/A
chrXI,629150,.,T,C,4.12714,.,"DP=1;SGB=-0.379885;MQ0F=0;AF1=1;AC1=1;DP4=0,0,0,1;MQ=42;FQ=-999",GT:PL,"1:32,0",YKR096W(+)
chrXI,666556,.,GT,G,188.468,.,"INDEL;IDV=12;IMF=1;DP=12;VDB=0.181895;SGB=-0.680642;MQSB=0.962269;MQ0F=0;AF1=1;AC1=1;DP4=0,0,3,9;MQ=42;FQ=-999",GT:PL,"1:226,36,0",N/A
chrXII,122906,.,T,G,4.12714,.,"DP=1;SGB=-0.379885;MQ0F=0;AF1=1;AC1=1;DP4=0,0,1,0;MQ=42;FQ=-999",GT:PL,"1:32,0",YLL013C(-)
chrXII,168639,.,T,A,6.97679,.,"DP=1;SGB=-0.379885;MQ0F=0;AF1=1;AC1=1;DP4=0,0,0,1;MQ=42;FQ=-999",GT:PL,"1:36,0",N/A
chrXII,187137,.,ATTT,ATT,100.467,.,"INDEL;IDV=5;IMF=1;DP=5;VDB=0.396258;SGB=-0.590765;MQSB=1;MQ0F=0;AF1=1;AC1=1;DP4=0,0,3,2;MQ=42;FQ=-999",GT:PL,"1:138,15,0",N/A
chrXII,291384,.,A,G,122.006,.,"DP=5;VDB=0.828314;SGB=-0.590765;MQSB=1;MQ0F=0;AF1=1;AC1=1;DP4=0,0,3,2;MQ=42;FQ=-999",GT:PL,"1:152,0",YLR081W(+)
chrXII,291386,.,A,G,125.006,.,"DP=5;VDB=0.828314;SGB=-0.590765;MQSB=1;MQ0F=0;AF1=1;AC1=1;DP4=0,0,3,2;MQ=42;FQ=-999",GT:PL,"1:155,0",YLR081W(+)
chrXII,299959,.,G,T,3.54149,.,"DP=1;SGB=-0.379885;MQ0F=0;AF1=1;AC1=1;DP4=0,0,0,1;MQ=42;FQ=-999",GT:PL,"1:31,0",YLR084C(-)
chrXII,388096,.,G,T,6.97679,.,"DP=1;SGB=-0.379885;MQ0F=0;AF1=1;AC1=1;DP4=0,0,0,1;MQ=42;FQ=-999",GT:PL,"1:36,0",YLR120C(-)
chrXII,406570,.,C,T,6.97679,.,"DP=1;SGB=-0.379885;MQ0F=0;AF1=1;AC1=1;DP4=0,0,0,1;MQ=42;FQ=-999",GT:PL,"1:36,0",YLR131C(-)
chrXII,436633,.,T,C,6.97679,.,"DP=1;SGB=-0.379885;MQ0F=0;AF1=1;AC1=1;DP4=0,0,1,0;MQ=42;FQ=-999",GT:PL,"1:36,0",YLR148W(+)
chrXII,509493,.,G,C,6.97679,.,"DP=1;SGB=-0.379885;MQ0F=0;AF1=1;AC1=1;DP4=0,0,0,1;MQ=42;FQ=-999",GT:PL,"1:36,0",YLR176C(-)
chrXII,528749,.,T,A,148.006,.,"DP=6;VDB=0.4587;SGB=-0.616816;MQSB=1;MQ0F=0;AF1=1;AC1=1;DP4=0,0,2,4;MQ=42;FQ=-999",GT:PL,"1:178,0",YLR188W(+)
chrXII,571815,.,G,T,12.27,.,"DP=2;SGB=-0.379885;MQ0F=0;AF1=1;AC1=1;DP4=0,0,1,0;MQ=42;FQ=-999",GT:PL,"1:42,0",YLR215C(-)
chrXII,612304,.,A,T,3.01251,.,"DP=1;SGB=-0.379885;MQ0F=0;AF1=1;AC1=1;DP4=0,0,1,0;MQ=42;FQ=-999",GT:PL,"1:30,0",N/A
chrXII,665589,.,C,A,6.97679,.,"DP=1;SGB=-0.379885;MQ0F=0;AF1=1;AC1=1;DP4=0,0,0,1;MQ=42;FQ=-999",GT:PL,"1:36,0",N/A
chrXII,668033,.,T,A,6.97679,.,"DP=1;SGB=-0.379885;MQ0F=0;AF1=1;AC1=1;DP4=0,0,0,1;MQ=42;FQ=-999",GT:PL,"1:36,0",N/A
chrXII,725936,.,G,A,66.0052,.,"DP=4;VDB=0.185719;SGB=-0.511536;MQ0F=0;AF1=1;AC1=1;DP4=0,0,3,0;MQ=42;FQ=-999",GT:PL,"1:96,0",N/A
chrXII,784382,.,GCC,GCCC,80.467,.,"INDEL;IDV=4;IMF=1;DP=4;VDB=0.610267;SGB=-0.556411;MQSB=1;MQ0F=0;AF1=1;AC1=1;DP4=0,0,3,1;MQ=37;FQ=-999",GT:PL,"1:118,12,0",N/A
chrXII,825325,.,G,A,6.97679,.,"DP=1;SGB=-0.379885;MQ0F=0;AF1=1;AC1=1;DP4=0,0,0,1;MQ=42;FQ=-999",GT:PL,"1:36,0",YLR347C(-)
chrXII,828903,.,C,T,36.0059,.,"DP=2;VDB=0.02;SGB=-0.453602;MQ0F=0;AF1=1;AC1=1;DP4=0,0,2,0;MQ=42;FQ=-999",GT:PL,"1:66,0",YLR350W(+)
chrXII,829491,.,A,G,6.97679,.,"DP=1;SGB=-0.379885;MQ0F=0;AF1=1;AC1=1;DP4=0,0,1,0;MQ=42;FQ=-999",GT:PL,"1:36,0",YLR351C(-)
chrXII,837516,.,CATATATATATATATATATAT,CATATATATATATATATAT,5.79377,.,"INDEL;IDV=1;IMF=1;DP=1;SGB=-0.379885;MQ0F=0;AF1=1;AC1=1;DP4=0,0,0,1;MQ=42;FQ=-999",GT:PL,"1:42,3,0",N/A
chrXII,1012328,.,AGCCG,AGCCGCCG,71.4669,.,"INDEL;IDV=5;IMF=0.833333;DP=6;VDB=0.517234;SGB=-0.590765;MQSB=0.5;MQ0F=0;AF1=1;AC1=1;DP4=0,1,2,3;MQ=41;FQ=-999;PV4=1,1,1,1",GT:PL,"1:109,10,0",N/A
chrXII,1039435,.,T,A,125.006,.,"DP=5;VDB=0.771524;SGB=-0.590765;MQSB=1;MQ0F=0;AF1=1;AC1=1;DP4=0,0,3,2;MQ=42;FQ=-999",GT:PL,"1:155,0",YLR452C(-)
chrXIII,34473,.,T,G,125.006,.,"DP=5;VDB=0.170249;SGB=-0.590765;MQSB=1;MQ0F=0;AF1=1;AC1=1;DP4=0,0,3,2;MQ=42;FQ=-999",GT:PL,"1:155,0",YML117W(+)
chrXIII,70806,.,A,T,6.97679,.,"DP=1;SGB=-0.379885;MQ0F=0;AF1=1;AC1=1;DP4=0,0,1,0;MQ=42;FQ=-999",GT:PL,"1:36,0",YML100W(+)
chrXIII,325905,.,T,A,160.006,.,"DP=7;VDB=0.262259;SGB=-0.636426;MQSB=1;MQ0F=0;AF1=1;AC1=1;DP4=0,0,5,2;MQ=42;FQ=-999",GT:PL,"1:190,0",YMR027W(+)
chrXIII,400680,.,A,G,6.97679,.,"DP=1;SGB=-0.379885;MQ0F=0;AF1=1;AC1=1;DP4=0,0,0,1;MQ=42;FQ=-999",GT:PL,"1:36,0",YMR065W(+)
chrXIII,448333,.,G,A,60.0051,.,"DP=3;VDB=0.0279572;SGB=-0.511536;MQ0F=0;AF1=1;AC1=1;DP4=0,0,0,3;MQ=42;FQ=-999",GT:PL,"1:90,0",N/A
chrXIII,448334,.,A,G,60.0051,.,"DP=3;VDB=0.0312982;SGB=-0.511536;MQ0F=0;AF1=1;AC1=1;DP4=0,0,0,3;MQ=42;FQ=-999",GT:PL,"1:90,0",N/A
chrXIII,553197,.,T,A,6.97679,.,"DP=1;SGB=-0.379885;MQ0F=0;AF1=1;AC1=1;DP4=0,0,0,1;MQ=42;FQ=-999",GT:PL,"1:36,0",N/A
chrXIII,610623,.,A,G,6.97679,.,"DP=1;SGB=-0.379885;MQ0F=0;AF1=1;AC1=1;DP4=0,0,1,0;MQ=42;FQ=-999",GT:PL,"1:36,0",N/A
chrXIII,620136,.,T,C,6.97679,.,"DP=1;SGB=-0.379885;MQ0F=0;AF1=1;AC1=1;DP4=0,0,1,0;MQ=42;FQ=-999",GT:PL,"1:36,0",YMR179W(+)
chrXIII,630505,.,A,G,107.006,.,"DP=6;VDB=0.873023;SGB=-0.616816;MQ0F=0;AF1=1;AC1=1;DP4=0,0,6,0;MQ=42;FQ=-999",GT:PL,"1:137,0",YMR185W(+)
chrXIII,672129,.,T,C,42.0052,.,"DP=2;VDB=0.72;SGB=-0.453602;MQSB=1;MQ0F=0;AF1=1;AC1=1;DP4=0,0,1,1;MQ=42;FQ=-999",GT:PL,"1:72,0",YMR205C(-)
chrXIII,680936,.,T,C,48.005,.,"DP=4;VDB=0.0785113;SGB=-0.511536;RPB=1;MQB=1;MQSB=1;BQB=1;MQ0F=0;AF1=0.829413;AC1=1;DP4=1,0,0,3;MQ=42;FQ=-999;PV4=0.25,1,1,1",GT:PL,"1:79,1",YMR207C(-)
chrXIII,680940,.,C,T,60.0051,.,"DP=3;VDB=0.0860477;SGB=-0.511536;MQ0F=0;AF1=1;AC1=1;DP4=0,0,0,3;MQ=42;FQ=-999",GT:PL,"1:90,0",YMR207C(-)
chrXIII,689758,.,A,G,6.97679,.,"DP=1;SGB=-0.379885;MQ0F=0;AF1=1;AC1=1;DP4=0,0,1,0;MQ=42;FQ=-999",GT:PL,"1:36,0",YMR211W(+)
chrXIII,708291,.,T,C,170.007,.,"DP=10;VDB=0.163924;SGB=-0.651104;MQSB=0.833333;MQ0F=0;AF1=1;AC1=1;DP4=0,0,2,6;MQ=42;FQ=-999",GT:PL,"1:200,0",YMR219W(+)
chrXIII,772685,.,C,A,11.3361,.,"DP=4;VDB=0.0277111;SGB=-0.556411;MQ0F=0;AF1=1;AC1=1;DP4=0,0,4,0;MQ=37;FQ=-999",GT:PL,"1:41,0",N/A
chrXIII,809198,.,A,G,6.97679,.,"DP=1;SGB=-0.379885;MQ0F=0;AF1=1;AC1=1;DP4=0,0,1,0;MQ=42;FQ=-999",GT:PL,"1:36,0",N/A
chrXIII,849798,.,A,T,6.97679,.,"DP=1;SGB=-0.379885;MQ0F=0;AF1=1;AC1=1;DP4=0,0,0,1;MQ=42;FQ=-999",GT:PL,"1:36,0",YMR289W(+)
chrXIII,886683,.,C,A,6.97679,.,"DP=1;SGB=-0.379885;MQ0F=0;AF1=1;AC1=1;DP4=0,0,0,1;MQ=42;FQ=-999",GT:PL,"1:36,0",N/A
chrXIV,134312,.,A,G,4.12714,.,"DP=1;SGB=-0.379885;MQ0F=0;AF1=1;AC1=1;DP4=0,0,1,0;MQ=42;FQ=-999",GT:PL,"1:32,0",YNL271C(-)
chrXIV,153671,.,T,C,12.27,.,"DP=2;SGB=-0.379885;MQ0F=0;AF1=1;AC1=1;DP4=0,0,1,0;MQ=42;FQ=-999",GT:PL,"1:42,0",YNL262W(+)
chrXIV,235756,.,C,T,6.97679,.,"DP=1;SGB=-0.379885;MQ0F=0;AF1=1;AC1=1;DP4=0,0,0,1;MQ=42;FQ=-999",GT:PL,"1:36,0",N/A
chrXIV,312328,.,AACGACGACG,AACGACG,140.468,.,"INDEL;IDV=5;IMF=1;DP=5;VDB=0.223374;SGB=-0.590765;MQSB=0.333333;MQ0F=0;AF1=1;AC1=1;DP4=0,0,3,2;MQ=41;FQ=-999",GT:PL,"1:178,15,0",YNL172W(+)
chrXIV,377887,.,G,T,150.006,.,"DP=8;VDB=0.963191;SGB=-0.616816;MQSB=1;MQ0F=0;AF1=1;AC1=1;DP4=0,0,4,2;MQ=42;FQ=-999",GT:PL,"1:180,0",YNL132W(+)
chrXIV,390021,.,G,A,6.97679,.,"DP=1;SGB=-0.379885;MQ0F=0;AF1=1;AC1=1;DP4=0,0,0,1;MQ=42;FQ=-999",GT:PL,"1:36,0",N/A
chrXIV,426969,.,A,C,5.45858,.,"DP=2;VDB=0.02;SGB=-0.453602;MQ0F=0;AF1=1;AC1=1;DP4=0,0,0,2;MQ=23;FQ=-999",GT:PL,"1:34,0",N/A
chrXIV,471767,.,A,G,119.006,.,"DP=7;VDB=0.00508321;SGB=-0.636426;MQ0F=0;AF1=1;AC1=1;DP4=0,0,7,0;MQ=42;FQ=-999",GT:PL,"1:149,0",YNL083W(+)
chrXIV,574192,.,ATT,ATTT,3.24957,.,"INDEL;IDV=1;IMF=1;DP=1;SGB=-0.379885;MQ0F=0;AF1=1;AC1=1;DP4=0,0,0,1;MQ=42;FQ=-999",GT:PL,"1:38,3,0",N/A
chrXIV,642508,.,G,T,5.45858,.,"DP=5;VDB=0.220755;SGB=-0.511536;MQ0F=0;AF1=1;AC1=1;DP4=0,0,0,3;MQ=42;FQ=-999",GT:PL,"1:34,0",N/A
chrXIV,711550,.,A,T,4.12714,.,"DP=1;SGB=-0.379885;MQ0F=0;AF1=1;AC1=1;DP4=0,0,1,0;MQ=42;FQ=-999",GT:PL,"1:32,0",N/A
chrXV,79297,.,C,G,75.0053,.,"DP=6;VDB=0.522837;SGB=-0.556411;MQSB=1;MQ0F=0;AF1=1;AC1=1;DP4=0,0,3,1;MQ=34;FQ=-999",GT:PL,"1:105,0",YOL128C(-)
chrXV,79304,.,A,T,75.0053,.,"DP=6;VDB=0.522837;SGB=-0.556411;MQSB=1;MQ0F=0;AF1=1;AC1=1;DP4=0,0,3,1;MQ=34;FQ=-999",GT:PL,"1:105,0",YOL128C(-)
chrXV,79305,.,T,A,75.0053,.,"DP=6;VDB=0.510154;SGB=-0.556411;MQSB=1;MQ0F=0;AF1=1;AC1=1;DP4=0,0,3,1;MQ=34;FQ=-999",GT:PL,"1:105,0",YOL128C(-)
chrXV,115880,.,T,A,6.97679,.,"DP=1;SGB=-0.379885;MQ0F=0;AF1=1;AC1=1;DP4=0,0,0,1;MQ=42;FQ=-999",GT:PL,"1:36,0",N/A
chrXV,153628,.,T,C,6.97679,.,"DP=1;SGB=-0.379885;MQ0F=0;AF1=1;AC1=1;DP4=0,0,1,0;MQ=42;FQ=-999",GT:PL,"1:36,0",N/A
chrXV,228107,.,A,C,12.27,.,"DP=2;SGB=-0.379885;MQ0F=0;AF1=1;AC1=1;DP4=0,0,1,0;MQ=42;FQ=-999",GT:PL,"1:42,0",N/A
chrXV,293860,.,A,G,6.97679,.,"DP=1;SGB=-0.379885;MQ0F=0;AF1=1;AC1=1;DP4=0,0,0,1;MQ=42;FQ=-999",GT:PL,"1:36,0",YOL017W(+)
chrXV,340848,.,G,T,6.97679,.,"DP=1;SGB=-0.379885;MQ0F=0;AF1=1;AC1=1;DP4=0,0,1,0;MQ=42;FQ=-999",GT:PL,"1:36,0",N/A
chrXV,398834,.,C,G,6.97679,.,"DP=1;SGB=-0.379885;MQ0F=0;AF1=1;AC1=1;DP4=0,0,1,0;MQ=42;FQ=-999",GT:PL,"1:36,0",YOR035C(-)
chrXV,416717,.,T,A,4.12714,.,"DP=1;SGB=-0.379885;MQ0F=0;AF1=1;AC1=1;DP4=0,0,1,0;MQ=42;FQ=-999",GT:PL,"1:32,0",YOR047C(-)
chrXV,504400,.,A,G,6.97679,.,"DP=1;SGB=-0.379885;MQ0F=0;AF1=1;AC1=1;DP4=0,0,1,0;MQ=42;FQ=-999",GT:PL,"1:36,0",N/A
chrXV,528154,.,G,A,6.97679,.,"DP=1;SGB=-0.379885;MQ0F=0;AF1=1;AC1=1;DP4=0,0,0,1;MQ=42;FQ=-999",GT:PL,"1:36,0",YOR109W(+)
chrXV,611998,.,C,G,4.12714,.,"DP=1;SGB=-0.379885;MQ0F=0;AF1=1;AC1=1;DP4=0,0,1,0;MQ=42;FQ=-999",GT:PL,"1:32,0",N/A
chrXV,665629,.,A,G,6.97679,.,"DP=1;SGB=-0.379885;MQ0F=0;AF1=1;AC1=1;DP4=0,0,0,1;MQ=42;FQ=-999",GT:PL,"1:36,0",N/A
chrXV,718239,.,T,C,6.97679,.,"DP=1;SGB=-0.379885;MQ0F=0;AF1=1;AC1=1;DP4=0,0,0,1;MQ=42;FQ=-999",GT:PL,"1:36,0",YOR197W(+)
chrXV,773264,.,G,C,72.0053,.,"DP=3;VDB=0.578719;SGB=-0.511536;MQSB=1;MQ0F=0;AF1=1;AC1=1;DP4=0,0,1,2;MQ=42;FQ=-999",GT:PL,"1:102,0","YOR231W(+),YOR231C-A(-)"
chrXV,779809,.,T,C,6.97679,.,"DP=1;SGB=-0.379885;MQ0F=0;AF1=1;AC1=1;DP4=0,0,0,1;MQ=42;FQ=-999",GT:PL,"1:36,0",N/A
chrXV,806913,.,A,T,6.97679,.,"DP=1;SGB=-0.379885;MQ0F=0;AF1=1;AC1=1;DP4=0,0,0,1;MQ=42;FQ=-999",GT:PL,"1:36,0",YOR254C(-)
chrXV,845946,.,A,G,6.97679,.,"DP=1;SGB=-0.379885;MQ0F=0;AF1=1;AC1=1;DP4=0,0,1,0;MQ=42;FQ=-999",GT:PL,"1:36,0",N/A
chrXV,951241,.,C,T,195.007,.,"DP=9;VDB=0.799892;SGB=-0.651104;MQSB=0.992367;MQ0F=0;AF1=1;AC1=1;DP4=0,0,4,4;MQ=42;FQ=-999",GT:PL,"1:225,0",YOR336W(+)
chrXV,979417,.,A,G,6.97679,.,"DP=1;SGB=-0.379885;MQ0F=0;AF1=1;AC1=1;DP4=0,0,0,1;MQ=42;FQ=-999",GT:PL,"1:36,0",N/A
chrXV,999848,.,A,T,4.12714,.,"DP=1;SGB=-0.379885;MQ0F=0;AF1=1;AC1=1;DP4=0,0,0,1;MQ=42;FQ=-999",GT:PL,"1:32,0",YOR353C(-)
chrXVI,62262,.,T,G,3.54149,.,"DP=2;SGB=-0.379885;RPB=1;MQB=1;MQSB=1;BQB=1;MQ0F=0;AF1=1;AC1=1;DP4=0,1,1,0;MQ=30;FQ=-999;PV4=1,1,1,1",GT:PL,"1:31,0",N/A
chrXVI,73237,.,G,A,6.97679,.,"DP=1;SGB=-0.379885;MQ0F=0;AF1=1;AC1=1;DP4=0,0,0,1;MQ=42;FQ=-999",GT:PL,"1:36,0",N/A
chrXVI,91333,.,A,G,6.97679,.,"DP=1;SGB=-0.379885;MQ0F=0;AF1=1;AC1=1;DP4=0,0,0,1;MQ=42;FQ=-999",GT:PL,"1:36,0",YPL242C(-)
chrXVI,144689,.,AGGAAACGTCGGAAACGTCGGAAACGTCGGAAACGTC,AGGAAACGTCGGAAACGTCGGAAACGTC,72.4669,.,"INDEL;IDV=5;IMF=0.555556;DP=9;VDB=0.0448628;SGB=-0.636426;MQSB=0.974597;MQ0F=0;AF1=0.500315;AC1=1;DP4=2,0,3,4;MQ=30;FQ=-999;PV4=0.444444,1,0.288592,1",GT:PL,"1:139,0,29",YPL216W(+)
chrXVI,182577,.,A,T,4.12714,.,"DP=1;SGB=-0.379885;MQ0F=0;AF1=1;AC1=1;DP4=0,0,0,1;MQ=42;FQ=-999",GT:PL,"1:32,0",N/A
chrXVI,191944,.,C,T,161.006,.,"DP=9;VDB=0.693968;SGB=-0.651104;MQSB=1;MQ0F=0;AF1=1;AC1=1;DP4=0,0,6,2;MQ=42;FQ=-999",GT:PL,"1:191,0",YPL188W(+)
chrXVI,212285,.,T,A,6.97679,.,"DP=1;SGB=-0.379885;MQ0F=0;AF1=1;AC1=1;DP4=0,0,1,0;MQ=42;FQ=-999",GT:PL,"1:36,0",YPL178W(+)
chrXVI,219706,.,A,T,6.97679,.,"DP=1;SGB=-0.379885;MQ0F=0;AF1=1;AC1=1;DP4=0,0,1,0;MQ=42;FQ=-999",GT:PL,"1:36,0",YPL175W(+)
chrXVI,270759,.,A,T,6.97679,.,"DP=1;SGB=-0.379885;MQ0F=0;AF1=1;AC1=1;DP4=0,0,0,1;MQ=42;FQ=-999",GT:PL,"1:36,0",YPL150W(+)
chrXVI,322787,.,T,A,3.01251,.,"DP=1;SGB=-0.379885;MQ0F=0;AF1=1;AC1=1;DP4=0,0,1,0;MQ=40;FQ=-999",GT:PL,"1:30,0",YPL120W(+)
chrXVI,331895,.,A,T,6.97679,.,"DP=1;SGB=-0.379885;MQ0F=0;AF1=1;AC1=1;DP4=0,0,0,1;MQ=42;FQ=-999",GT:PL,"1:36,0",N/A
chrXVI,434868,.,G,C,6.97679,.,"DP=1;SGB=-0.379885;MQ0F=0;AF1=1;AC1=1;DP4=0,0,0,1;MQ=42;FQ=-999",GT:PL,"1:36,0",YPL060W(+)
chrXVI,502389,.,T,A,12.27,.,"DP=2;SGB=-0.379885;MQ0F=0;AF1=1;AC1=1;DP4=0,0,1,0;MQ=42;FQ=-999",GT:PL,"1:42,0",N/A
chrXVI,511482,.,C,A,12.27,.,"DP=2;SGB=-0.379885;MQ0F=0;AF1=1;AC1=1;DP4=0,0,1,0;MQ=42;FQ=-999",GT:PL,"1:42,0",YPL021W(+)
chrXVI,576071,.,C,T,6.97679,.,"DP=1;SGB=-0.379885;MQ0F=0;AF1=1;AC1=1;DP4=0,0,0,1;MQ=42;FQ=-999",GT:PL,"1:36,0",N/A
chrXVI,641524,.,C,T,4.12714,.,"DP=1;SGB=-0.379885;MQ0F=0;AF1=1;AC1=1;DP4=0,0,0,1;MQ=42;FQ=-999",GT:PL,"1:32,0",N/A
chrXVI,645883,.,A,T,6.97679,.,"DP=1;SGB=-0.379885;MQ0F=0;AF1=1;AC1=1;DP4=0,0,0,1;MQ=42;FQ=-999",GT:PL,"1:36,0",N/A
chrXVI,667359,.,CG,C,3.24957,.,"INDEL;IDV=1;IMF=1;DP=1;SGB=-0.379885;MQ0F=0;AF1=1;AC1=1;DP4=0,0,1,0;MQ=42;FQ=-999",GT:PL,"1:38,3,0",YPR054W(+)
chrXVI,667520,.,T,G,112.006,.,"DP=6;VDB=0.281254;SGB=-0.556411;MQSB=1;MQ0F=0;AF1=1;AC1=1;DP4=0,0,2,2;MQ=42;FQ=-999",GT:PL,"1:142,0",N/A
chrXVI,667976,.,A,G,6.97679,.,"DP=1;SGB=-0.379885;MQ0F=0;AF1=1;AC1=1;DP4=0,0,1,0;MQ=42;FQ=-999",GT:PL,"1:36,0",YPR055W(+)
chrXVI,677102,.,A,G,6.97679,.,"DP=4;SGB=-0.379885;MQ0F=0;AF1=1;AC1=1;DP4=0,0,1,0;MQ=42;FQ=-999",GT:PL,"1:36,0",N/A
chrXVI,700423,.,T,A,6.97679,.,"DP=1;SGB=-0.379885;MQ0F=0;AF1=1;AC1=1;DP4=0,0,0,1;MQ=42;FQ=-999",GT:PL,"1:36,0",N/A
chrXVI,759400,.,T,G,191.007,.,"DP=8;VDB=0.716595;SGB=-0.651104;MQSB=0.992367;MQ0F=0;AF1=1;AC1=1;DP4=0,0,4,4;MQ=42;FQ=-999",GT:PL,"1:221,0",YPR116W(+)
chrXVI,771476,.,A,G,6.97679,.,"DP=1;SGB=-0.379885;MQ0F=0;AF1=1;AC1=1;DP4=0,0,1,0;MQ=42;FQ=-999",GT:PL,"1:36,0",N/A
chrXVI,777030,.,C,A,6.97679,.,"DP=1;SGB=-0.379885;MQ0F=0;AF1=1;AC1=1;DP4=0,0,0,1;MQ=42;FQ=-999",GT:PL,"1:36,0",N/A
chrXVI,840061,.,A,T,6.97679,.,"DP=1;SGB=-0.379885;MQ0F=0;AF1=1;AC1=1;DP4=0,0,1,0;MQ=42;FQ=-999",GT:PL,"1:36,0",N/A
chrXVI,890346,.,T,A,137.006,.,"DP=7;VDB=0.915302;SGB=-0.616816;MQSB=1;MQ0F=0;AF1=1;AC1=1;DP4=0,0,2,4;MQ=42;FQ=-999",GT:PL,"1:167,0",YPR175W(+)
chrmt,13802,.,T,A,88.0055,.,"DP=6;VDB=0.0175511;SGB=-0.590765;MQ0F=0;AF1=1;AC1=1;DP4=0,0,5,0;MQ=42;FQ=-999",GT:PL,"1:118,0",N/A
chrmt,20345,.,GAAA,GAA,118.467,.,"INDEL;IDV=47;IMF=0.839286;DP=56;VDB=2.57891e-13;SGB=-0.693139;MQSB=0.974327;MQ0F=0;AF1=0.5;AC1=1;DP4=3,17,15,21;MQ=38;FQ=-999;PV4=0.0715251,1,1,1",GT:PL,"1:255,0,99",N/A
chrmt,20934,.,T,G,225.007,.,"DP=94;VDB=0.315555;SGB=-0.693147;RPB=1;MQB=1;MQSB=1;BQB=1;MQ0F=0;AF1=1;AC1=1;DP4=1,0,42,18;MQ=42;FQ=-999;PV4=1,1,1,1",GT:PL,"1:255,0","Q0065(+),Q0070(+),Q0045(+)"
chrmt,33743,.,T,A,155.006,.,"DP=22;VDB=0.000617195;SGB=-0.69168;MQ0F=0;AF1=1;AC1=1;DP4=0,0,19,0;MQ=39;FQ=-999",GT:PL,"1:185,0",N/A
chrmt,39517,.,G,T,120.006,.,"DP=6;VDB=0.842333;SGB=-0.590765;MQSB=1;MQ0F=0;AF1=1;AC1=1;DP4=0,0,4,1;MQ=42;FQ=-999",GT:PL,"1:150,0",Q0115(+)
chrmt,43084,.,ATTTTTTTT,ATTTTTTTTT,62.4668,.,"INDEL;IDV=72;IMF=0.878049;DP=82;VDB=0.84593;SGB=-0.693147;MQSB=0.993139;MQ0F=0;AF1=1;AC1=1;DP4=5,12,23,42;MQ=42;FQ=-999;PV4=0.777449,1,1,1",GT:PL,"1:100,73,0",N/A
chrmt,54959,.,T,C,6.97679,.,"DP=1;SGB=-0.379885;MQ0F=0;AF1=1;AC1=1;DP4=0,0,0,1;MQ=40;FQ=-999",GT:PL,"1:36,0",N/A
chrmt,73114,.,AGGGGGG,AGGGGG,3.80489,.,"INDEL;IDV=4;IMF=0.5;DP=8;VDB=0.960799;SGB=-0.590765;MQSB=0.166667;MQ0F=0;AF1=1;AC1=1;DP4=1,2,1,4;MQ=31;FQ=-999;PV4=1,1,1,1",GT:PL,"1:39,5,0",N/A
chrmt,73140,.,G,C,6.97679,.,"DP=3;VDB=0.32;SGB=-0.453602;RPB=1;MQB=1;MQSB=1;BQB=1;MQ0F=0;AF1=1;AC1=1;DP4=1,0,1,1;MQ=19;FQ=-999;PV4=1,1,1,0.333333",GT:PL,"1:36,0",N/A
