#CHROM,POS,ID,REF,ALT,QUAL,FILTER,INFO,FORMAT,/home/rothlab/dtabet/MGY360/output/mgyD32/mgyD32_S174_R1_001_sorted.bam,CDS(Orientation)
chrI,5,.,ACC,ACACACC,13.6574,.,"INDEL;IDV=6;IMF=0.5;DP=12;VDB=1.83615e-07;SGB=-0.651104;MQSB=1;MQ0F=0;AF1=0.500001;AC1=1;DP4=3,1,8,0;MQ=37;FQ=-999;PV4=0.333333,1,0.415377,1",GT:PL,"1:106,55",N/A
chrI,19971,.,C,CCT,217.469,.,"INDEL;IDV=140;IMF=0.909091;DP=154;VDB=0.818669;SGB=-0.693147;MQSB=0.446256;MQ0F=0;AF1=1;AC1=1;DP4=0,5,52,97;MQ=16;FQ=-999;PV4=0.167908,1,0.16701,1",GT:PL,"1:255,255,0",N/A
chrI,25340,.,C,A,146.006,.,"DP=122;VDB=0.000358596;SGB=-0.693147;MQSB=0.000208153;MQ0F=0.0983607;AF1=1;AC1=1;DP4=0,0,68,52;MQ=14;FQ=-999",GT:PL,"1:176,0",YAL063C(-)
chrI,25488,.,G,A,121.006,.,"DP=192;VDB=0.198675;SGB=-0.693147;RPB=0.000967322;MQB=0.846788;MQSB=0.002151;BQB=0.343873;MQ0F=0.166667;AF1=1;AC1=1;DP4=5,34,17,122;MQ=17;FQ=-999;PV4=1,1,1,1",GT:PL,"1:151,0",YAL063C(-)
chrI,25497,.,G,A,168.006,.,"DP=164;VDB=0.693098;SGB=-0.693147;RPB=0.163278;MQB=0.515518;MQSB=0.00966618;BQB=0.868366;MQ0F=0.182927;AF1=1;AC1=1;DP4=0,4,16,138;MQ=16;FQ=-999;PV4=1,0.334756,1,1",GT:PL,"1:198,0",YAL063C(-)
chrI,25506,.,C,T,45.0051,.,"DP=153;VDB=0.301194;SGB=-0.693147;RPB=4.84103e-05;MQB=0.371907;MQSB=0.446439;BQB=0.501516;MQ0F=0.156863;AF1=1;AC1=1;DP4=0,20,3,104;MQ=17;FQ=-999;PV4=1,0.0467651,0.10361,1",GT:PL,"1:75,0",YAL063C(-)
chrI,25509,.,G,A,117.006,.,"DP=124;VDB=0.0340143;SGB=-0.693147;MQSB=0.559747;MQ0F=0.177419;AF1=1;AC1=1;DP4=0,0,4,94;MQ=17;FQ=-999",GT:PL,"1:147,0",YAL063C(-)
chrI,25512,.,T,G,7.79382,.,"DP=118;VDB=0.00016598;SGB=-0.693147;RPB=2.4267e-09;MQB=0.309786;MQSB=1;BQB=0.09645;MQ0F=0.177966;AF1=1;AC1=1;DP4=0,16,1,80;MQ=16;FQ=-999;PV4=1,1,0.045794,1",GT:PL,"1:37,0",YAL063C(-)
chrI,25515,.,A,G,38.0055,.,"DP=124;VDB=0.104482;SGB=-0.693147;RPB=4.66658e-07;MQB=0.591435;MQSB=1;BQB=0.394065;MQ0F=0.16129;AF1=1;AC1=1;DP4=0,11,1,90;MQ=17;FQ=-999;PV4=1,0.359502,0.227034,1",GT:PL,"1:68,0",YAL063C(-)
chrI,25536,.,G,A,116.006,.,"DP=178;VDB=0.941112;SGB=-0.693147;RPB=1.41321e-09;MQB=1.89845e-06;MQSB=1.31531e-06;BQB=0.964163;MQ0F=0.151685;AF1=1;AC1=1;DP4=44,3,5,117;MQ=16;FQ=-999;PV4=3.2128e-31,0.319247,1,1",GT:PL,"1:146,0",YAL063C(-)
chrI,25542,.,A,G,90.0055,.,"DP=198;VDB=0.509807;SGB=-0.693147;RPB=6.13311e-06;MQB=8.24166e-08;MQSB=3.58006e-07;BQB=2.42201e-05;MQ0F=0.141414;AF1=1;AC1=1;DP4=52,3,1,120;MQ=15;FQ=-999;PV4=8.3327e-40,3.54916e-06,1,1",GT:PL,"1:120,0",YAL063C(-)
chrI,25560,.,G,A,96.0056,.,"DP=231;VDB=0.00658066;SGB=-0.693147;RPB=0.0337347;MQB=1.17799e-15;MQSB=1.98873e-14;BQB=0.999384;MQ0F=0.121212;AF1=1;AC1=1;DP4=78,4,3,140;MQ=13;FQ=-999;PV4=0,1,1,0.0540316",GT:PL,"1:126,0",YAL063C(-)
chrI,25584,.,A,G,83.0054,.,"DP=251;VDB=0.000679372;SGB=-0.693147;RPB=0.999939;MQB=1.90917e-16;MQSB=1.37059e-19;BQB=0.35582;MQ0F=0.12749;AF1=1;AC1=1;DP4=89,4,9,144;MQ=12;FQ=-999;PV4=0,0.132142,1,1",GT:PL,"1:113,0",YAL063C(-)
chrI,25872,.,G,C,3.01251,.,"DP=116;VDB=1.36707e-05;SGB=-0.693147;RPB=0.973451;MQB=0.836283;MQSB=0.416396;BQB=0.159292;MQ0F=0.137931;AF1=1;AC1=1;DP4=1,1,42,71;MQ=5;FQ=-999;PV4=1,1,1,1",GT:PL,"1:30,0",YAL063C(-)
chrI,26778,.,C,T,33.0069,.,"DP=235;VDB=0.00692864;SGB=-0.693147;RPB=0.230718;MQB=0.417493;MQSB=0.963986;BQB=0.212851;MQ0F=0.221277;AF1=1;AC1=1;DP4=42,41,127,12;MQ=7;FQ=-999;PV4=1.78362e-11,1,1,1",GT:PL,"1:63,0",YAL063C(-)
chrI,26793,.,A,G,31.0082,.,"DP=250;VDB=2.15027e-08;SGB=-0.693147;RPB=0.000118643;MQB=0.628465;MQSB=0.889057;BQB=0.157796;MQ0F=0.24;AF1=1;AC1=1;DP4=79,56,90,7;MQ=8;FQ=-999;PV4=1.90018e-09,1,1,1",GT:PL,"1:61,0",YAL063C(-)
chrI,26937,.,G,A,3.01251,.,"DP=200;VDB=4.49562e-08;SGB=-0.693147;RPB=1.33304e-14;MQB=2.05944e-09;MQSB=2.14018e-13;BQB=0.11055;MQ0F=0.105;AF1=1;AC1=1;DP4=5,105,68,10;MQ=8;FQ=-999;PV4=7.52139e-34,0.000418377,1,3.6678e-10",GT:PL,"1:30,0",YAL063C(-)
chrI,26940,.,A,G,7.79382,.,"DP=200;VDB=1.51669e-09;SGB=-0.693147;RPB=2.38542e-14;MQB=9.48059e-09;MQSB=3.0603e-13;BQB=0.118;MQ0F=0.11;AF1=1;AC1=1;DP4=6,91,73,15;MQ=9;FQ=-999;PV4=8.16482e-29,1,1,1.17952e-12",GT:PL,"1:37,0",YAL063C(-)
chrI,26970,.,G,A,29.0102,.,"DP=245;VDB=3.50766e-28;SGB=-0.693147;RPB=2.00755e-10;MQB=2.23676e-07;MQSB=1.46113e-07;BQB=0.399624;MQ0F=0.228571;AF1=1;AC1=1;DP4=11,87,130,9;MQ=11;FQ=-999;PV4=2.92535e-41,1,1,1",GT:PL,"1:59,0",YAL063C(-)
chrI,26973,.,A,G,33.0069,.,"DP=250;VDB=4.19352e-25;SGB=-0.693147;RPB=1.3659e-11;MQB=0.000335536;MQSB=4.68916e-07;BQB=0.633396;MQ0F=0.212;AF1=1;AC1=1;DP4=4,82,138,9;MQ=11;FQ=-999;PV4=0,1,1,1",GT:PL,"1:63,0",YAL063C(-)
chrI,26974,.,A,G,30.0091,.,"DP=251;VDB=3.71327e-28;SGB=-0.693147;RPB=5.80972e-07;MQB=2.28899e-07;MQSB=4.68916e-07;BQB=0.555205;MQ0F=0.211155;AF1=1;AC1=1;DP4=12,83,130,8;MQ=11;FQ=-999;PV4=5.50258e-40,1,1,1",GT:PL,"1:60,0",YAL063C(-)
chrI,26981,.,T,C,39.0054,.,"DP=242;VDB=9.54606e-16;SGB=-0.693147;RPB=1.26673e-09;MQB=0.00049726;MQSB=4.10239e-07;BQB=0.00169136;MQ0F=0.239669;AF1=1;AC1=1;DP4=4,69,152,10;MQ=12;FQ=-999;PV4=3.54529e-43,1,1,1",GT:PL,"1:69,0",YAL063C(-)
chrI,26982,.,G,A,38.0055,.,"DP=243;VDB=7.55493e-16;SGB=-0.693147;RPB=6.79851e-09;MQB=0.000405809;MQSB=3.1055e-07;BQB=0.677418;MQ0F=0.238683;AF1=1;AC1=1;DP4=5,70,152,9;MQ=12;FQ=-999;PV4=2.31214e-43,1,1,1",GT:PL,"1:68,0",YAL063C(-)
chrI,26983,.,T,G,39.0054,.,"DP=250;VDB=3.67879e-15;SGB=-0.693147;RPB=3.90197e-10;MQB=0.000400492;MQSB=3.1055e-07;BQB=0.108836;MQ0F=0.232;AF1=1;AC1=1;DP4=4,69,153,10;MQ=12;FQ=-999;PV4=2.50832e-43,1,1,1",GT:PL,"1:69,0",YAL063C(-)
chrI,27027,.,A,T,60.0051,.,"DP=163;VDB=0.579026;SGB=-0.693147;RPB=0.000771257;MQB=0.0832655;MQSB=1.22092e-05;BQB=0.349862;MQ0F=0.276074;AF1=1;AC1=1;DP4=3,35,97,16;MQ=14;FQ=-999;PV4=1.59077e-18,1,1,1",GT:PL,"1:90,0",YAL063C(-)
chrI,27035,.,T,C,60.0051,.,"DP=142;VDB=0.000102997;SGB=-0.693147;RPB=6.25567e-08;MQB=0.0377091;MQSB=2.37138e-07;BQB=0.792342;MQ0F=0.246479;AF1=1;AC1=1;DP4=2,44,70,15;MQ=14;FQ=-999;PV4=1.88352e-19,1,1,1",GT:PL,"1:90,0",YAL063C(-)
chrI,27036,.,G,A,60.0051,.,"DP=141;VDB=0.000112014;SGB=-0.693147;RPB=5.83564e-08;MQB=0.0377091;MQSB=2.37138e-07;BQB=0.988166;MQ0F=0.248227;AF1=1;AC1=1;DP4=2,44,70,15;MQ=14;FQ=-999;PV4=1.88352e-19,1,1,1",GT:PL,"1:90,0",YAL063C(-)
chrI,27044,.,C,T,42.0052,.,"DP=136;VDB=1.34147e-05;SGB=-0.693147;RPB=4.09052e-12;MQB=0.031778;MQSB=5.89757e-07;BQB=7.77713e-05;MQ0F=0.272059;AF1=1;AC1=1;DP4=2,52,66,14;MQ=13;FQ=-999;PV4=1.71724e-21,1,1,1",GT:PL,"1:72,0",YAL063C(-)
chrI,27090,.,T,C,21.0389,.,"DP=180;VDB=2.5653e-22;SGB=-0.693147;RPB=2.35279e-27;MQB=0.268491;MQSB=2.44095e-08;BQB=4.43625e-05;MQ0F=0.472222;AF1=1;AC1=1;DP4=6,71,14,84;MQ=8;FQ=-999;PV4=0.233522,3.21085e-08,1,1.82015e-12",GT:PL,"1:51,0",YAL063C(-)
chrI,27099,.,T,C,69.0052,.,"DP=197;VDB=1.16839e-34;SGB=-0.693147;RPB=1.4178e-25;MQB=0.628043;MQSB=2.785e-20;BQB=1.7356e-05;MQ0F=0.482233;AF1=1;AC1=1;DP4=4,55,39,96;MQ=12;FQ=-999;PV4=0.000568105,1.02514e-07,1,4.289e-05",GT:PL,"1:99,0",YAL063C(-)
chrI,27105,.,A,G,136.006,.,"DP=211;VDB=5.17294e-24;SGB=-0.693147;RPB=3.37386e-19;MQB=0.966011;MQSB=2.67054e-19;BQB=0.000111315;MQ0F=0.464455;AF1=1;AC1=1;DP4=2,33,42,129;MQ=12;FQ=-999;PV4=0.0119878,2.16879e-06,1,1",GT:PL,"1:166,0",YAL063C(-)
chrI,27126,.,T,C,225.007,.,"DP=251;VDB=2.14919e-16;SGB=-0.693147;RPB=9.6392e-18;MQB=0.00584498;MQSB=4.32871e-25;BQB=0.000227599;MQ0F=0.410359;AF1=1;AC1=1;DP4=1,31,63,145;MQ=18;FQ=-999;PV4=0.000449415,1,1,1",GT:PL,"1:255,0",YAL063C(-)
chrI,27129,.,C,G,225.007,.,"DP=243;VDB=1.89965e-10;SGB=-0.693147;RPB=1.27037e-05;MQB=0.685068;MQSB=3.75233e-24;BQB=1;MQ0F=0.415638;AF1=1;AC1=1;DP4=0,8,64,166;MQ=18;FQ=-999;PV4=0.11257,1,1,1",GT:PL,"1:255,0",YAL063C(-)
chrI,41475,.,G,T,225.007,.,"DP=242;VDB=1;SGB=-0.693147;MQSB=0.999917;MQ0F=0;AF1=1;AC1=1;DP4=0,0,75,137;MQ=42;FQ=-999",GT:PL,"1:255,0",YAL056W(+)
chrI,141030,.,T,A,186.007,.,"DP=61;VDB=0.050988;SGB=-0.693147;MQSB=0.000365665;MQ0F=0;AF1=1;AC1=1;DP4=0,0,51,6;MQ=26;FQ=-999",GT:PL,"1:216,0","YAL005C(-),YAL004W(+)"
chrI,141135,.,A,T,225.007,.,"DP=87;VDB=0.304383;SGB=-0.693147;MQSB=3.86735e-10;MQ0F=0;AF1=1;AC1=1;DP4=0,0,67,19;MQ=33;FQ=-999",GT:PL,"1:255,0","YAL005C(-),YAL004W(+)"
chrI,183387,.,ACC,AC,217.469,.,"INDEL;IDV=116;IMF=0.97479;DP=119;VDB=9.00031e-09;SGB=-0.693147;MQSB=0.986004;MQ0F=0.0168067;AF1=1;AC1=1;DP4=5,5,50,59;MQ=28;FQ=-999;PV4=1,1,1,0.326983",GT:PL,"1:255,201,0",N/A
chrI,199811,.,T,G,225.007,.,"DP=77;VDB=0.537289;SGB=-0.693147;MQSB=0.924321;MQ0F=0;AF1=1;AC1=1;DP4=0,0,51,22;MQ=42;FQ=-999",GT:PL,"1:255,0",N/A
chrI,205499,.,C,G,41.0052,.,"DP=78;VDB=2.54917e-05;SGB=-0.693147;MQ0F=0.0512821;AF1=1;AC1=1;DP4=0,0,76,0;MQ=11;FQ=-999",GT:PL,"1:71,0",YAR050W(+)
chrI,205519,.,C,A,63.0051,.,"DP=115;VDB=6.33797e-08;SGB=-0.693147;RPB=0.995536;MQB=0.348214;MQSB=0.125;BQB=0.0714286;MQ0F=0.0434783;AF1=1;AC1=1;DP4=1,1,111,1;MQ=13;FQ=-999;PV4=0.0349325,1,1,1",GT:PL,"1:93,0",YAR050W(+)
chrI,206126,.,T,C,23.0263,.,"DP=40;VDB=9.77996e-13;SGB=-0.693141;MQSB=0.819304;MQ0F=0.025;AF1=1;AC1=1;DP4=0,0,11,26;MQ=7;FQ=-999",GT:PL,"1:53,0",YAR050W(+)
chrI,206129,.,A,C,20.0478,.,"DP=33;VDB=4.66895e-10;SGB=-0.69311;MQSB=0.923116;MQ0F=0;AF1=1;AC1=1;DP4=0,0,6,25;MQ=7;FQ=-999",GT:PL,"1:50,0",YAR050W(+)
chrI,206132,.,G,T,16.1122,.,"DP=29;VDB=8.72419e-08;SGB=-0.693021;MQSB=0.949855;MQ0F=0;AF1=1;AC1=1;DP4=0,0,6,21;MQ=6;FQ=-999",GT:PL,"1:46,0",YAR050W(+)
chrI,206144,.,C,T,11.3361,.,"DP=17;VDB=2.19552e-05;SGB=-0.690438;MQSB=0.99361;MQ0F=0;AF1=1;AC1=1;DP4=0,0,13,4;MQ=7;FQ=-999",GT:PL,"1:41,0",YAR050W(+)
chrI,206177,.,G,C,18.0728,.,"DP=75;VDB=2.32049e-11;SGB=-0.693147;MQSB=0.992493;MQ0F=0.0133333;AF1=1;AC1=1;DP4=0,0,42,31;MQ=8;FQ=-999",GT:PL,"1:48,0",YAR050W(+)
chrI,206178,.,C,A,17.0903,.,"DP=77;VDB=4.00038e-11;SGB=-0.693147;RPB=1;MQB=1;MQSB=0.996166;BQB=1;MQ0F=0.012987;AF1=1;AC1=1;DP4=1,0,42,31;MQ=8;FQ=-999;PV4=1,1,1,1",GT:PL,"1:47,0",YAR050W(+)
chrI,206179,.,A,C,14.1739,.,"DP=84;VDB=2.20377e-11;SGB=-0.693147;RPB=0.0140345;MQB=0.249106;MQSB=0.980037;BQB=0.0190586;MQ0F=0.0119048;AF1=1;AC1=1;DP4=3,0,42,31;MQ=8;FQ=-999;PV4=0.265789,1,1,1",GT:PL,"1:44,0",YAR050W(+)
chrI,210818,.,A,T,137.006,.,"DP=144;VDB=2.42815e-08;SGB=-0.693147;RPB=0.00921955;MQB=0.00341674;MQSB=5.42909e-09;BQB=0.0587185;MQ0F=0;AF1=1;AC1=1;DP4=4,0,17,118;MQ=13;FQ=-999;PV4=0.000401904,1,1,1",GT:PL,"1:167,0",N/A
chrI,211019,.,T,C,106.006,.,"DP=126;VDB=1.4285e-14;SGB=-0.693147;RPB=0.00823195;MQB=0.000848242;MQSB=6.52498e-10;BQB=0.969056;MQ0F=0;AF1=1;AC1=1;DP4=5,1,42,73;MQ=12;FQ=-999;PV4=0.0323285,0.470391,1,0.00821025",GT:PL,"1:136,0",N/A
chrII,6440,.,G,"C,A",218.007,.,"DP=199;VDB=0.722276;SGB=-0.693147;RPB=1;MQB=1;MQSB=7.08856e-05;BQB=1;MQ0F=0.0100503;AF1=1;AC1=1;DP4=1,0,41,138;MQ=18;FQ=-999;PV4=0.233333,1.07903e-11,1,0.331725",GT:PL,"1:248,0,247",N/A
chrII,7510,.,G,"A,T",155.006,.,"DP=68;VDB=0.999497;SGB=-0.693147;MQSB=0.381657;MQ0F=0;AF1=1;AC1=1;DP4=0,0,18,44;MQ=18;FQ=-999",GT:PL,"1:185,0,167",N/A
chrII,7511,.,G,A,162.006,.,"DP=67;VDB=0.999502;SGB=-0.693147;MQSB=0.381657;MQ0F=0;AF1=1;AC1=1;DP4=0,0,18,44;MQ=18;FQ=-999",GT:PL,"1:192,0",N/A
chrII,15101,.,T,G,225.007,.,"DP=112;VDB=0.816552;SGB=-0.693147;RPB=1;MQB=1;MQSB=0.994007;BQB=1;MQ0F=0;AF1=1;AC1=1;DP4=0,1,49,59;MQ=42;FQ=-999;PV4=1,1,1,1",GT:PL,"1:255,0",YBL105C(-)
chrII,15510,.,G,T,225.007,.,"DP=97;VDB=0.767269;SGB=-0.693147;MQSB=1;MQ0F=0;AF1=1;AC1=1;DP4=0,0,43,54;MQ=42;FQ=-999",GT:PL,"1:255,0",YBL105C(-)
chrII,15518,.,A,G,225.007,.,"DP=111;VDB=0.908374;SGB=-0.693147;MQSB=1;MQ0F=0;AF1=1;AC1=1;DP4=0,0,38,54;MQ=42;FQ=-999",GT:PL,"1:255,0",YBL105C(-)
chrII,16380,.,C,T,225.007,.,"DP=158;VDB=0.404183;SGB=-0.693147;MQSB=0.432811;MQ0F=0;AF1=1;AC1=1;DP4=0,0,55,94;MQ=42;FQ=-999",GT:PL,"1:255,0",YBL105C(-)
chrII,16392,.,A,G,225.007,.,"DP=154;VDB=0.285989;SGB=-0.693147;MQSB=0.488874;MQ0F=0;AF1=1;AC1=1;DP4=0,0,59,81;MQ=42;FQ=-999",GT:PL,"1:255,0",YBL105C(-)
chrII,30012,.,C,T,84.0054,.,"DP=116;VDB=6.12444e-09;SGB=-0.693147;MQSB=0.279732;MQ0F=0;AF1=1;AC1=1;DP4=0,0,90,21;MQ=12;FQ=-999",GT:PL,"1:114,0","YBL100W-A(+),YBL100W-B(+)"
chrII,30050,.,A,G,53.005,.,"DP=91;VDB=0.374815;SGB=-0.693147;RPB=0.0168443;MQB=0.000498851;MQSB=0.303565;BQB=0.814278;MQ0F=0;AF1=1;AC1=1;DP4=5,1,36,40;MQ=10;FQ=-999;PV4=0.201174,0.192162,1,1",GT:PL,"1:83,0","YBL100W-A(+),YBL100W-B(+)"
chrII,30210,.,T,C,7.79382,.,"DP=43;VDB=0.057525;SGB=-0.693145;MQSB=0.000249906;MQ0F=0;AF1=1;AC1=1;DP4=0,0,28,12;MQ=5;FQ=-999",GT:PL,"1:37,0","YBL100W-A(+),YBL100W-B(+)"
chrII,30848,.,C,G,9.51895,.,"DP=124;VDB=0.876858;SGB=-0.693147;RPB=0.0710295;MQB=5.89311e-11;MQSB=1.31564e-08;BQB=0.94989;MQ0F=0;AF1=1;AC1=1;DP4=23,15,11,73;MQ=7;FQ=-999;PV4=1.75334e-07,1,1,0.00485548",GT:PL,"1:39,0","YBL100W-A(+),YBL100W-B(+)"
chrII,35485,.,C,T,204.007,.,"DP=56;VDB=0.00106664;SGB=-0.693147;MQSB=9.21473e-07;MQ0F=0;AF1=1;AC1=1;DP4=0,0,36,14;MQ=28;FQ=-999",GT:PL,"1:234,0",N/A
chrII,59755,.,T,C,225.007,.,"DP=82;VDB=0.00373984;SGB=-0.693147;MQSB=1;MQ0F=0;AF1=1;AC1=1;DP4=0,0,36,39;MQ=42;FQ=-999",GT:PL,"1:255,0",N/A
chrII,88484,.,GGAGAAGAGAAGA,GGAGAAGA,217.469,.,"INDEL;IDV=148;IMF=0.919255;DP=161;VDB=1.4264e-14;SGB=-0.693147;MQSB=0.6272;MQ0F=0;AF1=1;AC1=1;DP4=2,0,145,14;MQ=39;FQ=-999;PV4=1,1,1,1",GT:PL,"1:255,255,0",N/A
chrII,221288,.,AGTGT,AGT,44.4667,.,"INDEL;IDV=12;IMF=0.521739;DP=23;VDB=0.115894;SGB=-0.683931;MQSB=0.0086517;MQ0F=0;AF1=0.5;AC1=1;DP4=3,7,1,12;MQ=38;FQ=-999;PV4=0.280632,1,1,1",GT:PL,"1:181,0,99",N/A
chrII,259764,.,C,T,162.006,.,"DP=38;VDB=0.941656;SGB=-0.693127;MQ0F=0;AF1=1;AC1=1;DP4=0,0,0,33;MQ=42;FQ=-999",GT:PL,"1:192,0",N/A
chrII,263168,.,CG,C,10.8397,.,"INDEL;IDV=16;IMF=0.842105;DP=19;VDB=0.000221123;SGB=-0.676189;MQSB=0.726149;MQ0F=0;AF1=1;AC1=1;DP4=8,0,7,4;MQ=11;FQ=-999;PV4=0.103199,1,1,0.0280626",GT:PL,"1:48,6,0",YBR012W-B(+)
chrII,265382,.,G,T,160.006,.,"DP=39;VDB=0.00363602;SGB=-0.693144;MQ0F=0;AF1=1;AC1=1;DP4=0,0,39,0;MQ=42;FQ=-999",GT:PL,"1:190,0",N/A
chrII,383176,.,CGG,CGGG,217.469,.,"INDEL;IDV=98;IMF=0.907407;DP=108;VDB=0.520515;SGB=-0.693147;MQSB=0.990938;MQ0F=0;AF1=1;AC1=1;DP4=1,0,42,65;MQ=42;FQ=-999;PV4=0.398148,1,0.461762,1",GT:PL,"1:255,255,0",YBR073W(+)
chrII,389421,.,GCTCTCT,GCTCT,217.469,.,"INDEL;IDV=70;IMF=0.813953;DP=86;VDB=0.722938;SGB=-0.693147;MQSB=0.834808;MQ0F=0;AF1=1;AC1=1;DP4=1,3,44,38;MQ=39;FQ=-999;PV4=0.343747,1,1,1",GT:PL,"1:255,159,0",N/A
chrII,389429,.,C,G,23.0263,.,"DP=84;VDB=0.02;SGB=-0.453602;MQSB=1;MQ0F=0;AF1=1;AC1=1;DP4=0,0,1,1;MQ=42;FQ=-999",GT:PL,"1:53,0",N/A
chrII,389430,.,G,C,8.64278,.,"DP=84;VDB=0.02;SGB=-0.453602;MQSB=1;MQ0F=0;AF1=1;AC1=1;DP4=0,0,1,1;MQ=42;FQ=-999",GT:PL,"1:38,0",N/A
chrII,746362,.,CATCTGCAATCTGCAATCT,CATCTGCAATCT,204.469,.,"INDEL;IDV=83;IMF=0.775701;DP=107;VDB=0.807606;SGB=-0.693147;MQSB=0.99661;MQ0F=0;AF1=0.512852;AC1=1;DP4=9,4,67,27;MQ=40;FQ=-999;PV4=1,1,0.00353066,1",GT:PL,"1:255,0,13",YBR272C(-)
chrIII,84421,.,G,A,205.007,.,"DP=81;VDB=0.0336781;SGB=-0.692914;RPB=0.988512;MQB=1.41335e-10;MQSB=0.633526;BQB=0.161336;MQ0F=0;AF1=1;AC1=1;DP4=25,16,18,7;MQ=25;FQ=-999;PV4=0.431324,0.00116187,1,1",GT:PL,"1:235,0",N/A
chrIII,84780,.,A,T,180.007,.,"DP=16;VDB=7.70474e-05;SGB=-0.683931;MQSB=1;MQ0F=0;AF1=1;AC1=1;DP4=0,0,1,12;MQ=42;FQ=-999",GT:PL,"1:210,0",N/A
chrIII,143131,.,T,C,225.007,.,"DP=80;VDB=0.0537974;SGB=-0.693147;MQSB=0.988741;MQ0F=0;AF1=1;AC1=1;DP4=0,0,46,25;MQ=42;FQ=-999",GT:PL,"1:255,0",N/A
chrIII,148615,.,C,T,64.0052,.,"DP=5;VDB=0.0117389;SGB=-0.590765;MQ0F=0;AF1=1;AC1=1;DP4=0,0,0,5;MQ=35;FQ=-999",GT:PL,"1:94,0",YCR018C(-)
chrIII,151628,.,A,T,119.006,.,"DP=92;VDB=1.1411e-06;SGB=-0.693139;RPB=0.701573;MQB=8.7293e-12;BQB=0.107986;MQ0F=0;AF1=1;AC1=1;DP4=42,0,36,0;MQ=22;FQ=-999;PV4=1,0.000322176,1,1",GT:PL,"1:149,0",YCR018C-A(-)
chrIII,151645,.,G,A,111.006,.,"DP=96;VDB=0.00120344;SGB=-0.693139;RPB=0.757855;MQB=2.33906e-11;MQSB=0.434285;BQB=0.00341497;MQ0F=0;AF1=1;AC1=1;DP4=41,3,36,0;MQ=21;FQ=-999;PV4=0.248101,6.54806e-06,1,1",GT:PL,"1:141,0",YCR018C-A(-)
chrIII,151646,.,T,C,119.006,.,"DP=90;VDB=0.00107166;SGB=-0.693139;RPB=0.955659;MQB=5.22487e-11;MQSB=0.213567;BQB=0.100428;MQ0F=0;AF1=1;AC1=1;DP4=36,5,36,0;MQ=21;FQ=-999;PV4=0.0570098,0.000265385,1,1",GT:PL,"1:149,0",YCR018C-A(-)
chrIII,162361,.,T,C,225.007,.,"DP=81;VDB=0.115748;SGB=-0.693147;MQSB=0.998376;MQ0F=0;AF1=1;AC1=1;DP4=0,0,6,71;MQ=42;FQ=-999",GT:PL,"1:255,0",N/A
chrIII,162396,.,G,C,225.007,.,"DP=54;VDB=0.0335346;SGB=-0.693147;MQSB=0.947669;MQ0F=0;AF1=1;AC1=1;DP4=0,0,11,39;MQ=42;FQ=-999",GT:PL,"1:255,0",N/A
chrIII,162640,.,T,G,225.007,.,"DP=94;VDB=5.95069e-05;SGB=-0.693147;MQSB=0.987128;MQ0F=0;AF1=1;AC1=1;DP4=0,0,78,16;MQ=42;FQ=-999",GT:PL,"1:255,0",YCR024C-B(-)
chrIII,162694,.,G,A,225.007,.,"DP=89;VDB=0.35904;SGB=-0.693147;MQSB=0.900639;MQ0F=0;AF1=1;AC1=1;DP4=0,0,51,34;MQ=42;FQ=-999",GT:PL,"1:255,0",YCR024C-B(-)
chrIII,162712,.,TAAAAAAAAAA,TAAAAAAAAA,33.4683,.,"INDEL;IDV=75;IMF=0.892857;DP=84;VDB=7.70576e-05;SGB=-0.693147;MQSB=0.981855;MQ0F=0;AF1=1;AC1=1;DP4=8,2,42,32;MQ=42;FQ=-999;PV4=0.190901,1,1,1",GT:PL,"1:71,127,0",YCR024C-B(-)
chrIII,163059,.,T,C,225.007,.,"DP=127;VDB=0.496864;SGB=-0.693147;MQSB=0.974438;MQ0F=0;AF1=1;AC1=1;DP4=0,0,47,68;MQ=42;FQ=-999",GT:PL,"1:255,0",YCR024C-A(-)
chrIII,199081,.,G,A,124.006,.,"DP=179;VDB=0.725892;SGB=-0.693147;RPB=0.336315;MQB=1.54596e-08;MQSB=0.00154164;BQB=0.97314;MQ0F=0;AF1=1;AC1=1;DP4=35,29,42,63;MQ=17;FQ=-999;PV4=0.07989,1,1,1",GT:PL,"1:154,0",YCR038C(-)
chrIV,130,.,CACA,C,43.4667,.,"INDEL;IDV=22;IMF=0.458333;DP=48;VDB=0.152757;SGB=-0.692352;MQSB=0.590877;MQ0F=0.166667;AF1=0.50025;AC1=1;DP4=24,3,20,1;MQ=20;FQ=-999;PV4=0.621184,1,1,0.479914",GT:PL,"1:111,0,30",N/A
chrIV,403511,.,GTTTTTTTTT,GTTTTTTTTTT,23.4858,.,"INDEL;IDV=68;IMF=0.8;DP=85;VDB=0.016512;SGB=-0.693147;MQSB=0.917566;MQ0F=0;AF1=1;AC1=1;DP4=9,7,43,26;MQ=42;FQ=-999;PV4=0.77731,1,1,1",GT:PL,"1:61,0",N/A
chrIV,736999,.,T,A,225.007,.,"DP=131;VDB=0.1609;SGB=-0.693147;MQSB=0.984869;MQ0F=0;AF1=1;AC1=1;DP4=0,0,55,71;MQ=42;FQ=-999",GT:PL,"1:255,0",YDR141C(-)
chrIV,757631,.,G,"C,T",180.007,.,"DP=208;VDB=0.0118814;SGB=-0.693147;RPB=1;MQB=1;MQSB=0.0598048;BQB=1;MQ0F=0.00480769;AF1=1;AC1=1;DP4=0,1,110,95;MQ=17;FQ=-999;PV4=0.466019,1,1,1",GT:PL,"1:210,0,173",YDR150W(+)
chrIV,758310,.,T,C,79.0053,.,"DP=113;VDB=4.72831e-06;SGB=-0.693147;MQSB=0.000180336;MQ0F=0.00884956;AF1=1;AC1=1;DP4=0,0,22,87;MQ=10;FQ=-999",GT:PL,"1:109,0",YDR150W(+)
chrIV,769328,.,G,A,225.007,.,"DP=72;VDB=0.0846676;SGB=-0.693147;MQSB=1;MQ0F=0;AF1=1;AC1=1;DP4=0,0,25,40;MQ=42;FQ=-999",GT:PL,"1:255,0",N/A
chrIV,783598,.,G,A,225.007,.,"DP=165;VDB=0.00101863;SGB=-0.693147;MQSB=0.990678;MQ0F=0;AF1=1;AC1=1;DP4=0,0,75,78;MQ=42;FQ=-999",GT:PL,"1:255,0",YDR164C(-)
chrIV,817531,.,TAAAAAAAAAA,TAAAAAAAAAAA,27.4741,.,"INDEL;IDV=83;IMF=0.775701;DP=107;VDB=0.0163255;SGB=-0.693147;MQSB=0.922988;MQ0F=0;AF1=1;AC1=1;DP4=8,15,30,54;MQ=42;FQ=-999;PV4=1,1,1,1",GT:PL,"1:65,0",N/A
chrIV,864219,.,A,G,225.007,.,"DP=96;VDB=0.0654563;SGB=-0.693147;MQSB=0.974413;MQ0F=0;AF1=1;AC1=1;DP4=0,0,51,43;MQ=42;FQ=-999",GT:PL,"1:255,0",YDR206W(+)
chrIV,987244,.,G,A,208.007,.,"DP=124;VDB=0.00141474;SGB=-0.693147;RPB=0.333737;MQB=1.01277e-14;MQSB=0.0207839;BQB=0.0895284;MQ0F=0.00806452;AF1=0.505038;AC1=1;DP4=36,8,37,26;MQ=31;FQ=-999;PV4=0.012443,3.71636e-05,1,1",GT:PL,"1:255,17",N/A
chrIV,1150910,.,AGG,AGGG,217.469,.,"INDEL;IDV=77;IMF=0.939024;DP=82;VDB=0.32957;SGB=-0.693147;MQSB=0.912823;MQ0F=0;AF1=1;AC1=1;DP4=0,4,39,39;MQ=41;FQ=-999;PV4=0.117584,1,1,1",GT:PL,"1:255,146,0",YDR340W(+)
chrIV,1185130,.,C,A,225.007,.,"DP=172;VDB=0.822216;SGB=-0.693147;MQSB=0.958841;MQ0F=0;AF1=1;AC1=1;DP4=0,0,76,79;MQ=42;FQ=-999",GT:PL,"1:255,0",YDR354W(+)
chrIV,1253397,.,T,C,225.007,.,"DP=109;VDB=0.00280111;SGB=-0.693147;MQSB=0.967056;MQ0F=0;AF1=1;AC1=1;DP4=0,0,72,31;MQ=42;FQ=-999",GT:PL,"1:255,0",YDR389W(+)
chrIV,1305680,.,TGG,TG,217.469,.,"INDEL;IDV=52;IMF=0.981132;DP=53;VDB=0.801766;SGB=-0.693147;MQSB=1;MQ0F=0;AF1=1;AC1=1;DP4=0,0,33,20;MQ=42;FQ=-999",GT:PL,"1:255,160,0",N/A
chrIV,1402305,.,C,T,225.007,.,"DP=152;VDB=0.0527662;SGB=-0.693147;MQSB=0.863576;MQ0F=0;AF1=1;AC1=1;DP4=0,0,61,85;MQ=41;FQ=-999",GT:PL,"1:255,0",YDR471W(+)
chrIV,1433710,.,A,T,225.007,.,"DP=100;VDB=0.192936;SGB=-0.693147;MQSB=1;MQ0F=0;AF1=1;AC1=1;DP4=0,0,48,38;MQ=42;FQ=-999",GT:PL,"1:255,0",YDR490C(-)
chrIV,1524974,.,A,G,218.007,.,"DP=172;VDB=0.99565;SGB=-0.693147;MQSB=0.874053;MQ0F=0;AF1=1;AC1=1;DP4=0,0,57,96;MQ=21;FQ=-999",GT:PL,"1:248,0",N/A
chrIV,1525313,.,T,G,166.006,.,"DP=74;VDB=6.69382e-07;SGB=-0.693147;MQSB=0.0940935;MQ0F=0.0135135;AF1=1;AC1=1;DP4=0,0,8,61;MQ=19;FQ=-999",GT:PL,"1:196,0",YDR544C(-)
chrIV,1525335,.,C,G,143.006,.,"DP=58;VDB=4.79742e-17;SGB=-0.693147;MQSB=0.0278953;MQ0F=0;AF1=1;AC1=1;DP4=0,0,6,50;MQ=18;FQ=-999",GT:PL,"1:173,0",YDR544C(-)
chrIV,1525340,.,C,A,136.006,.,"DP=55;VDB=1.38491e-17;SGB=-0.693147;MQSB=0.0576772;MQ0F=0;AF1=1;AC1=1;DP4=0,0,5,48;MQ=17;FQ=-999",GT:PL,"1:166,0",YDR544C(-)
chrIV,1525345,.,C,G,128.006,.,"DP=42;VDB=2.74344e-13;SGB=-0.693145;MQSB=0.0852957;MQ0F=0;AF1=1;AC1=1;DP4=0,0,4,37;MQ=18;FQ=-999",GT:PL,"1:158,0",YDR544C(-)
chrIV,1525351,.,C,G,103.006,.,"DP=38;VDB=2.31064e-09;SGB=-0.692717;MQSB=0.133098;MQ0F=0;AF1=1;AC1=1;DP4=0,0,3,20;MQ=18;FQ=-999",GT:PL,"1:133,0",YDR544C(-)
chrIV,1525357,.,C,G,73.0053,.,"DP=22;VDB=2.7468e-06;SGB=-0.683931;MQ0F=0;AF1=1;AC1=1;DP4=0,0,0,13;MQ=22;FQ=-999",GT:PL,"1:103,0",YDR544C(-)
chrIV,1525363,.,C,G,30.0091,.,"DP=14;VDB=0.000692184;SGB=-0.651104;MQ0F=0;AF1=1;AC1=1;DP4=0,0,0,8;MQ=24;FQ=-999",GT:PL,"1:60,0",YDR544C(-)
chrIV,1525366,.,C,G,5.45858,.,"DP=4;VDB=0.02;SGB=-0.453602;MQ0F=0;AF1=1;AC1=1;DP4=0,0,0,2;MQ=23;FQ=-999",GT:PL,"1:34,0",YDR544C(-)
chrIV,1525368,.,C,G,12.27,.,"DP=3;VDB=0.02;SGB=-0.453602;MQ0F=0;AF1=1;AC1=1;DP4=0,0,0,2;MQ=23;FQ=-999",GT:PL,"1:42,0",YDR544C(-)
chrIV,1525370,.,C,G,14.1739,.,"DP=3;VDB=0.946712;SGB=-0.511536;MQ0F=0;AF1=1;AC1=1;DP4=0,0,0,3;MQ=19;FQ=-999",GT:PL,"1:44,0",YDR544C(-)
chrV,5494,.,C,T,14.1739,.,"DP=215;VDB=5.41742e-32;SGB=-0.693147;RPB=0.00249709;MQB=3.76145e-06;MQSB=0.000210521;BQB=0.991601;MQ0F=0.0744186;AF1=0.5;AC1=1;DP4=23,82,0,107;MQ=27;FQ=-999;PV4=2.44846e-08,0.377499,1,1",GT:PL,"1:155,111",YEL075C(-)
chrV,31696,.,ATG,A,30.4702,.,"INDEL;IDV=2;IMF=0.666667;DP=3;VDB=0.0588947;SGB=-0.453602;MQ0F=0;AF1=1;AC1=1;DP4=0,1,0,2;MQ=35;FQ=-999;PV4=1,1,1,0",GT:PL,"1:68,3,0",YEL063C(-)
chrV,33466,.,TTG,TTGGGTCTG,53.4667,.,"INDEL;IDV=7;IMF=0.875;DP=8;VDB=7.57658e-05;SGB=-0.636426;MQ0F=0;AF1=1;AC1=1;DP4=1,0,7,0;MQ=24;FQ=-999;PV4=1,1,1,5.98986e-07",GT:PL,"1:91,15,0",YEL063C(-)
chrV,48384,.,T,C,225.007,.,"DP=178;VDB=0.47949;SGB=-0.693147;MQSB=0.987199;MQ0F=0;AF1=1;AC1=1;DP4=0,0,120,42;MQ=42;FQ=-999",GT:PL,"1:255,0",N/A
chrV,117045,.,A,AAGCT,57.4667,.,"INDEL;IDV=12;IMF=0.923077;DP=13;VDB=1.27839e-07;SGB=-0.662043;MQ0F=0;AF1=1;AC1=1;DP4=4,0,9,0;MQ=25;FQ=-999;PV4=1,1,0.476237,0.0126593",GT:PL,"1:95,10,0",N/A
chrV,154531,.,T,A,225.007,.,"DP=124;VDB=5.3611e-06;SGB=-0.693147;MQSB=0.986901;MQ0F=0;AF1=1;AC1=1;DP4=0,0,44,75;MQ=42;FQ=-999",GT:PL,"1:255,0",YER001W(+)
chrV,352394,.,A,G,225.007,.,"DP=100;VDB=0.0204622;SGB=-0.693147;MQSB=1;MQ0F=0;AF1=1;AC1=1;DP4=0,0,45,36;MQ=42;FQ=-999",GT:PL,"1:255,0",YER096W(+)
chrV,517529,.,T,C,225.007,.,"DP=175;VDB=2.72388e-06;SGB=-0.693147;MQSB=0.98995;MQ0F=0;AF1=1;AC1=1;DP4=0,0,132,38;MQ=42;FQ=-999",GT:PL,"1:255,0",N/A
chrVI,1732,.,T,C,37.0057,.,"DP=242;VDB=0.307725;SGB=-0.693147;RPB=0.00671868;MQB=2.07029e-20;MQSB=2.72402e-15;BQB=0.951084;MQ0F=0;AF1=0.5;AC1=1;DP4=48,76,0,108;MQ=33;FQ=-999;PV4=8.24615e-16,0.327546,1,0.0716619",GT:PL,"1:184,117",YFL066C(-)
chrVI,97864,.,CTTTTTTTTTT,"CTTTTTTTTTTTT,CTTTTTTTTTTT",74.4669,.,"INDEL;IDV=71;IMF=0.669811;DP=106;VDB=0.000131243;SGB=-0.693147;MQSB=0.838625;MQ0F=0;AF1=1;AC1=1;DP4=10,3,84,9;MQ=41;FQ=-999;PV4=0.164257,1,1,1",GT:PL,"1:112,0,117",N/A
chrVI,270155,.,TGTG,TGTGGGTG,9.04412,.,"INDEL;IDV=1;IMF=0.0416667;DP=24;VDB=2.18461e-13;SGB=-0.670168;MQ0F=0;AF1=0.5;AC1=1;DP4=0,14,0,10;MQ=39;FQ=-999;PV4=1,1,1,1",GT:PL,"1:154,0,108",N/A
chrVII,9,.,ACACACACCACAC,"ACACCACACACCACAC,ACACCCACACCACACACCACAC",78.467,.,"INDEL;IDV=21;IMF=0.538462;DP=39;VDB=1.8687e-15;SGB=-0.693054;MQ0F=0.025641;AF1=0.500002;AC1=1;DP4=11,0,28,0;MQ=33;FQ=-999;PV4=1,1,1,0.00784352",GT:PL,"1:176,60,168",N/A
chrVII,214,.,ACC,ACCC,217.469,.,"INDEL;IDV=125;IMF=0.833333;DP=150;VDB=0.886463;SGB=-0.693147;MQSB=6.23222e-12;MQ0F=0;AF1=1;AC1=1;DP4=2,2,102,44;MQ=22;FQ=-999;PV4=0.586541,1,0.0146937,1",GT:PL,"1:255,255,0",N/A
chrVII,8151,.,GA,GAA,43.4667,.,"INDEL;IDV=50;IMF=0.746269;DP=67;VDB=0.993048;SGB=-0.693147;MQSB=0.457703;MQ0F=0;AF1=1;AC1=1;DP4=0,4,21,42;MQ=12;FQ=-999;PV4=0.30053,1,0.312918,1",GT:PL,"1:81,131,0",N/A
chrVII,386978,.,C,G,225.007,.,"DP=122;VDB=2.46167e-06;SGB=-0.693147;MQSB=8.36488e-07;MQ0F=0;AF1=1;AC1=1;DP4=0,0,54,54;MQ=30;FQ=-999",GT:PL,"1:255,0",YGL062W(+)
chrVII,386979,.,G,C,225.007,.,"DP=124;VDB=4.68726e-06;SGB=-0.693147;MQSB=8.36488e-07;MQ0F=0;AF1=1;AC1=1;DP4=0,0,54,54;MQ=30;FQ=-999",GT:PL,"1:255,0",YGL062W(+)
chrVII,401674,.,C,A,225.007,.,"DP=75;VDB=0.0527536;SGB=-0.693147;MQSB=0.000660873;MQ0F=0;AF1=1;AC1=1;DP4=0,0,18,55;MQ=39;FQ=-999",GT:PL,"1:255,0",N/A
chrVII,401698,.,T,A,225.007,.,"DP=66;VDB=0.923273;SGB=-0.693147;MQSB=0.000525952;MQ0F=0;AF1=1;AC1=1;DP4=0,0,19,43;MQ=38;FQ=-999",GT:PL,"1:255,0",N/A
chrVII,404935,.,C,G,176.007,.,"DP=33;VDB=0.000156702;SGB=-0.69311;MQSB=0.0266194;MQ0F=0;AF1=1;AC1=1;DP4=0,0,24,7;MQ=30;FQ=-999",GT:PL,"1:206,0",N/A
chrVII,404936,.,G,C,178.007,.,"DP=35;VDB=0.0001409;SGB=-0.69311;MQSB=0.0266194;MQ0F=0;AF1=1;AC1=1;DP4=0,0,24,7;MQ=30;FQ=-999",GT:PL,"1:208,0",N/A
chrVII,405085,.,CGG,CG,185.468,.,"INDEL;IDV=76;IMF=0.974359;DP=78;VDB=9.76342e-05;SGB=-0.693147;MQSB=3.51265e-05;MQ0F=0;AF1=1;AC1=1;DP4=1,1,69,7;MQ=38;FQ=-999;PV4=0.195804,1,1,1",GT:PL,"1:223,183,0",N/A
chrVII,496729,.,TAAAAAAAAAAAAA,TAAAAAAAAAAAAAA,7.34966,.,"INDEL;IDV=48;IMF=0.774194;DP=62;VDB=0.000970452;SGB=-0.693146;MQSB=0.777202;MQ0F=0;AF1=1;AC1=1;DP4=8,10,11,33;MQ=41;FQ=-999;PV4=0.144468,1,1,1",GT:PL,"1:44,0",N/A
chrVII,1006277,.,G,C,225.007,.,"DP=102;VDB=0.00274401;SGB=-0.693147;RPB=1;MQB=1;MQSB=0.742248;BQB=1;MQ0F=0;AF1=1;AC1=1;DP4=1,0,38,57;MQ=41;FQ=-999;PV4=0.40625,1,0.40669,1",GT:PL,"1:255,0",YGR257C(-)
chrVII,1006278,.,C,G,225.007,.,"DP=102;VDB=0.00267729;SGB=-0.693147;RPB=1;MQB=1;MQSB=0.742248;BQB=1;MQ0F=0;AF1=1;AC1=1;DP4=1,0,38,57;MQ=41;FQ=-999;PV4=0.40625,1,0.40669,1",GT:PL,"1:255,0",YGR257C(-)
chrVII,1006279,.,G,C,225.007,.,"DP=102;VDB=0.00338413;SGB=-0.693147;RPB=1;MQB=1;MQSB=0.742248;BQB=1;MQ0F=0;AF1=1;AC1=1;DP4=1,0,38,57;MQ=41;FQ=-999;PV4=0.40625,1,0.40669,1",GT:PL,"1:255,0",YGR257C(-)
chrVIII,1569,.,G,A,225.007,.,"DP=250;VDB=0.997912;SGB=-0.693147;MQ0F=0.036;AF1=1;AC1=1;DP4=0,0,234,0;MQ=31;FQ=-999",GT:PL,"1:255,0",YHL050C(-)
chrVIII,1672,.,A,G,67.0052,.,"DP=249;VDB=1.10216e-08;SGB=-0.693147;RPB=0.00352225;MQB=6.0389e-14;MQSB=7.1349e-20;BQB=0.0171084;MQ0F=0.00803213;AF1=1;AC1=1;DP4=33,39,167,2;MQ=26;FQ=-999;PV4=1.33379e-22,0.000355139,1,1",GT:PL,"1:97,0",YHL050C(-)
chrVIII,1708,.,A,G,25.0184,.,"DP=236;VDB=0.00189669;SGB=-0.693147;RPB=8.11894e-12;MQB=8.99316e-12;MQSB=0.000242935;BQB=1.92105e-10;MQ0F=0.0254237;AF1=0.50001;AC1=1;DP4=78,23,125,0;MQ=21;FQ=-999;PV4=1.90103e-09,1.61658e-15,1,0.057283",GT:PL,"1:99,44",YHL050C(-)
chrVIII,1846,.,A,G,38.0055,.,"DP=97;VDB=6.99465e-05;SGB=-0.693147;MQSB=0.847269;MQ0F=0;AF1=1;AC1=1;DP4=0,0,11,84;MQ=9;FQ=-999",GT:PL,"1:68,0",YHL050C(-)
chrVIII,1997,.,T,C,180.007,.,"DP=249;VDB=0.870666;SGB=-0.693147;RPB=0.966639;MQB=0.000922225;MQSB=0.00394247;BQB=0.977029;MQ0F=0.0120482;AF1=1;AC1=1;DP4=4,13,0,225;MQ=29;FQ=-999;PV4=1.70744e-05,1,1,0.21564",GT:PL,"1:210,0",N/A
chrVIII,2068,.,A,T,111.006,.,"DP=247;VDB=0.0558024;SGB=-0.693147;RPB=0.566405;MQB=0.0443949;MQSB=0.0140319;BQB=0.60321;MQ0F=0.0647773;AF1=1;AC1=1;DP4=5,29,0,208;MQ=27;FQ=-999;PV4=4.1938e-05,0.0574508,1,0.337681",GT:PL,"1:141,0",N/A
chrVIII,4844,.,C,T,46.005,.,"DP=6;VDB=0.0901919;SGB=-0.616816;MQ0F=0;AF1=1;AC1=1;DP4=0,0,6,0;MQ=22;FQ=-999",GT:PL,"1:76,0",N/A
chrVIII,4856,.,G,A,58.0051,.,"DP=7;VDB=0.572009;SGB=-0.616816;MQ0F=0;AF1=1;AC1=1;DP4=0,0,6,0;MQ=23;FQ=-999",GT:PL,"1:88,0",N/A
chrVIII,4858,.,T,G,58.0051,.,"DP=7;VDB=0.572009;SGB=-0.616816;MQ0F=0;AF1=1;AC1=1;DP4=0,0,6,0;MQ=23;FQ=-999",GT:PL,"1:88,0",N/A
chrVIII,4895,.,C,T,16.1122,.,"DP=6;VDB=0.264054;SGB=-0.616816;MQ0F=0.5;AF1=1;AC1=1;DP4=0,0,6,0;MQ=14;FQ=-999",GT:PL,"1:46,0",N/A
chrVIII,4896,.,G,A,16.1122,.,"DP=6;VDB=0.258434;SGB=-0.616816;MQ0F=0.5;AF1=1;AC1=1;DP4=0,0,6,0;MQ=14;FQ=-999",GT:PL,"1:46,0",N/A
chrVIII,5225,.,A,G,24.0219,.,"DP=10;VDB=0.011063;SGB=-0.590765;RPB=0.0476173;MQB=0.0476173;MQSB=0.0476173;BQB=0.952347;MQ0F=0;AF1=1;AC1=1;DP4=5,0,0,5;MQ=15;FQ=-999;PV4=0.00793651,1,1,0.2438",GT:PL,"1:54,0",N/A
chrVIII,5232,.,C,T,34.0065,.,"DP=11;VDB=0.0568748;SGB=-0.616816;RPB=0.0297172;MQB=0.0297172;MQSB=0.0297172;BQB=0.8618;MQ0F=0;AF1=1;AC1=1;DP4=5,0,0,6;MQ=16;FQ=-999;PV4=0.0021645,1,1,0.349134",GT:PL,"1:64,0",N/A
chrVIII,5283,.,T,C,31.0082,.,"DP=8;VDB=0.715797;SGB=-0.616816;MQ0F=0.25;AF1=1;AC1=1;DP4=0,0,0,6;MQ=17;FQ=-999",GT:PL,"1:61,0",N/A
chrVIII,5292,.,C,A,30.0091,.,"DP=7;VDB=0.727294;SGB=-0.636426;MQ0F=0.428571;AF1=1;AC1=1;DP4=0,0,0,7;MQ=16;FQ=-999",GT:PL,"1:60,0",N/A
chrVIII,5298,.,C,T,15.1396,.,"DP=11;VDB=0.739149;SGB=-0.636426;RPB=0.0401934;MQB=0.924449;MQSB=0.888889;BQB=0.803868;MQ0F=0.272727;AF1=1;AC1=1;DP4=2,2,0,7;MQ=13;FQ=-999;PV4=0.109091,1,1,1",GT:PL,"1:45,0",N/A
chrVIII,5556,.,C,T,55.0051,.,"DP=55;VDB=0.199291;SGB=-0.693144;RPB=0.517567;MQB=0.750869;MQSB=0.178045;BQB=0.460477;MQ0F=0;AF1=1;AC1=1;DP4=3,0,22,17;MQ=15;FQ=-999;PV4=0.259582,0.0964533,0.252625,0.233802",GT:PL,"1:85,0",N/A
chrVIII,5635,.,T,C,148.006,.,"DP=49;VDB=0.00815713;SGB=-0.693143;RPB=0.100171;MQB=0.000762196;MQSB=0.0101139;BQB=0.233055;MQ0F=0;AF1=1;AC1=1;DP4=4,3,37,1;MQ=34;FQ=-999;PV4=0.00916138,3.12591e-05,1,1",GT:PL,"1:178,0",N/A
chrVIII,5700,.,A,G,54.005,.,"DP=12;VDB=0.260793;SGB=-0.662043;RPB=0.5;MQB=1;BQB=0.777778;MQ0F=0;AF1=0.520679;AC1=1;DP4=2,0,9,0;MQ=26;FQ=-999;PV4=1,0.436695,1,1",GT:PL,"1:95,11",YHL048C-A(-)
chrVIII,5706,.,C,G,64.0052,.,"DP=10;VDB=0.702766;SGB=-0.662043;RPB=1;MQB=1;BQB=1;MQ0F=0;AF1=1;AC1=1;DP4=1,0,9,0;MQ=25;FQ=-999;PV4=1,0.322688,0.48758,1",GT:PL,"1:94,0",YHL048C-A(-)
chrVIII,5709,.,C,G,67.0052,.,"DP=10;VDB=0.719467;SGB=-0.662043;RPB=1;MQB=1;BQB=1;MQ0F=0;AF1=1;AC1=1;DP4=1,0,9,0;MQ=25;FQ=-999;PV4=1,0.379961,0.48758,1",GT:PL,"1:97,0",YHL048C-A(-)
chrVIII,5717,.,T,C,14.1739,.,"DP=4;VDB=0.27062;SGB=-0.556411;MQ0F=0;AF1=1;AC1=1;DP4=0,0,4,0;MQ=17;FQ=-999",GT:PL,"1:44,0",YHL048C-A(-)
chrVIII,5724,.,C,T,44.0051,.,"DP=8;VDB=0.889349;SGB=-0.651104;MQ0F=0;AF1=1;AC1=1;DP4=0,0,8,0;MQ=21;FQ=-999",GT:PL,"1:74,0",YHL048C-A(-)
chrVIII,5759,.,G,A,71.0052,.,"DP=59;VDB=7.02121e-28;SGB=-0.693147;RPB=0.701754;MQB=0.0175439;BQB=0.842105;MQ0F=0.0508475;AF1=1;AC1=1;DP4=2,0,57,0;MQ=19;FQ=-999;PV4=1,0.286535,1,0.437011",GT:PL,"1:101,0",YHL048C-A(-)
chrVIII,5775,.,G,C,68.0052,.,"DP=60;VDB=5.79824e-15;SGB=-0.693147;RPB=0.881429;MQB=6.48887e-07;BQB=0.962062;MQ0F=0.05;AF1=1;AC1=1;DP4=13,0,47,0;MQ=19;FQ=-999;PV4=1,1,1,0.0799044",GT:PL,"1:98,0",YHL048C-A(-)
chrVIII,5777,.,G,A,73.0053,.,"DP=60;VDB=2.17206e-29;SGB=-0.693147;MQ0F=0.05;AF1=1;AC1=1;DP4=0,0,60,0;MQ=19;FQ=-999",GT:PL,"1:103,0",YHL048C-A(-)
chrVIII,5788,.,T,G,71.0052,.,"DP=65;VDB=2.76611e-14;SGB=-0.693147;MQ0F=0.0923077;AF1=1;AC1=1;DP4=0,0,64,0;MQ=19;FQ=-999",GT:PL,"1:101,0",YHL048C-A(-)
chrVIII,5806,.,C,T,68.0052,.,"DP=64;VDB=1.15162e-08;SGB=-0.693147;RPB=0.448279;MQB=0.00143053;BQB=0.585863;MQ0F=0.09375;AF1=1;AC1=1;DP4=5,0,57,0;MQ=18;FQ=-999;PV4=1,0.123555,1,0.0644054",GT:PL,"1:98,0",N/A
chrVIII,5830,.,C,T,12.27,.,"DP=10;VDB=0.00211505;SGB=-0.670168;MQ0F=0.3;AF1=1;AC1=1;DP4=0,0,10,0;MQ=12;FQ=-999",GT:PL,"1:42,0",N/A
chrVIII,5837,.,A,C,8.64278,.,"DP=10;VDB=0.0033764;SGB=-0.662043;MQ0F=0.3;AF1=1;AC1=1;DP4=0,0,9,0;MQ=10;FQ=-999",GT:PL,"1:38,0",N/A
chrVIII,5942,.,G,A,42.0052,.,"DP=6;VDB=0.459448;SGB=-0.556411;MQ0F=0;AF1=1;AC1=1;DP4=0,0,0,4;MQ=30;FQ=-999",GT:PL,"1:72,0",N/A
chrVIII,6105,.,A,C,57.0051,.,"DP=18;VDB=0.229077;SGB=-0.683931;RPB=0.439968;MQB=0.496786;MQSB=1;BQB=0.814433;MQ0F=0;AF1=0.500125;AC1=1;DP4=1,4,0,13;MQ=28;FQ=-999;PV4=0.277778,1,1,1",GT:PL,"1:120,33",N/A
chrVIII,6125,.,C,T,91.0055,.,"DP=12;VDB=0.143164;SGB=-0.662043;MQ0F=0;AF1=1;AC1=1;DP4=0,0,0,9;MQ=27;FQ=-999",GT:PL,"1:121,0",N/A
chrVIII,17534,.,ATTTTTTTTTTT,"ATTTTTTTTTTTT,ATTTTTTTTTTTTT",6.55188,.,"INDEL;IDV=61;IMF=0.73494;DP=83;VDB=0.0195339;SGB=-0.693147;MQSB=0.988858;MQ0F=0;AF1=1;AC1=1;DP4=12,6,39,26;MQ=42;FQ=-999;PV4=0.785461,1,1,1",GT:PL,"1:43,0,36",YHL041W(+)
chrVIII,216123,.,C,T,75.0053,.,"DP=214;VDB=0.997462;SGB=-0.693147;RPB=0.017803;MQB=2.81885e-15;MQSB=4.86649e-13;BQB=0.966084;MQ0F=0;AF1=1;AC1=1;DP4=21,131,41,14;MQ=19;FQ=-999;PV4=3.04193e-16,0.0281723,1,1",GT:PL,"1:105,0",YHR056C(-)
chrVIII,417054,.,G,A,225.007,.,"DP=99;VDB=0.000138924;SGB=-0.693147;MQSB=0.980314;MQ0F=0;AF1=1;AC1=1;DP4=0,0,42,54;MQ=42;FQ=-999",GT:PL,"1:255,0",YHR158C(-)
chrVIII,499958,.,C,T,225.007,.,"DP=165;VDB=0.00153504;SGB=-0.693147;MQSB=0.997789;MQ0F=0;AF1=1;AC1=1;DP4=0,0,126,29;MQ=42;FQ=-999",GT:PL,"1:255,0",YHR201C(-)
chrVIII,511255,.,C,T,225.007,.,"DP=129;VDB=0.458891;SGB=-0.693147;MQSB=1;MQ0F=0;AF1=1;AC1=1;DP4=0,0,18,92;MQ=42;FQ=-999",GT:PL,"1:255,0",YHR205W(+)
chrVIII,524447,.,C,G,225.007,.,"DP=85;VDB=0.93142;SGB=-0.693147;MQSB=1;MQ0F=0;AF1=1;AC1=1;DP4=0,0,33,49;MQ=42;FQ=-999",GT:PL,"1:255,0",N/A
chrIX,23214,.,T,G,15.1396,.,"DP=42;VDB=0.060023;SGB=-0.693127;MQSB=0.000735867;MQ0F=0;AF1=1;AC1=1;DP4=0,0,21,12;MQ=6;FQ=-999",GT:PL,"1:45,0",YIL169C(-)
chrIX,23282,.,TCC,TC,4.41606,.,"INDEL;IDV=57;IMF=0.77027;DP=74;VDB=0.519246;SGB=-0.693147;MQ0F=0.0135135;AF1=0.5;AC1=1;DP4=29,0,45,0;MQ=27;FQ=-999;PV4=1,1,1,0.000452351",GT:PL,"1:113,0,73",YIL169C(-)
chrIX,39373,.,TAAAAAAAAAAA,"TAAAAAAAAAAAA,TAAAAAAAAAAAAA",5.79377,.,"INDEL;IDV=105;IMF=0.889831;DP=118;VDB=0.106109;SGB=-0.693147;MQSB=0.99921;MQ0F=0;AF1=1;AC1=1;DP4=14,5,73,26;MQ=42;FQ=-999;PV4=1,1,1,1",GT:PL,"1:42,0,41",N/A
chrIX,105433,.,AAATAATAAT,AAATAATAATAAT,217.469,.,"INDEL;IDV=32;IMF=0.842105;DP=38;VDB=0.0851312;SGB=-0.693136;MQSB=0.340424;MQ0F=0;AF1=1;AC1=1;DP4=1,2,29,6;MQ=40;FQ=-999;PV4=0.106211,1,0.317071,1",GT:PL,"1:255,55,0",YIL130W(+)
chrIX,318694,.,T,A,225.007,.,"DP=127;VDB=0.000267805;SGB=-0.693147;MQSB=0.982301;MQ0F=0;AF1=1;AC1=1;DP4=0,0,49,70;MQ=42;FQ=-999",GT:PL,"1:255,0",YIL017C(-)
chrIX,439877,.,TGGTGTGTGTG,TGGTGTGTGTGGGTGTGTGTG,29.4712,.,"INDEL;IDV=5;IMF=0.128205;DP=39;VDB=7.02893e-12;SGB=-0.692717;MQSB=0.0945946;MQ0F=0.0769231;AF1=0.5;AC1=1;DP4=0,16,2,21;MQ=34;FQ=-999;PV4=0.503374,1,1,1",GT:PL,"1:184,0,117",N/A
chrIX,439880,.,TGTGTGTG,TGTGTGTGGGTGTGTG,46.4666,.,"INDEL;IDV=2;IMF=0.0555556;DP=36;VDB=3.07217e-16;SGB=-0.691153;MQSB=0.102941;MQ0F=0.0833333;AF1=0.5;AC1=1;DP4=1,17,1,17;MQ=33;FQ=-999;PV4=1,1,1,1",GT:PL,"1:182,0,98",N/A
chrIX,439882,.,TGTGTG,TGTGTGGGTGTGGGTGTG,91.4671,.,"INDEL;IDV=1;IMF=0.03125;DP=32;VDB=5.20995e-18;SGB=-0.692831;MQSB=0.116667;MQ0F=0.09375;AF1=0.500001;AC1=1;DP4=0,8,2,22;MQ=33;FQ=-999;PV4=1,1,1,1",GT:PL,"1:183,0,54",N/A
chrX,97478,.,G,A,225.007,.,"DP=143;VDB=1.65619e-09;SGB=-0.693147;MQSB=0.998532;MQ0F=0;AF1=1;AC1=1;DP4=0,0,56,82;MQ=42;FQ=-999",GT:PL,"1:255,0",N/A
chrX,100335,.,C,T,225.007,.,"DP=194;VDB=0.000157654;SGB=-0.693147;MQSB=0.991561;MQ0F=0;AF1=1;AC1=1;DP4=0,0,88,88;MQ=42;FQ=-999",GT:PL,"1:255,0",YJL171C(-)
chrX,199170,.,A,C,22.0319,.,"DP=60;VDB=0.970634;SGB=-0.693147;RPB=1;MQB=1;MQSB=0.480235;BQB=1;MQ0F=0;AF1=1;AC1=1;DP4=1,0,12,47;MQ=7;FQ=-999;PV4=0.216667,0.383451,1,0.347136",GT:PL,"1:52,0",YJL113W(+)
chrX,200219,.,A,G,22.0319,.,"DP=60;VDB=0.606013;SGB=-0.693147;MQSB=0.90504;MQ0F=0;AF1=1;AC1=1;DP4=0,0,24,29;MQ=7;FQ=-999",GT:PL,"1:52,0",YJL113W(+)
chrX,278977,.,CAGAGAG,CAGAG,217.469,.,"INDEL;IDV=97;IMF=0.906542;DP=107;VDB=0.000973015;SGB=-0.693147;MQSB=0.982124;MQ0F=0;AF1=1;AC1=1;DP4=4,8,59,36;MQ=42;FQ=-999;PV4=0.0681129,1,1,1",GT:PL,"1:255,113,0",YJL083W(+)
chrXI,457,.,C,CA,217.469,.,"INDEL;IDV=187;IMF=0.903382;DP=207;VDB=0.999998;SGB=-0.693147;MQSB=0.00910235;MQ0F=0.00966184;AF1=1;AC1=1;DP4=5,3,116,83;MQ=25;FQ=-999;PV4=1,1,1,1",GT:PL,"1:255,255,0",YKL225W(+)
chrXI,16020,.,C,A,6.97679,.,"DP=1;SGB=-0.379885;MQ0F=0;AF1=1;AC1=1;DP4=0,0,0,1;MQ=42;FQ=-999",GT:PL,"1:36,0",N/A
chrXI,451568,.,GGAACACGAACACGAACA,GGAACACGAACA,111.467,.,"INDEL;IDV=71;IMF=0.68932;DP=103;VDB=0.515463;SGB=-0.693147;MQSB=0.944128;MQ0F=0;AF1=0.5;AC1=1;DP4=9,9,36,49;MQ=39;FQ=-999;PV4=0.606963,1,0.00991542,1",GT:PL,"1:255,0,106",YKR007W(+)
chrXI,666554,.,AGG,AG,217.469,.,"INDEL;IDV=1;IMF=0.00653595;DP=153;VDB=0.000335196;SGB=-0.693147;MQSB=0.0384178;MQ0F=0;AF1=1;AC1=1;DP4=3,6,16,128;MQ=39;FQ=-999;PV4=0.0844238,1,1,1",GT:PL,"1:255,255,0",N/A
chrXI,666556,.,GT,G,217.469,.,"INDEL;IDV=136;IMF=0.906667;DP=150;VDB=2.74421e-05;SGB=-0.693147;MQSB=0.0588367;MQ0F=0;AF1=1;AC1=1;DP4=1,5,16,128;MQ=39;FQ=-999;PV4=0.520418,1,0.234919,1",GT:PL,"1:255,255,0",N/A
chrXI,666557,.,TG,T,217.469,.,"INDEL;IDV=6;IMF=0.04;DP=150;VDB=2.43032e-05;SGB=-0.693147;MQSB=0.0395399;MQ0F=0;AF1=1;AC1=1;DP4=0,6,16,128;MQ=39;FQ=-999;PV4=1,1,0.234919,1",GT:PL,"1:255,255,0",N/A
chrXII,13,.,CCAC,CCCACACACCACAC,89.4671,.,"INDEL;IDV=7;IMF=0.368421;DP=19;VDB=1.68335e-08;SGB=-0.683931;MQ0F=0.0526316;AF1=1;AC1=1;DP4=6,0,13,0;MQ=33;FQ=-999;PV4=1,1,1,1",GT:PL,"1:127,10,0",N/A
chrXII,590,.,ATG,ATGTACAGTG,35.4676,.,"INDEL;IDV=15;IMF=0.0909091;DP=165;VDB=0.997834;SGB=-0.693147;MQSB=0.0122699;MQ0F=0;AF1=0.5;AC1=1;DP4=62,2,101,0;MQ=29;FQ=-999;PV4=0.149002,1,1,1",GT:PL,"1:183,0,110",YLL067C(-)
chrXII,591,.,TGG,TGTACAGCGG,75.4669,.,"INDEL;IDV=124;IMF=0.756098;DP=164;VDB=0.986667;SGB=-0.693147;MQSB=0.0133201;MQ0F=0;AF1=0.508032;AC1=1;DP4=39,2,122,1;MQ=29;FQ=-999;PV4=0.15451,1,1,1",GT:PL,"1:128,15",YLL067C(-)
chrXII,187137,.,ATTT,ATT,208.469,.,"INDEL;IDV=111;IMF=0.860465;DP=129;VDB=0.99982;SGB=-0.693147;MQSB=1;MQ0F=0;AF1=1;AC1=1;DP4=5,10,78,36;MQ=42;FQ=-999;PV4=0.0106299,1,1,1",GT:PL,"1:246,117,0",N/A
chrXII,220717,.,G,A,152.006,.,"DP=16;VDB=0.0192184;SGB=-0.689466;MQ0F=0;AF1=1;AC1=1;DP4=0,0,16,0;MQ=41;FQ=-999",GT:PL,"1:182,0",N/A
chrXII,291384,.,A,G,225.007,.,"DP=133;VDB=4.16194e-06;SGB=-0.693147;MQSB=0.984616;MQ0F=0;AF1=1;AC1=1;DP4=0,0,32,96;MQ=42;FQ=-999",GT:PL,"1:255,0",YLR081W(+)
chrXII,291386,.,A,G,225.007,.,"DP=130;VDB=4.575e-07;SGB=-0.693147;MQSB=0.98502;MQ0F=0;AF1=1;AC1=1;DP4=0,0,32,94;MQ=42;FQ=-999",GT:PL,"1:255,0",YLR081W(+)
chrXII,474417,.,ACC,ACCC,22.4908,.,"INDEL;IDV=2;IMF=0.333333;DP=6;VDB=0.961054;SGB=-0.453602;MQSB=1;MQ0F=0;AF1=1;AC1=1;DP4=4,0,1,1;MQ=24;FQ=-999;PV4=0.333333,1,1,1",GT:PL,"1:60,1,0",N/A
chrXII,528749,.,T,A,225.007,.,"DP=188;VDB=0.224152;SGB=-0.693147;MQSB=0.991608;MQ0F=0;AF1=1;AC1=1;DP4=0,0,90,89;MQ=42;FQ=-999",GT:PL,"1:255,0",YLR188W(+)
chrXII,725936,.,G,A,225.007,.,"DP=181;VDB=0.63591;SGB=-0.693147;MQSB=0.961904;MQ0F=0;AF1=1;AC1=1;DP4=0,0,145,17;MQ=42;FQ=-999",GT:PL,"1:255,0",N/A
chrXII,732281,.,CA,CAGGATCCTCAGA,32.4688,.,"INDEL;IDV=14;IMF=0.482759;DP=29;VDB=8.53456e-09;SGB=-0.692976;MQ0F=0;AF1=1;AC1=1;DP4=0,3,0,26;MQ=26;FQ=-999;PV4=1,1,6.28132e-08,1",GT:PL,"1:70,1,0",YLR302C(-)
chrXII,734703,.,T,A,162.006,.,"DP=23;VDB=5.87584e-10;SGB=-0.692562;MQ0F=0;AF1=1;AC1=1;DP4=0,0,22,0;MQ=40;FQ=-999",GT:PL,"1:192,0",N/A
chrXII,784382,.,GCC,GCCC,217.469,.,"INDEL;IDV=110;IMF=0.909091;DP=121;VDB=0.0513382;SGB=-0.693147;MQSB=0.796298;MQ0F=0;AF1=1;AC1=1;DP4=6,3,75,37;MQ=41;FQ=-999;PV4=1,1,1,1",GT:PL,"1:255,146,0",N/A
chrXII,828903,.,C,T,225.007,.,"DP=126;VDB=0.109997;SGB=-0.693147;MQSB=1;MQ0F=0;AF1=1;AC1=1;DP4=0,0,102,20;MQ=42;FQ=-999",GT:PL,"1:255,0",YLR350W(+)
chrXII,1039435,.,T,A,225.007,.,"DP=131;VDB=0.185223;SGB=-0.693147;MQSB=0.967356;MQ0F=0;AF1=1;AC1=1;DP4=0,0,92,33;MQ=42;FQ=-999",GT:PL,"1:255,0",YLR452C(-)
chrXIII,34473,.,T,G,225.007,.,"DP=182;VDB=0.261914;SGB=-0.693147;MQSB=0.77204;MQ0F=0;AF1=1;AC1=1;DP4=0,0,114,51;MQ=42;FQ=-999",GT:PL,"1:255,0",YML117W(+)
chrXIII,325905,.,T,A,225.007,.,"DP=173;VDB=0.172007;SGB=-0.693147;MQSB=0.993524;MQ0F=0;AF1=1;AC1=1;DP4=0,0,97,71;MQ=42;FQ=-999",GT:PL,"1:255,0",YMR027W(+)
chrXIII,448333,.,G,A,225.007,.,"DP=215;VDB=5.37643e-08;SGB=-0.693147;MQSB=0.805931;MQ0F=0;AF1=1;AC1=1;DP4=0,0,124,67;MQ=42;FQ=-999",GT:PL,"1:255,0",N/A
chrXIII,448334,.,A,G,225.007,.,"DP=213;VDB=2.86647e-08;SGB=-0.693147;MQSB=0.805931;MQ0F=0;AF1=1;AC1=1;DP4=0,0,124,67;MQ=42;FQ=-999",GT:PL,"1:255,0",N/A
chrXIII,630505,.,A,G,225.007,.,"DP=126;VDB=0.031565;SGB=-0.693147;MQSB=0.982198;MQ0F=0;AF1=1;AC1=1;DP4=0,0,71,49;MQ=42;FQ=-999",GT:PL,"1:255,0",YMR185W(+)
chrXIII,672129,.,T,C,225.007,.,"DP=112;VDB=0.000570611;SGB=-0.693147;MQSB=1;MQ0F=0;AF1=1;AC1=1;DP4=0,0,41,60;MQ=42;FQ=-999",GT:PL,"1:255,0",YMR205C(-)
chrXIII,680936,.,T,C,225.007,.,"DP=106;VDB=0.187665;SGB=-0.693147;RPB=0;MQB=0.944444;MQSB=0.999709;BQB=0;MQ0F=0.00943396;AF1=1;AC1=1;DP4=2,0,55,35;MQ=41;FQ=-999;PV4=0.523411,1,0.398636,1",GT:PL,"1:255,0",YMR207C(-)
chrXIII,680940,.,C,T,225.007,.,"DP=102;VDB=0.197902;SGB=-0.693147;MQSB=0.999966;MQ0F=0.00980392;AF1=1;AC1=1;DP4=0,0,55,35;MQ=41;FQ=-999",GT:PL,"1:255,0",YMR207C(-)
chrXIII,708291,.,T,C,225.007,.,"DP=150;VDB=0.111185;SGB=-0.693147;MQSB=0.990349;MQ0F=0;AF1=1;AC1=1;DP4=0,0,27,116;MQ=42;FQ=-999",GT:PL,"1:255,0",YMR219W(+)
chrXIII,809198,.,A,G,225.007,.,"DP=143;VDB=0.00500608;SGB=-0.693147;MQSB=1;MQ0F=0;AF1=1;AC1=1;DP4=0,0,49,81;MQ=42;FQ=-999",GT:PL,"1:255,0",N/A
chrXIII,908175,.,T,C,18.0728,.,"DP=239;VDB=2.37066e-05;SGB=-0.693147;RPB=0.000828527;MQB=0.0444943;MQSB=1.16312e-12;BQB=0.0782116;MQ0F=0.121339;AF1=0.5;AC1=1;DP4=24,32,78,32;MQ=19;FQ=-999;PV4=0.000682485,0.00573285,0.0174892,0.111498",GT:PL,"1:114,66",YMR317W(+)
chrXIII,908177,.,A,G,128.006,.,"DP=227;VDB=1.15205e-05;SGB=-0.693147;RPB=0.0132432;MQB=0.569084;MQSB=2.64345e-10;BQB=0.21096;MQ0F=0.127753;AF1=1;AC1=1;DP4=14,25,94,37;MQ=19;FQ=-999;PV4=0.000105387,1,0.268245,1",GT:PL,"1:158,0",YMR317W(+)
chrXIII,908179,.,T,G,9.51895,.,"DP=237;VDB=5.66047e-05;SGB=-0.693147;RPB=0.000145278;MQB=0.0399948;MQSB=3.38172e-11;BQB=0.502117;MQ0F=0.122363;AF1=0.5;AC1=1;DP4=16,36,86,38;MQ=20;FQ=-999;PV4=4.09947e-06,0.104231,0.00677449,1",GT:PL,"1:111,72",YMR317W(+)
chrXIII,908196,.,G,C,76.0053,.,"DP=219;VDB=0.992573;SGB=-0.693147;RPB=0.39554;MQB=0.136397;MQSB=8.98207e-16;BQB=0.00413041;MQ0F=0.100457;AF1=0.501994;AC1=1;DP4=19,32,62,77;MQ=20;FQ=-999;PV4=0.410103,1,0.0208963,0.447924",GT:PL,"1:127,21",YMR317W(+)
chrXIII,908218,.,C,T,5.45858,.,"DP=236;VDB=0.000328298;SGB=-0.693147;RPB=1.39036e-06;MQB=0.0969265;MQSB=1.11162e-15;BQB=0.404867;MQ0F=0.0847458;AF1=1;AC1=1;DP4=17,31,70,105;MQ=18;FQ=-999;PV4=0.618747,1,0.0101731,0.0135604",GT:PL,"1:34,0",YMR317W(+)
chrXIII,924341,.,G,T,110.006,.,"DP=65;VDB=0.000195896;SGB=-0.693139;RPB=0.0708221;MQB=0.000272899;MQSB=0.221553;BQB=0.0106463;MQ0F=0.0923077;AF1=0.829413;AC1=1;DP4=2,12,1,35;MQ=30;FQ=-999;PV4=0.185714,1,1,1",GT:PL,"1:141,1",N/A
chrXIV,7478,.,A,AT,217.469,.,"INDEL;IDV=195;IMF=0.859031;DP=227;VDB=1.59272e-09;SGB=-0.693147;MQSB=0.99867;MQ0F=0;AF1=1;AC1=1;DP4=0,1,43,183;MQ=20;FQ=-999;PV4=1,1,0.46032,0.230112",GT:PL,"1:255,255,0",N/A
chrXIV,14333,.,GC,GCC,70.4669,.,"INDEL;IDV=99;IMF=0.951923;DP=104;VDB=0.000614023;SGB=-0.693147;MQSB=0.87155;MQ0F=0;AF1=1;AC1=1;DP4=2,1,1,100;MQ=12;FQ=-999;PV4=0.00166938,1,1,1",GT:PL,"1:108,255,0",N/A
chrXIV,140381,.,CATA,CATAATAATA,123.468,.,"INDEL;IDV=7;IMF=1;DP=7;VDB=0.000181347;SGB=-0.636426;MQ0F=0;AF1=1;AC1=1;DP4=0,0,7,0;MQ=38;FQ=-999",GT:PL,"1:161,21,0",YNL268W(+)
chrXIV,312328,.,AACGACGACG,AACGACG,217.469,.,"INDEL;IDV=92;IMF=0.884615;DP=104;VDB=0.0722645;SGB=-0.693147;MQSB=0.936465;MQ0F=0;AF1=1;AC1=1;DP4=3,4,71,26;MQ=42;FQ=-999;PV4=0.10391,1,1,1",GT:PL,"1:255,121,0",YNL172W(+)
chrXIV,377887,.,G,T,225.007,.,"DP=119;VDB=0.971445;SGB=-0.693147;MQSB=1;MQ0F=0;AF1=1;AC1=1;DP4=0,0,44,71;MQ=42;FQ=-999",GT:PL,"1:255,0",YNL132W(+)
chrXIV,415071,.,C,"G,T",5.45858,.,"DP=68;VDB=0.0330611;SGB=-0.651104;RPB=1;MQB=1;MQSB=1;BQB=1;MQ0F=0;AF1=1;AC1=1;DP4=0,1,8,0;MQ=42;FQ=-999;PV4=0.111111,0.313142,0.374322,1",GT:PL,"1:35,1,30",N/A
chrXIV,439397,.,GTTTTTT,"GTTTTTTT,GTTTTTTTT",143.468,.,"INDEL;IDV=129;IMF=0.934783;DP=138;VDB=4.5833e-09;SGB=-0.693147;MQSB=0.991423;MQ0F=0;AF1=1;AC1=1;DP4=1,6,48,83;MQ=42;FQ=-999;PV4=0.421079,1,1,1",GT:PL,"1:181,255,0,184,255,178",N/A
chrXIV,471767,.,A,G,225.007,.,"DP=97;VDB=1.93459e-05;SGB=-0.693147;MQSB=0.976572;MQ0F=0;AF1=1;AC1=1;DP4=0,0,64,22;MQ=42;FQ=-999",GT:PL,"1:255,0",YNL083W(+)
chrXIV,520142,.,A,C,12.27,.,"DP=49;VDB=0.181799;SGB=-0.693147;RPB=0.222222;MQB=0.533333;MQSB=0.358743;BQB=0.522222;MQ0F=0;AF1=1;AC1=1;DP4=1,1,4,41;MQ=5;FQ=-999;PV4=0.203515,1,0.101061,1",GT:PL,"1:42,0","YNL054W-A(+),YNL054W-B(+)"
chrXV,90,.,CCCAC,CC,186.468,.,"INDEL;IDV=65;IMF=0.8125;DP=80;VDB=0.889357;SGB=-0.693147;MQSB=0.0606066;MQ0F=0.1;AF1=1;AC1=1;DP4=18,2,59,1;MQ=37;FQ=-999;PV4=0.152629,1,1,1",GT:PL,"1:224,34,0",N/A
chrXV,93,.,ACAC,"ACCAC,ACACCAC",93.4671,.,"INDEL;IDV=11;IMF=0.11828;DP=93;VDB=0.937336;SGB=-0.689466;MQSB=0.0488659;MQ0F=0.0860215;AF1=1;AC1=1;DP4=74,3,16,0;MQ=37;FQ=-999;PV4=1,1,1,4.67541e-09",GT:PL,"1:173,151,42,255,0,121",N/A
chrXV,50002,.,C,T,225.007,.,"DP=111;VDB=0.038103;SGB=-0.693147;MQSB=0.989048;MQ0F=0;AF1=1;AC1=1;DP4=0,0,72,33;MQ=42;FQ=-999",GT:PL,"1:255,0",YOL145C(-)
chrXV,50010,.,A,T,225.007,.,"DP=102;VDB=0.540504;SGB=-0.693147;MQSB=0.939151;MQ0F=0;AF1=1;AC1=1;DP4=0,0,63,32;MQ=42;FQ=-999",GT:PL,"1:255,0",YOL145C(-)
chrXV,50012,.,C,T,225.007,.,"DP=100;VDB=0.934662;SGB=-0.693147;MQSB=0.932103;MQ0F=0;AF1=1;AC1=1;DP4=0,0,66,32;MQ=42;FQ=-999",GT:PL,"1:255,0",YOL145C(-)
chrXV,60240,.,C,T,225.007,.,"DP=106;VDB=0.000555711;SGB=-0.693147;MQSB=0.078303;MQ0F=0;AF1=1;AC1=1;DP4=0,0,6,53;MQ=39;FQ=-999",GT:PL,"1:255,0",N/A
chrXV,79297,.,C,G,225.007,.,"DP=175;VDB=0.783554;SGB=-0.693147;MQSB=0.9882;MQ0F=0;AF1=1;AC1=1;DP4=0,0,92,72;MQ=42;FQ=-999",GT:PL,"1:255,0",YOL128C(-)
chrXV,79304,.,A,T,225.007,.,"DP=182;VDB=0.315341;SGB=-0.693147;MQSB=0.999593;MQ0F=0;AF1=1;AC1=1;DP4=0,0,90,55;MQ=42;FQ=-999",GT:PL,"1:255,0",YOL128C(-)
chrXV,79305,.,T,A,225.007,.,"DP=177;VDB=0.284272;SGB=-0.693147;MQSB=0.999593;MQ0F=0;AF1=1;AC1=1;DP4=0,0,90,55;MQ=42;FQ=-999",GT:PL,"1:255,0",YOL128C(-)
chrXV,580195,.,G,A,225.007,.,"DP=85;VDB=0.0774592;SGB=-0.693147;MQSB=0.994566;MQ0F=0;AF1=1;AC1=1;DP4=0,0,60,17;MQ=42;FQ=-999",GT:PL,"1:255,0",YOR135C(-)
chrXV,773264,.,G,C,225.007,.,"DP=101;VDB=0.122281;SGB=-0.693147;MQSB=0.883812;MQ0F=0;AF1=1;AC1=1;DP4=0,0,43,50;MQ=42;FQ=-999",GT:PL,"1:255,0","YOR231W(+),YOR231C-A(-)"
chrXV,951241,.,C,T,225.007,.,"DP=125;VDB=0.596179;SGB=-0.693147;MQSB=1;MQ0F=0;AF1=1;AC1=1;DP4=0,0,71,47;MQ=42;FQ=-999",GT:PL,"1:255,0",YOR336W(+)
chrXVI,144689,.,AGGAAACGTCGGAAACGTCGGAAACGTCGGAAACGTC,AGGAAACGTCGGAAACGTCGGAAACGTC,18.5276,.,"INDEL;IDV=37;IMF=0.321739;DP=115;VDB=2.88227e-21;SGB=-0.693147;MQSB=0.000111369;MQ0F=0;AF1=0.5;AC1=1;DP4=51,2,35,27;MQ=36;FQ=-999;PV4=3.24469e-07,1,1.16806e-24,1",GT:PL,"1:255,0,199",YPL216W(+)
chrXVI,191944,.,C,T,225.007,.,"DP=122;VDB=0.979581;SGB=-0.693147;MQSB=1;MQ0F=0;AF1=1;AC1=1;DP4=0,0,52,57;MQ=42;FQ=-999",GT:PL,"1:255,0",YPL188W(+)
chrXVI,667520,.,T,G,225.007,.,"DP=177;VDB=0.887809;SGB=-0.693147;MQSB=0.989116;MQ0F=0;AF1=1;AC1=1;DP4=0,0,88,74;MQ=42;FQ=-999",GT:PL,"1:255,0",N/A
chrXVI,677102,.,A,G,225.007,.,"DP=102;VDB=0.937351;SGB=-0.693147;MQSB=0.978675;MQ0F=0;AF1=1;AC1=1;DP4=0,0,39,51;MQ=42;FQ=-999",GT:PL,"1:255,0",N/A
chrXVI,759400,.,T,G,225.007,.,"DP=197;VDB=0.706467;SGB=-0.693147;MQSB=0.999729;MQ0F=0;AF1=1;AC1=1;DP4=0,0,84,102;MQ=42;FQ=-999",GT:PL,"1:255,0",YPR116W(+)
chrXVI,890346,.,T,A,225.007,.,"DP=131;VDB=0.978404;SGB=-0.693147;MQSB=0.977844;MQ0F=0;AF1=1;AC1=1;DP4=0,0,79,43;MQ=42;FQ=-999",GT:PL,"1:255,0",YPR175W(+)
chrmt,13802,.,T,A,225.007,.,"DP=238;VDB=0;SGB=-0.693147;MQSB=0.979628;MQ0F=0;AF1=1;AC1=1;DP4=0,0,207,5;MQ=42;FQ=-999",GT:PL,"1:255,0",N/A
chrmt,20345,.,GAAA,GAA,217.469,.,"INDEL;IDV=207;IMF=0.949541;DP=218;VDB=0.544823;SGB=-0.693147;MQSB=0.511743;MQ0F=0;AF1=1;AC1=1;DP4=9,17,100,92;MQ=40;FQ=-999;PV4=0.142414,1,1,1",GT:PL,"1:255,241,0",N/A
chrmt,20934,.,T,G,225.007,.,"DP=249;VDB=0.416026;SGB=-0.693147;RPB=0.12698;MQB=0.655577;MQSB=0.977823;BQB=0.995536;MQ0F=0;AF1=1;AC1=1;DP4=2,1,112,108;MQ=42;FQ=-999;PV4=1,0.178696,1,1",GT:PL,"1:255,0","Q0065(+),Q0070(+),Q0045(+)"
chrmt,27587,.,A,T,155.006,.,"DP=26;VDB=1.28661e-05;SGB=-0.689466;MQ0F=0;AF1=1;AC1=1;DP4=0,0,16,0;MQ=42;FQ=-999",GT:PL,"1:185,0",N/A
chrmt,33618,.,T,TTC,217.469,.,"INDEL;IDV=81;IMF=0.9;DP=90;VDB=0.210008;SGB=-0.693147;MQSB=0.00242578;MQ0F=0;AF1=1;AC1=1;DP4=1,11,18,60;MQ=40;FQ=-999;PV4=0.448252,1,1,1",GT:PL,"1:255,104,0",N/A
chrmt,33743,.,T,A,225.007,.,"DP=114;VDB=0.000172816;SGB=-0.693147;RPB=1;MQB=1;MQSB=0.837209;BQB=1;MQ0F=0;AF1=1;AC1=1;DP4=1,0,85,2;MQ=41;FQ=-999;PV4=1,1,0.391205,1",GT:PL,"1:255,0",N/A
chrmt,39517,.,G,T,225.007,.,"DP=239;VDB=0.999996;SGB=-0.693147;MQSB=0.855126;MQ0F=0;AF1=1;AC1=1;DP4=0,0,180,25;MQ=42;FQ=-999",GT:PL,"1:255,0",Q0115(+)
chrmt,43084,.,ATTTTTTTT,ATTTTTTTTT,86.4671,.,"INDEL;IDV=212;IMF=0.890756;DP=238;VDB=0.00645175;SGB=-0.693147;MQSB=0.524293;MQ0F=0;AF1=1;AC1=1;DP4=13,31,43,151;MQ=42;FQ=-999;PV4=0.326419,1,1,1",GT:PL,"1:124,0",N/A
chrmt,44795,.,ATTTTTTTT,ATTTTTTTTT,7.34966,.,"INDEL;IDV=16;IMF=0.842105;DP=19;VDB=0.787409;SGB=-0.688148;MQSB=0.810584;MQ0F=0;AF1=1;AC1=1;DP4=1,3,13,2;MQ=39;FQ=-999;PV4=0.0374097,1,1,1",GT:PL,"1:44,12,0",N/A
chrmt,82507,.,T,A,225.007,.,"DP=76;VDB=0.0168778;SGB=-0.693147;MQSB=0.212394;MQ0F=0;AF1=1;AC1=1;DP4=0,0,54,15;MQ=36;FQ=-999",GT:PL,"1:255,0",N/A
