#CHROM,POS,ID,REF,ALT,QUAL,FILTER,INFO,FORMAT,/home/rothlab/dtabet/MGY360/output/mgyH31/mgyH31_S134_R1_001_sorted.bam,CDS(Orientation)
chrI,17050,.,G,A,3.54149,.,"DP=16;VDB=0.538108;SGB=-0.680642;RPB=0.556584;MQB=0.0959671;MQSB=1;BQB=0.809825;MQ0F=0.0625;AF1=0.500001;AC1=1;DP4=2,1,12,0;MQ=27;FQ=-999;PV4=0.2,0.234027,0.024884,1",GT:PL,"1:85,54",N/A
chrI,17153,.,T,C,41.0052,.,"DP=9;VDB=0.988126;SGB=-0.651104;RPB=1;MQB=1;BQB=1;MQ0F=0;AF1=0.533586;AC1=1;DP4=1,0,8,0;MQ=28;FQ=-999;PV4=1,0.258245,0.105883,0.308278",GT:PL,"1:80,9",N/A
chrI,17413,.,G,C,5.45858,.,"DP=9;VDB=0.0190313;SGB=-0.616816;RPB=0.462292;MQB=0.924584;MQSB=0.571429;BQB=0.924584;MQ0F=0;AF1=0.5;AC1=1;DP4=2,1,0,6;MQ=33;FQ=-999;PV4=0.0833333,1,0.387319,1",GT:PL,"1:95,61",N/A
chrI,17471,.,T,C,67.0052,.,"DP=10;VDB=0.264615;SGB=-0.636426;RPB=1;MQB=1;BQB=1;MQ0F=0;AF1=0.593902;AC1=1;DP4=0,1,0,7;MQ=33;FQ=-999;PV4=1,1,0.220369,1",GT:PL,"1:102,5",N/A
chrI,17485,.,A,G,70.0052,.,"DP=6;VDB=0.205815;SGB=-0.616816;MQ0F=0;AF1=1;AC1=1;DP4=0,0,0,6;MQ=30;FQ=-999",GT:PL,"1:100,0",N/A
chrI,17516,.,A,G,19.0589,.,"DP=6;VDB=0.535497;SGB=-0.556411;RPB=1;MQB=1;BQB=1;MQ0F=0;AF1=0.501994;AC1=1;DP4=0,1,0,4;MQ=32;FQ=-999;PV4=1,1,0.109028,1",GT:PL,"1:70,21",N/A
chrI,17519,.,A,G,19.0589,.,"DP=5;VDB=0.535497;SGB=-0.556411;RPB=1;MQB=1;BQB=1;MQ0F=0;AF1=0.501994;AC1=1;DP4=0,1,0,4;MQ=32;FQ=-999;PV4=1,0.342519,0.109028,1",GT:PL,"1:70,21",N/A
chrI,19971,.,C,CCT,58.4667,.,"INDEL;IDV=14;IMF=0.777778;DP=18;VDB=0.827646;SGB=-0.691153;MQSB=0.869053;MQ0F=0;AF1=1;AC1=1;DP4=0,0,9,9;MQ=13;FQ=-999",GT:PL,"1:96,54,0",N/A
chrI,25340,.,C,A,55.0051,.,"DP=20;VDB=0.781662;SGB=-0.692067;MQSB=0.00407463;MQ0F=0.1;AF1=1;AC1=1;DP4=0,0,12,8;MQ=12;FQ=-999",GT:PL,"1:85,0",YAL063C(-)
chrI,25488,.,G,A,30.0091,.,"DP=51;VDB=0.078031;SGB=-0.693132;RPB=0.0357216;MQB=0.986852;MQSB=0.265957;BQB=0.607816;MQ0F=0.156863;AF1=0.50025;AC1=1;DP4=1,14,1,33;MQ=19;FQ=-999;PV4=0.522959,1,1,1",GT:PL,"1:90,30",YAL063C(-)
chrI,25497,.,G,A,90.0055,.,"DP=43;VDB=0.0436137;SGB=-0.693145;RPB=0.5;MQB=0.375;MQSB=0.15;BQB=0.875;MQ0F=0.186047;AF1=1;AC1=1;DP4=0,2,2,38;MQ=19;FQ=-999;PV4=1,0.357959,1,1",GT:PL,"1:120,0",YAL063C(-)
chrI,25506,.,C,T,20.0478,.,"DP=42;VDB=0.402879;SGB=-0.693079;RPB=0.0644659;MQB=0.110042;MQSB=0.198887;BQB=0.269469;MQ0F=0.214286;AF1=0.555408;AC1=1;DP4=0,6,3,26;MQ=18;FQ=-999;PV4=1,0.0309027,0.0107757,1",GT:PL,"1:57,7",YAL063C(-)
chrI,25509,.,G,A,93.0055,.,"DP=35;VDB=0.103155;SGB=-0.692717;RPB=1;MQB=1;MQSB=0.201704;BQB=1;MQ0F=0.171429;AF1=1;AC1=1;DP4=0,1,3,20;MQ=18;FQ=-999;PV4=1,1,1,1",GT:PL,"1:123,0",YAL063C(-)
chrI,25512,.,T,G,34.0065,.,"DP=34;VDB=0.361565;SGB=-0.692562;RPB=0.00752978;MQB=0.311207;MQSB=0.123168;BQB=0.997478;MQ0F=0.147059;AF1=0.624261;AC1=1;DP4=0,4,3,19;MQ=19;FQ=-999;PV4=1,0.248204,0.0594328,1",GT:PL,"1:68,4",YAL063C(-)
chrI,25515,.,A,G,41.0052,.,"DP=32;VDB=0.820843;SGB=-0.692914;RPB=0.00673795;MQB=0.467433;MQSB=0.0994906;BQB=0.379842;MQ0F=0.15625;AF1=1;AC1=1;DP4=0,4,3,22;MQ=20;FQ=-999;PV4=1,0.40458,0.0749772,1",GT:PL,"1:71,0",YAL063C(-)
chrI,25536,.,G,A,87.0054,.,"DP=48;VDB=0.847867;SGB=-0.69311;RPB=0.275768;MQB=0.00409969;MQSB=0.000197413;BQB=0.999382;MQ0F=0.125;AF1=1;AC1=1;DP4=15,0,2,29;MQ=16;FQ=-999;PV4=2.65761e-10,0.492619,1,1",GT:PL,"1:117,0",YAL063C(-)
chrI,25542,.,A,G,57.0051,.,"DP=48;VDB=0.301415;SGB=-0.693079;RPB=0.483176;MQB=0.000216814;MQSB=3.7829e-05;BQB=0.0218708;MQ0F=0.125;AF1=1;AC1=1;DP4=17,0,1,28;MQ=16;FQ=-999;PV4=1.02875e-11,0.00505195,1,1",GT:PL,"1:87,0",YAL063C(-)
chrI,25560,.,G,A,85.0054,.,"DP=57;VDB=0.00443893;SGB=-0.693136;RPB=0.998975;MQB=0.00221929;MQSB=8.14405e-05;BQB=0.798852;MQ0F=0.122807;AF1=1;AC1=1;DP4=19,0,3,32;MQ=15;FQ=-999;PV4=8.38552e-12,0.052118,1,1",GT:PL,"1:115,0",YAL063C(-)
chrI,25584,.,A,G,73.0053,.,"DP=68;VDB=0.0304703;SGB=-0.693143;RPB=0.160233;MQB=0.00410991;MQSB=6.79022e-05;BQB=0.852773;MQ0F=0.132353;AF1=1;AC1=1;DP4=27,1,4,34;MQ=13;FQ=-999;PV4=3.23931e-13,0.125063,1,1",GT:PL,"1:103,0",YAL063C(-)
chrI,25872,.,G,C,3.54149,.,"DP=40;VDB=0.0881064;SGB=-0.693143;RPB=1;MQB=1;MQSB=0.63569;BQB=1;MQ0F=0.25;AF1=1;AC1=1;DP4=0,1,11,27;MQ=3;FQ=-999;PV4=1,1,1,1",GT:PL,"1:31,0",YAL063C(-)
chrI,26412,.,G,C,7.79382,.,"DP=35;VDB=0.996888;SGB=-0.69312;RPB=0.515625;MQB=0.296875;MQSB=0.00102136;BQB=0.03125;MQ0F=0.0571429;AF1=1;AC1=1;DP4=1,1,14,18;MQ=6;FQ=-999;PV4=1,1,1,0.490401",GT:PL,"1:37,0",YAL063C(-)
chrI,26778,.,C,T,26.0156,.,"DP=72;VDB=0.136922;SGB=-0.693146;RPB=0.434568;MQB=0.719541;MQSB=0.546485;BQB=0.656184;MQ0F=0.166667;AF1=1;AC1=1;DP4=10,17,41,3;MQ=9;FQ=-999;PV4=5.15877e-07,1,1,1",GT:PL,"1:56,0",YAL063C(-)
chrI,26793,.,A,G,21.0389,.,"DP=90;VDB=0.000180789;SGB=-0.693097;RPB=0.0548861;MQB=0.783309;MQSB=0.980545;BQB=0.167691;MQ0F=0.188889;AF1=1;AC1=1;DP4=28,27,30,0;MQ=8;FQ=-999;PV4=3.87061e-07,1,1,1",GT:PL,"1:51,0",YAL063C(-)
chrI,26934,.,G,A,4.7673,.,"DP=50;VDB=0.658291;SGB=-0.676189;RPB=0.164142;MQB=0.000410339;MQSB=1.33396e-05;BQB=0.921356;MQ0F=0.04;AF1=1;AC1=1;DP4=2,35,10,1;MQ=10;FQ=-999;PV4=1.05686e-07,0.117175,1,1",GT:PL,"1:33,0",YAL063C(-)
chrI,26937,.,G,A,22.0319,.,"DP=58;VDB=0.279408;SGB=-0.692914;RPB=0.00116578;MQB=0.000235527;MQSB=9.23745e-09;BQB=0.196213;MQ0F=0.0517241;AF1=1;AC1=1;DP4=0,31,19,6;MQ=10;FQ=-999;PV4=4.17043e-10,0.00405549,1,0.0323236",GT:PL,"1:52,0",YAL063C(-)
chrI,26940,.,A,G,30.0091,.,"DP=60;VDB=0.161891;SGB=-0.693054;RPB=0.00118639;MQB=7.48518e-05;MQSB=2.82655e-09;BQB=0.761942;MQ0F=0.05;AF1=1;AC1=1;DP4=0,28,22,6;MQ=11;FQ=-999;PV4=3.51669e-10,1,1,0.0134404",GT:PL,"1:60,0",YAL063C(-)
chrI,26970,.,G,A,55.0051,.,"DP=90;VDB=1.49782e-10;SGB=-0.693147;RPB=2.82837e-05;MQB=1.34876e-05;MQSB=1.81632e-07;BQB=0.244374;MQ0F=0.166667;AF1=1;AC1=1;DP4=1,27,57,4;MQ=14;FQ=-999;PV4=1.71505e-17,1,1,1",GT:PL,"1:85,0",YAL063C(-)
chrI,26973,.,A,G,56.0051,.,"DP=89;VDB=2.13957e-10;SGB=-0.693147;RPB=0.00066002;MQB=0.000103285;MQSB=4.41705e-07;BQB=0.672628;MQ0F=0.168539;AF1=1;AC1=1;DP4=0,24,58,4;MQ=15;FQ=-999;PV4=1.65015e-17,0.0441964,1,1",GT:PL,"1:86,0",YAL063C(-)
chrI,26974,.,A,G,58.0051,.,"DP=88;VDB=1.70764e-10;SGB=-0.693147;RPB=0.0144866;MQB=2.2465e-05;MQSB=1.50388e-06;BQB=0.984641;MQ0F=0.181818;AF1=1;AC1=1;DP4=2,23,57,4;MQ=15;FQ=-999;PV4=9.81454e-15,1,1,1",GT:PL,"1:88,0",YAL063C(-)
chrI,26981,.,T,C,55.0051,.,"DP=96;VDB=1.63598e-07;SGB=-0.693147;RPB=0.0419205;MQB=5.96019e-05;MQSB=3.04958e-07;BQB=0.0831748;MQ0F=0.177083;AF1=1;AC1=1;DP4=0,26,66,4;MQ=14;FQ=-999;PV4=1.33501e-19,1,1,1",GT:PL,"1:85,0",YAL063C(-)
chrI,26982,.,G,A,56.0051,.,"DP=96;VDB=1.91087e-07;SGB=-0.693147;RPB=0.0414871;MQB=5.96019e-05;MQSB=3.04958e-07;BQB=0.999694;MQ0F=0.177083;AF1=1;AC1=1;DP4=0,26,66,4;MQ=14;FQ=-999;PV4=1.33501e-19,0.401719,1,1",GT:PL,"1:86,0",YAL063C(-)
chrI,26983,.,T,G,55.0051,.,"DP=107;VDB=3.03563e-07;SGB=-0.693147;RPB=0.0826697;MQB=0.000385719;MQSB=4.12006e-07;BQB=0.898246;MQ0F=0.158879;AF1=1;AC1=1;DP4=1,25,65,4;MQ=14;FQ=-999;PV4=1.0497e-17,1,1,1",GT:PL,"1:85,0",YAL063C(-)
chrI,27027,.,A,T,125.006,.,"DP=171;VDB=3.39121e-10;SGB=-0.693147;RPB=0.00460281;MQB=1.55798e-05;MQSB=4.13745e-08;BQB=0.00328849;MQ0F=0.222222;AF1=1;AC1=1;DP4=1,28,120,6;MQ=18;FQ=-999;PV4=7.13914e-24,1,1,1",GT:PL,"1:155,0",YAL063C(-)
chrI,27035,.,T,C,118.006,.,"DP=160;VDB=6.79539e-35;SGB=-0.693147;RPB=6.54335e-05;MQB=5.1145e-05;MQSB=5.65804e-09;BQB=0.443178;MQ0F=0.21875;AF1=1;AC1=1;DP4=2,35,96,9;MQ=17;FQ=-999;PV4=1.87031e-22,1,1,1",GT:PL,"1:148,0",YAL063C(-)
chrI,27036,.,G,A,115.006,.,"DP=160;VDB=1.01813e-34;SGB=-0.693147;RPB=6.02954e-05;MQB=5.1145e-05;MQSB=5.65804e-09;BQB=0.642192;MQ0F=0.21875;AF1=1;AC1=1;DP4=2,35,96,9;MQ=17;FQ=-999;PV4=1.87031e-22,1,1,1",GT:PL,"1:145,0",YAL063C(-)
chrI,27044,.,C,T,117.006,.,"DP=156;VDB=9.971e-33;SGB=-0.693147;RPB=6.84129e-07;MQB=4.88573e-05;MQSB=3.83551e-09;BQB=0.00416125;MQ0F=0.224359;AF1=1;AC1=1;DP4=1,37,97,9;MQ=17;FQ=-999;PV4=1.16907e-24,1,1,1",GT:PL,"1:147,0",YAL063C(-)
chrI,27060,.,A,"T,C",23.0263,.,"DP=137;VDB=1.30456e-26;SGB=-0.693147;RPB=7.75571e-06;MQB=0.108371;MQSB=8.61134e-14;BQB=0.296626;MQ0F=0.218978;AF1=1;AC1=1;DP4=11,41,50,17;MQ=16;FQ=-999;PV4=5.56292e-09,0.0275669,1,0.0380797",GT:PL,"1:56,3,48",YAL063C(-)
chrI,27099,.,T,C,60.0051,.,"DP=77;VDB=1.85463e-08;SGB=-0.693147;RPB=5.35443e-11;MQB=0.901762;MQSB=8.95816e-07;BQB=0.0200675;MQ0F=0.402597;AF1=1;AC1=1;DP4=2,25,17,30;MQ=12;FQ=-999;PV4=0.00626558,0.00408764,1,0.0788718",GT:PL,"1:90,0",YAL063C(-)
chrI,27105,.,A,G,66.0052,.,"DP=81;VDB=9.38475e-11;SGB=-0.693147;RPB=3.53568e-10;MQB=0.95768;MQSB=6.57748e-07;BQB=0.0379469;MQ0F=0.395062;AF1=1;AC1=1;DP4=0,21,18,40;MQ=12;FQ=-999;PV4=0.00206656,0.0214472,1,1",GT:PL,"1:96,0",YAL063C(-)
chrI,27126,.,T,C,105.006,.,"DP=89;VDB=1.81014e-07;SGB=-0.693147;RPB=8.78839e-07;MQB=0.418306;MQSB=2.00242e-05;BQB=0.262903;MQ0F=0.370787;AF1=1;AC1=1;DP4=1,10,16,53;MQ=13;FQ=-999;PV4=0.441444,1,1,1",GT:PL,"1:135,0",YAL063C(-)
chrI,27129,.,C,G,125.006,.,"DP=87;VDB=0.000279834;SGB=-0.693147;RPB=0.000261259;MQB=0.684664;MQSB=1.06717e-05;BQB=0.200181;MQ0F=0.390805;AF1=1;AC1=1;DP4=0,6,16,61;MQ=14;FQ=-999;PV4=0.590612,1,1,1",GT:PL,"1:155,0",YAL063C(-)
chrI,41475,.,G,T,225.007,.,"DP=31;VDB=0.0132792;SGB=-0.693054;MQSB=1;MQ0F=0;AF1=1;AC1=1;DP4=0,0,4,24;MQ=42;FQ=-999",GT:PL,"1:255,0",YAL056W(+)
chrI,141030,.,T,A,76.0053,.,"DP=13;VDB=0.259689;SGB=-0.683931;MQSB=0.040184;MQ0F=0;AF1=1;AC1=1;DP4=0,0,10,3;MQ=22;FQ=-999",GT:PL,"1:106,0","YAL005C(-),YAL004W(+)"
chrI,141135,.,A,T,118.006,.,"DP=11;VDB=0.553359;SGB=-0.670168;MQSB=0.0916482;MQ0F=0;AF1=1;AC1=1;DP4=0,0,7,3;MQ=29;FQ=-999",GT:PL,"1:148,0","YAL005C(-),YAL004W(+)"
chrI,142760,.,A,C,6.97679,.,"DP=1;SGB=-0.379885;MQ0F=0;AF1=1;AC1=1;DP4=0,0,0,1;MQ=42;FQ=-999",GT:PL,"1:36,0",YAL003W(+)
chrI,183387,.,ACC,AC,197.468,.,"INDEL;IDV=16;IMF=1;DP=16;VDB=0.0112131;SGB=-0.689466;MQSB=0.974658;MQ0F=0;AF1=1;AC1=1;DP4=0,0,11,5;MQ=32;FQ=-999",GT:PL,"1:235,48,0",N/A
chrI,199811,.,T,G,143.006,.,"DP=7;VDB=0.632198;SGB=-0.636426;MQSB=1;MQ0F=0;AF1=1;AC1=1;DP4=0,0,6,1;MQ=42;FQ=-999",GT:PL,"1:173,0",N/A
chrI,204677,.,T,A,8.64278,.,"DP=58;VDB=0.246151;SGB=-0.693144;RPB=0.00112626;MQB=0.0170932;MQSB=0.646042;BQB=0.588245;MQ0F=0.137931;AF1=1;AC1=1;DP4=4,5,3,36;MQ=6;FQ=-999;PV4=0.0169524,0.063603,1,1",GT:PL,"1:38,0",YAR050W(+)
chrI,204959,.,C,G,10.418,.,"DP=22;VDB=0.289982;SGB=-0.692562;MQSB=1;MQ0F=0;AF1=1;AC1=1;DP4=0,0,7,15;MQ=1;FQ=-999",GT:PL,"1:40,0",YAR050W(+)
chrI,205499,.,C,G,8.64278,.,"DP=24;VDB=0.00351844;SGB=-0.692562;MQ0F=0.125;AF1=1;AC1=1;DP4=0,0,22,0;MQ=9;FQ=-999",GT:PL,"1:38,0",YAR050W(+)
chrI,205519,.,C,A,35.0062,.,"DP=48;VDB=0.00051815;SGB=-0.693147;MQ0F=0.0833333;AF1=1;AC1=1;DP4=0,0,46,0;MQ=14;FQ=-999",GT:PL,"1:65,0",YAR050W(+)
chrI,206126,.,T,C,41.0052,.,"DP=11;VDB=1.16598e-05;SGB=-0.676189;MQSB=0.241161;MQ0F=0;AF1=1;AC1=1;DP4=0,0,4,7;MQ=11;FQ=-999",GT:PL,"1:71,0",YAR050W(+)
chrI,206129,.,A,C,12.27,.,"DP=8;VDB=0.000105688;SGB=-0.651104;MQSB=0.166667;MQ0F=0;AF1=1;AC1=1;DP4=0,0,2,6;MQ=9;FQ=-999",GT:PL,"1:42,0",YAR050W(+)
chrI,206132,.,G,T,12.27,.,"DP=9;VDB=0.000105688;SGB=-0.651104;MQSB=0.166667;MQ0F=0;AF1=1;AC1=1;DP4=0,0,2,6;MQ=9;FQ=-999",GT:PL,"1:42,0",YAR050W(+)
chrI,206144,.,C,T,4.7673,.,"DP=3;VDB=0.0481132;SGB=-0.511536;MQSB=1;MQ0F=0;AF1=1;AC1=1;DP4=0,0,2,1;MQ=12;FQ=-999",GT:PL,"1:33,0",YAR050W(+)
chrI,206177,.,G,C,62.0051,.,"DP=28;VDB=2.14901e-06;SGB=-0.693054;MQSB=0.0508279;MQ0F=0.0714286;AF1=1;AC1=1;DP4=0,0,20,8;MQ=11;FQ=-999",GT:PL,"1:92,0",YAR050W(+)
chrI,206178,.,C,A,62.0051,.,"DP=28;VDB=3.86355e-06;SGB=-0.693054;MQSB=0.0508279;MQ0F=0.0714286;AF1=1;AC1=1;DP4=0,0,20,8;MQ=11;FQ=-999",GT:PL,"1:92,0",YAR050W(+)
chrI,206179,.,A,C,62.0051,.,"DP=34;VDB=2.3445e-06;SGB=-0.693054;MQSB=0.0508279;MQ0F=0.0588235;AF1=1;AC1=1;DP4=0,0,20,8;MQ=11;FQ=-999",GT:PL,"1:92,0",YAR050W(+)
chrI,210818,.,A,T,33.0069,.,"DP=9;VDB=0.204212;SGB=-0.662043;MQSB=1;MQ0F=0;AF1=1;AC1=1;DP4=0,0,1,8;MQ=12;FQ=-999",GT:PL,"1:63,0",N/A
chrI,211019,.,T,C,74.0053,.,"DP=13;VDB=0.486862;SGB=-0.683931;MQSB=0.0762218;MQ0F=0;AF1=1;AC1=1;DP4=0,0,5,8;MQ=14;FQ=-999",GT:PL,"1:104,0",N/A
chrII,6440,.,G,C,127.006,.,"DP=35;VDB=0.64345;SGB=-0.693097;MQSB=0.00619713;MQ0F=0;AF1=1;AC1=1;DP4=0,0,6,24;MQ=17;FQ=-999",GT:PL,"1:157,0",N/A
chrII,7510,.,G,A,6.97679,.,"DP=4;VDB=0.991347;SGB=-0.556411;MQ0F=0;AF1=1;AC1=1;DP4=0,0,0,4;MQ=22;FQ=-999",GT:PL,"1:36,0",N/A
chrII,7511,.,G,A,15.1396,.,"DP=4;VDB=0.991347;SGB=-0.556411;MQ0F=0;AF1=1;AC1=1;DP4=0,0,0,4;MQ=22;FQ=-999",GT:PL,"1:45,0",N/A
chrII,15101,.,T,G,148.006,.,"DP=6;VDB=0.80389;SGB=-0.616816;MQSB=1;MQ0F=0;AF1=1;AC1=1;DP4=0,0,2,4;MQ=42;FQ=-999",GT:PL,"1:178,0",YBL105C(-)
chrII,15510,.,G,T,130.006,.,"DP=6;VDB=0.789228;SGB=-0.616816;MQSB=1;MQ0F=0;AF1=1;AC1=1;DP4=0,0,5,1;MQ=42;FQ=-999",GT:PL,"1:160,0",YBL105C(-)
chrII,15518,.,A,G,119.006,.,"DP=7;VDB=0.62127;SGB=-0.636426;MQ0F=0;AF1=1;AC1=1;DP4=0,0,7,0;MQ=42;FQ=-999",GT:PL,"1:149,0",YBL105C(-)
chrII,16380,.,C,T,218.007,.,"DP=13;VDB=0.33395;SGB=-0.683931;MQSB=0.795669;MQ0F=0;AF1=1;AC1=1;DP4=0,0,3,10;MQ=40;FQ=-999",GT:PL,"1:248,0",YBL105C(-)
chrII,16392,.,A,G,222.007,.,"DP=16;VDB=0.648217;SGB=-0.689466;MQSB=0.760518;MQ0F=0;AF1=1;AC1=1;DP4=0,0,3,13;MQ=40;FQ=-999",GT:PL,"1:252,0",YBL105C(-)
chrII,30012,.,C,T,45.0051,.,"DP=20;VDB=0.000549795;SGB=-0.692067;MQSB=0.307934;MQ0F=0;AF1=1;AC1=1;DP4=0,0,17,3;MQ=13;FQ=-999",GT:PL,"1:75,0","YBL100W-A(+),YBL100W-B(+)"
chrII,30050,.,A,G,47.005,.,"DP=15;VDB=0.431004;SGB=-0.680642;RPB=1;MQB=1;MQSB=0.187475;BQB=1;MQ0F=0;AF1=1;AC1=1;DP4=1,0,4,8;MQ=14;FQ=-999;PV4=0.384615,0.320805,1,0.223382",GT:PL,"1:77,0","YBL100W-A(+),YBL100W-B(+)"
chrII,35485,.,C,T,4.12714,.,"DP=5;VDB=0.0846253;SGB=-0.556411;MQSB=0;MQ0F=0;AF1=1;AC1=1;DP4=0,0,2,2;MQ=12;FQ=-999",GT:PL,"1:32,0",N/A
chrII,59755,.,T,C,148.006,.,"DP=6;VDB=0.407747;SGB=-0.616816;MQSB=1;MQ0F=0;AF1=1;AC1=1;DP4=0,0,2,4;MQ=42;FQ=-999",GT:PL,"1:178,0",N/A
chrII,88484,.,GGAGAAGAGAAGA,GGAGAAGA,188.468,.,"INDEL;IDV=15;IMF=0.789474;DP=19;VDB=0.428934;SGB=-0.690438;MQSB=0.110251;MQ0F=0;AF1=0.667194;AC1=1;DP4=0,2,15,2;MQ=40;FQ=-999;PV4=0.0350877,1,0.181783,1",GT:PL,"1:229,0,3",N/A
chrII,137649,.,T,A,12.27,.,"DP=9;VDB=0.00189453;SGB=-0.616816;RPB=1;MQB=1;MQSB=1;BQB=1;MQ0F=0;AF1=0.667187;AC1=1;DP4=1,0,0,6;MQ=39;FQ=-999;PV4=0.142857,0.00198846,1,0.0969275",GT:PL,"1:45,3",N/A
chrII,219589,.,G,T,150.006,.,"DP=7;VDB=0.612255;SGB=-0.616816;MQSB=0.861511;MQ0F=0;AF1=1;AC1=1;DP4=0,0,3,3;MQ=42;FQ=-999",GT:PL,"1:180,0",YBL005W(+)
chrII,265382,.,G,T,88.0055,.,"DP=5;VDB=0.366085;SGB=-0.590765;MQ0F=0;AF1=1;AC1=1;DP4=0,0,5,0;MQ=42;FQ=-999",GT:PL,"1:118,0",N/A
chrII,383176,.,CGG,CGGG,158.468,.,"INDEL;IDV=9;IMF=1;DP=9;VDB=0.801013;SGB=-0.651104;MQSB=0.857143;MQ0F=0;AF1=1;AC1=1;DP4=0,1,2,6;MQ=40;FQ=-999;PV4=1,1,1,0.204293",GT:PL,"1:196,12,0",YBR073W(+)
chrII,389421,.,GCTCTCT,GCTCT,217.469,.,"INDEL;IDV=12;IMF=0.923077;DP=13;VDB=0.35295;SGB=-0.683931;MQSB=1;MQ0F=0;AF1=1;AC1=1;DP4=0,0,3,10;MQ=40;FQ=-999",GT:PL,"1:255,39,0",N/A
chrII,746362,.,CATCTGCAATCTGCAATCT,CATCTGCAATCT,73.4669,.,"INDEL;IDV=4;IMF=0.8;DP=5;VDB=0.810473;SGB=-0.556411;MQSB=0.666667;MQ0F=0;AF1=0.501994;AC1=1;DP4=1,0,2,2;MQ=40;FQ=-999;PV4=1,1,0,1",GT:PL,"1:132,0,21",YBR272C(-)
chrIII,84421,.,G,A,60.0051,.,"DP=3;VDB=0.82085;SGB=-0.511536;MQ0F=0;AF1=1;AC1=1;DP4=0,0,3,0;MQ=42;FQ=-999",GT:PL,"1:90,0",N/A
chrIII,84780,.,A,T,96.0056,.,"DP=6;VDB=0.0435222;SGB=-0.616816;MQ0F=0;AF1=1;AC1=1;DP4=0,0,0,6;MQ=39;FQ=-999",GT:PL,"1:126,0",N/A
chrIII,143131,.,T,C,110.006,.,"DP=6;VDB=0.661214;SGB=-0.590765;MQSB=1;MQ0F=0;AF1=1;AC1=1;DP4=0,0,3,2;MQ=42;FQ=-999",GT:PL,"1:140,0",N/A
chrIII,148615,.,C,T,6.97679,.,"DP=2;VDB=0.32;SGB=-0.453602;MQ0F=0;AF1=1;AC1=1;DP4=0,0,0,2;MQ=34;FQ=-999",GT:PL,"1:36,0",YCR018C(-)
chrIII,151628,.,A,T,104.006,.,"DP=8;VDB=0.0760875;SGB=-0.651104;MQ0F=0;AF1=1;AC1=1;DP4=0,0,8,0;MQ=36;FQ=-999",GT:PL,"1:134,0",YCR018C-A(-)
chrIII,151645,.,G,A,72.0053,.,"DP=8;VDB=0.0490877;SGB=-0.636426;MQ0F=0;AF1=1;AC1=1;DP4=0,0,7,0;MQ=35;FQ=-999",GT:PL,"1:102,0",YCR018C-A(-)
chrIII,151646,.,T,C,104.006,.,"DP=7;VDB=0.0462238;SGB=-0.636426;MQ0F=0;AF1=1;AC1=1;DP4=0,0,7,0;MQ=35;FQ=-999",GT:PL,"1:134,0",YCR018C-A(-)
chrIII,162361,.,T,C,148.006,.,"DP=8;VDB=0.020653;SGB=-0.651104;MQSB=1;MQ0F=0;AF1=1;AC1=1;DP4=0,0,1,7;MQ=42;FQ=-999",GT:PL,"1:178,0",N/A
chrIII,162396,.,G,C,217.007,.,"DP=12;VDB=0.999227;SGB=-0.676189;MQSB=0.950952;MQ0F=0;AF1=1;AC1=1;DP4=0,0,5,6;MQ=42;FQ=-999",GT:PL,"1:247,0",N/A
chrIII,162640,.,T,G,197.007,.,"DP=10;VDB=0.00125693;SGB=-0.662043;MQSB=0.924584;MQ0F=0;AF1=1;AC1=1;DP4=0,0,6,3;MQ=42;FQ=-999",GT:PL,"1:227,0",YCR024C-B(-)
chrIII,162694,.,G,A,6.97679,.,"DP=1;SGB=-0.379885;MQ0F=0;AF1=1;AC1=1;DP4=0,0,1,0;MQ=42;FQ=-999",GT:PL,"1:36,0",YCR024C-B(-)
chrIII,163059,.,T,C,214.007,.,"DP=11;VDB=0.00575698;SGB=-0.676189;MQSB=0.964642;MQ0F=0;AF1=1;AC1=1;DP4=0,0,7,4;MQ=42;FQ=-999",GT:PL,"1:244,0",YCR024C-A(-)
chrIII,199081,.,G,A,64.0052,.,"DP=29;VDB=0.293593;SGB=-0.692067;RPB=0.122151;MQB=0.0223149;MQSB=0.538329;BQB=0.569783;MQ0F=0;AF1=1;AC1=1;DP4=5,4,10,10;MQ=15;FQ=-999;PV4=1,0.0896488,1,1",GT:PL,"1:94,0",YCR038C(-)
chrIV,347455,.,G,A,6.97679,.,"DP=1;SGB=-0.379885;MQ0F=0;AF1=1;AC1=1;DP4=0,0,1,0;MQ=42;FQ=-999",GT:PL,"1:36,0",YDL058W(+)
chrIV,403511,.,GTTTTTTTTT,"GTTTTTTTTTT,GTTTTTTTTTTT",17.5433,.,"INDEL;IDV=12;IMF=0.923077;DP=13;VDB=0.0538396;SGB=-0.680642;MQSB=0.785785;MQ0F=0;AF1=1;AC1=1;DP4=1,0,8,4;MQ=41;FQ=-999;PV4=1,1,0.393327,1",GT:PL,"1:55,24,0,47,14,46",N/A
chrIV,736999,.,T,A,184.007,.,"DP=12;VDB=0.462963;SGB=-0.680642;MQSB=1;MQ0F=0;AF1=1;AC1=1;DP4=0,0,1,11;MQ=42;FQ=-999",GT:PL,"1:214,0",YDR141C(-)
chrIV,757631,.,G,"C,T",64.0052,.,"DP=51;VDB=4.6406e-05;SGB=-0.693147;MQSB=0.768649;MQ0F=0;AF1=1;AC1=1;DP4=0,0,26,25;MQ=15;FQ=-999",GT:PL,"1:114,20,70",YDR150W(+)
chrIV,758310,.,T,C,46.005,.,"DP=21;VDB=0.279824;SGB=-0.692067;MQSB=0.416862;MQ0F=0;AF1=1;AC1=1;DP4=0,0,4,16;MQ=10;FQ=-999",GT:PL,"1:76,0",YDR150W(+)
chrIV,769328,.,G,A,225.007,.,"DP=36;VDB=0.674209;SGB=-0.693139;MQSB=0.944824;MQ0F=0;AF1=1;AC1=1;DP4=0,0,15,21;MQ=42;FQ=-999",GT:PL,"1:255,0",N/A
chrIV,783598,.,G,A,221.007,.,"DP=15;VDB=0.288932;SGB=-0.688148;MQSB=1;MQ0F=0;AF1=1;AC1=1;DP4=0,0,2,13;MQ=42;FQ=-999",GT:PL,"1:251,0",YDR164C(-)
chrIV,864219,.,A,G,225.007,.,"DP=16;VDB=0.0690071;SGB=-0.688148;MQSB=1;MQ0F=0;AF1=1;AC1=1;DP4=0,0,9,6;MQ=42;FQ=-999",GT:PL,"1:255,0",YDR206W(+)
chrIV,987244,.,G,A,167.006,.,"DP=12;VDB=0.0448614;SGB=-0.676189;MQSB=1;MQ0F=0;AF1=1;AC1=1;DP4=0,0,10,1;MQ=40;FQ=-999",GT:PL,"1:197,0",N/A
chrIV,1040049,.,A,G,4.12714,.,"DP=1;SGB=-0.379885;MQ0F=0;AF1=1;AC1=1;DP4=0,0,0,1;MQ=42;FQ=-999",GT:PL,"1:32,0",YDR291W(+)
chrIV,1150910,.,AGG,AGGG,217.469,.,"INDEL;IDV=15;IMF=1;DP=15;VDB=0.778368;SGB=-0.688148;MQSB=1;MQ0F=0;AF1=1;AC1=1;DP4=0,0,8,7;MQ=42;FQ=-999",GT:PL,"1:255,45,0",YDR340W(+)
chrIV,1185130,.,C,A,225.007,.,"DP=26;VDB=0.736257;SGB=-0.692914;MQSB=0.884621;MQ0F=0;AF1=1;AC1=1;DP4=0,0,17,8;MQ=41;FQ=-999",GT:PL,"1:255,0",YDR354W(+)
chrIV,1253397,.,T,C,225.007,.,"DP=11;VDB=0.431135;SGB=-0.676189;MQSB=0.950952;MQ0F=0;AF1=1;AC1=1;DP4=0,0,5,6;MQ=42;FQ=-999",GT:PL,"1:255,0",YDR389W(+)
chrIV,1305680,.,TGG,TG,80.467,.,"INDEL;IDV=4;IMF=1;DP=4;VDB=0.202231;SGB=-0.556411;MQSB=1;MQ0F=0;AF1=1;AC1=1;DP4=0,0,3,1;MQ=42;FQ=-999",GT:PL,"1:118,12,0",N/A
chrIV,1402305,.,C,T,225.007,.,"DP=19;VDB=0.45747;SGB=-0.69168;MQSB=0.902014;MQ0F=0;AF1=1;AC1=1;DP4=0,0,8,11;MQ=41;FQ=-999",GT:PL,"1:255,0",YDR471W(+)
chrIV,1433710,.,A,T,225.007,.,"DP=20;VDB=0.36692;SGB=-0.691153;MQSB=1;MQ0F=0;AF1=1;AC1=1;DP4=0,0,11,7;MQ=42;FQ=-999",GT:PL,"1:255,0",YDR490C(-)
chrIV,1524974,.,A,G,187.007,.,"DP=25;VDB=0.131345;SGB=-0.692831;MQSB=0.486544;MQ0F=0.04;AF1=1;AC1=1;DP4=0,0,10,14;MQ=24;FQ=-999",GT:PL,"1:217,0",N/A
chrIV,1525313,.,T,G,80.0054,.,"DP=16;VDB=0.00105768;SGB=-0.689466;MQ0F=0.0625;AF1=1;AC1=1;DP4=0,0,0,16;MQ=20;FQ=-999",GT:PL,"1:110,0",YDR544C(-)
chrIV,1525335,.,C,G,72.0053,.,"DP=14;VDB=0.00123692;SGB=-0.686358;MQ0F=0.0714286;AF1=1;AC1=1;DP4=0,0,0,14;MQ=20;FQ=-999",GT:PL,"1:102,0",YDR544C(-)
chrIV,1525340,.,C,A,51.005,.,"DP=14;VDB=0.00138635;SGB=-0.686358;MQ0F=0.0714286;AF1=1;AC1=1;DP4=0,0,0,14;MQ=20;FQ=-999",GT:PL,"1:81,0",YDR544C(-)
chrIV,1525345,.,C,G,35.0062,.,"DP=7;VDB=0.00291033;SGB=-0.636426;MQ0F=0.142857;AF1=1;AC1=1;DP4=0,0,0,7;MQ=17;FQ=-999",GT:PL,"1:65,0",YDR544C(-)
chrV,5461,.,T,G,38.0055,.,"DP=32;VDB=0.29674;SGB=-0.692562;RPB=0.918086;MQB=0.933869;MQSB=1;BQB=0.841487;MQ0F=0.0625;AF1=0.5;AC1=1;DP4=1,8,0,22;MQ=31;FQ=-999;PV4=0.290323,0.200747,1,1",GT:PL,"1:132,64","YEL075W-A(+),YEL075C(-)"
chrV,5494,.,C,T,50.005,.,"DP=37;VDB=3.59393e-05;SGB=-0.692067;RPB=0.0392467;MQB=0.0392467;MQSB=0.0359725;BQB=0.950089;MQ0F=0.0540541;AF1=0.5;AC1=1;DP4=7,10,0,20;MQ=29;FQ=-999;PV4=0.00188899,0.306296,1,1",GT:PL,"1:143,63",YEL075C(-)
chrV,48384,.,T,C,94.0055,.,"DP=6;VDB=0.489846;SGB=-0.590765;MQ0F=0;AF1=1;AC1=1;DP4=0,0,5,0;MQ=42;FQ=-999",GT:PL,"1:124,0",N/A
chrV,117045,.,A,AAGCT,43.4667,.,"INDEL;IDV=5;IMF=0.833333;DP=6;VDB=0.00120872;SGB=-0.511536;MQ0F=0;AF1=1;AC1=1;DP4=3,0,3,0;MQ=33;FQ=-999;PV4=1,1,1,0.00156279",GT:PL,"1:81,2,0",N/A
chrV,154531,.,T,A,225.007,.,"DP=13;VDB=0.0267921;SGB=-0.683931;MQSB=0.899815;MQ0F=0;AF1=1;AC1=1;DP4=0,0,7,6;MQ=42;FQ=-999",GT:PL,"1:255,0",YER001W(+)
chrV,352394,.,A,G,174.007,.,"DP=9;VDB=0.410322;SGB=-0.651104;MQSB=0.900802;MQ0F=0;AF1=1;AC1=1;DP4=0,0,3,5;MQ=42;FQ=-999",GT:PL,"1:204,0",YER096W(+)
chrV,517529,.,T,C,225.007,.,"DP=23;VDB=0.0954375;SGB=-0.692562;MQSB=1;MQ0F=0;AF1=1;AC1=1;DP4=0,0,6,16;MQ=42;FQ=-999",GT:PL,"1:255,0",N/A
chrVI,1732,.,T,C,3.54149,.,"DP=87;VDB=0.249822;SGB=-0.693147;RPB=0.933402;MQB=4.20324e-05;MQSB=0.000237452;BQB=0.934873;MQ0F=0;AF1=0.5;AC1=1;DP4=10,29,0,48;MQ=36;FQ=-999;PV4=0.000158907,0.106463,1,1",GT:PL,"1:160,129",YFL066C(-)
chrVI,97864,.,CTTTTTTTTTT,"CTTTTTTTTTTTT,CTTTTTTTTTTTTTT",24.4818,.,"INDEL;IDV=14;IMF=0.875;DP=16;VDB=0.000629224;SGB=-0.683931;MQ0F=0;AF1=1;AC1=1;DP4=3,0,13,0;MQ=41;FQ=-999;PV4=1,1,1,0.21188",GT:PL,"1:62,0,0,40,0,52",N/A
chrVI,205386,.,A,G,6.97679,.,"DP=1;SGB=-0.379885;MQ0F=0;AF1=1;AC1=1;DP4=0,0,1,0;MQ=42;FQ=-999",GT:PL,"1:36,0",N/A
chrVII,214,.,ACC,ACCC,175.468,.,"INDEL;IDV=23;IMF=0.821429;DP=28;VDB=0.62217;SGB=-0.693021;MQSB=0.00454653;MQ0F=0;AF1=1;AC1=1;DP4=0,1,18,9;MQ=23;FQ=-999;PV4=0.357143,1,0.1482,1",GT:PL,"1:213,52,0",N/A
chrVII,386978,.,C,G,225.007,.,"DP=28;VDB=0.502656;SGB=-0.693021;MQSB=0.00527903;MQ0F=0;AF1=1;AC1=1;DP4=0,0,17,10;MQ=33;FQ=-999",GT:PL,"1:255,0",YGL062W(+)
chrVII,386979,.,G,C,225.007,.,"DP=28;VDB=0.4852;SGB=-0.693021;MQSB=0.00527903;MQ0F=0;AF1=1;AC1=1;DP4=0,0,17,10;MQ=33;FQ=-999",GT:PL,"1:255,0",YGL062W(+)
chrVII,401674,.,C,A,116.006,.,"DP=7;VDB=0.0280683;SGB=-0.616816;MQSB=0.28717;MQ0F=0.142857;AF1=1;AC1=1;DP4=0,0,3,3;MQ=36;FQ=-999",GT:PL,"1:146,0",N/A
chrVII,401698,.,T,A,180.007,.,"DP=9;VDB=0.186673;SGB=-0.662043;MQSB=0.487298;MQ0F=0.111111;AF1=1;AC1=1;DP4=0,0,4,5;MQ=38;FQ=-999",GT:PL,"1:210,0",N/A
chrVII,404935,.,C,G,119.006,.,"DP=7;VDB=0.587934;SGB=-0.636426;MQ0F=0;AF1=1;AC1=1;DP4=0,0,7,0;MQ=42;FQ=-999",GT:PL,"1:149,0",N/A
chrVII,404936,.,G,C,119.006,.,"DP=7;VDB=0.62127;SGB=-0.636426;MQ0F=0;AF1=1;AC1=1;DP4=0,0,7,0;MQ=42;FQ=-999",GT:PL,"1:149,0",N/A
chrVII,405085,.,CGG,CG,95.4672,.,"INDEL;IDV=8;IMF=1;DP=8;VDB=0.0258883;SGB=-0.651104;MQ0F=0;AF1=1;AC1=1;DP4=0,0,8,0;MQ=37;FQ=-999",GT:PL,"1:133,24,0",N/A
chrVII,530034,.,A,C,105.006,.,"DP=34;VDB=0.000298156;SGB=-0.692067;RPB=3.32153e-05;MQB=0.770274;MQSB=0.446318;BQB=0.0724243;MQ0F=0;AF1=0.5;AC1=1;DP4=8,3,6,14;MQ=38;FQ=-999;PV4=0.0308996,1,1,0.478075",GT:PL,"1:255,120",YGR023W(+)
chrVII,923607,.,T,C,174.007,.,"DP=8;VDB=0.0194942;SGB=-0.651104;MQSB=0.900802;MQ0F=0;AF1=1;AC1=1;DP4=0,0,5,3;MQ=42;FQ=-999",GT:PL,"1:204,0",YGR216C(-)
chrVII,1006277,.,G,C,225.007,.,"DP=23;VDB=0.0585033;SGB=-0.692562;MQSB=0.802432;MQ0F=0;AF1=1;AC1=1;DP4=0,0,6,16;MQ=42;FQ=-999",GT:PL,"1:255,0",YGR257C(-)
chrVII,1006278,.,C,G,225.007,.,"DP=23;VDB=0.0588316;SGB=-0.692562;MQSB=0.802432;MQ0F=0;AF1=1;AC1=1;DP4=0,0,6,16;MQ=42;FQ=-999",GT:PL,"1:255,0",YGR257C(-)
chrVII,1006279,.,G,C,225.007,.,"DP=24;VDB=0.0537493;SGB=-0.692562;MQSB=0.802432;MQ0F=0;AF1=1;AC1=1;DP4=0,0,6,16;MQ=42;FQ=-999",GT:PL,"1:255,0",YGR257C(-)
chrVIII,1569,.,G,A,175.007,.,"DP=126;VDB=0.520555;SGB=-0.693147;MQ0F=0.0238095;AF1=1;AC1=1;DP4=0,0,119,0;MQ=32;FQ=-999",GT:PL,"1:205,0",YHL050C(-)
chrVIII,1672,.,A,G,30.0091,.,"DP=250;VDB=0.995697;SGB=-0.693147;RPB=0.853467;MQB=3.43575e-07;MQSB=6.87317e-11;BQB=0.0563557;MQ0F=0.036;AF1=0.500079;AC1=1;DP4=46,27,151,5;MQ=24;FQ=-999;PV4=4.43957e-11,0.0132972,1,0.2259",GT:PL,"1:95,35",YHL050C(-)
chrVIII,1846,.,A,G,9.51895,.,"DP=41;VDB=0.0440897;SGB=-0.693145;MQSB=1;MQ0F=0.0243902;AF1=1;AC1=1;DP4=0,0,1,39;MQ=7;FQ=-999",GT:PL,"1:39,0",YHL050C(-)
chrVIII,1918,.,GGTACTGGCGTTAGTACTGGC,GGTACTGGC,22.4908,.,"INDEL;IDV=61;IMF=0.267544;DP=228;VDB=0.973968;SGB=-0.693147;MQSB=0.00869069;MQ0F=0.0614035;AF1=0.555409;AC1=1;DP4=22,43,0,163;MQ=17;FQ=-999;PV4=5.18976e-14,1,1,1",GT:PL,"1:67,0,7",N/A
chrVIII,1927,.,G,A,77.0053,.,"DP=184;VDB=0.999998;SGB=-0.693147;RPB=0.0239446;MQB=0.0353655;MQSB=0.0784926;BQB=0.869854;MQ0F=0.076087;AF1=1;AC1=1;DP4=0,12,17,113;MQ=18;FQ=-999;PV4=0.360504,0.186183,0.000526382,0.0122763",GT:PL,"1:107,0",N/A
chrVIII,1930,.,A,G,14.1739,.,"DP=189;VDB=1.93767e-08;SGB=-0.693147;RPB=5.90391e-21;MQB=1.9972e-07;MQSB=0.00900404;BQB=0.986103;MQ0F=0.0793651;AF1=0.5;AC1=1;DP4=11,75,6,85;MQ=19;FQ=-999;PV4=0.204757,0.255157,1,1",GT:PL,"1:133,89",N/A
chrVIII,1997,.,T,C,105.006,.,"DP=187;VDB=0.756306;SGB=-0.693147;RPB=0.867188;MQB=0.180721;BQB=0.576849;MQ0F=0.0320856;AF1=1;AC1=1;DP4=0,19,0,160;MQ=30;FQ=-999;PV4=1,0.0928749,1,0.16146",GT:PL,"1:135,0",N/A
chrVIII,2068,.,A,T,74.0053,.,"DP=249;VDB=2.8588e-12;SGB=-0.693147;RPB=0.389974;MQB=0.638298;MQSB=1;BQB=0.350905;MQ0F=0.120482;AF1=1;AC1=1;DP4=1,31,0,209;MQ=24;FQ=-999;PV4=0.13278,0.0159898,1,1",GT:PL,"1:104,0",N/A
chrVIII,4844,.,C,T,28.0116,.,"DP=3;VDB=0.0649539;SGB=-0.511536;MQ0F=0;AF1=1;AC1=1;DP4=0,0,3,0;MQ=23;FQ=-999",GT:PL,"1:58,0",N/A
chrVIII,4856,.,G,A,28.0116,.,"DP=3;VDB=0.0681597;SGB=-0.511536;MQ0F=0;AF1=1;AC1=1;DP4=0,0,3,0;MQ=23;FQ=-999",GT:PL,"1:58,0",N/A
chrVIII,4858,.,T,G,28.0116,.,"DP=3;VDB=0.0649539;SGB=-0.511536;MQ0F=0;AF1=1;AC1=1;DP4=0,0,3,0;MQ=23;FQ=-999",GT:PL,"1:58,0",N/A
chrVIII,5225,.,A,G,28.0116,.,"DP=5;VDB=0.0156816;SGB=-0.590765;MQ0F=0.2;AF1=1;AC1=1;DP4=0,0,0,5;MQ=18;FQ=-999",GT:PL,"1:58,0",N/A
chrVIII,5232,.,C,T,28.0116,.,"DP=5;VDB=0.0156816;SGB=-0.590765;MQ0F=0.2;AF1=1;AC1=1;DP4=0,0,0,5;MQ=18;FQ=-999",GT:PL,"1:58,0",N/A
chrVIII,5635,.,T,C,67.0052,.,"DP=4;VDB=0.275912;SGB=-0.556411;MQ0F=0;AF1=1;AC1=1;DP4=0,0,4,0;MQ=42;FQ=-999",GT:PL,"1:97,0",N/A
chrVIII,5759,.,G,A,13.2167,.,"DP=2;VDB=0.06;SGB=-0.453602;MQ0F=0;AF1=1;AC1=1;DP4=0,0,2,0;MQ=24;FQ=-999",GT:PL,"1:43,0",YHL048C-A(-)
chrVIII,5775,.,G,C,13.2167,.,"DP=2;VDB=0.06;SGB=-0.453602;MQ0F=0;AF1=1;AC1=1;DP4=0,0,2,0;MQ=24;FQ=-999",GT:PL,"1:43,0",YHL048C-A(-)
chrVIII,5777,.,G,A,13.2167,.,"DP=2;VDB=0.06;SGB=-0.453602;MQ0F=0;AF1=1;AC1=1;DP4=0,0,2,0;MQ=24;FQ=-999",GT:PL,"1:43,0",YHL048C-A(-)
chrVIII,5788,.,T,G,40.0053,.,"DP=5;VDB=0.794767;SGB=-0.590765;MQ0F=0;AF1=1;AC1=1;DP4=0,0,5,0;MQ=21;FQ=-999",GT:PL,"1:70,0",YHL048C-A(-)
chrVIII,5806,.,C,T,40.0053,.,"DP=5;VDB=0.794767;SGB=-0.590765;MQ0F=0;AF1=1;AC1=1;DP4=0,0,5,0;MQ=21;FQ=-999",GT:PL,"1:70,0",N/A
chrVIII,5830,.,C,T,13.2167,.,"DP=3;VDB=0.0221621;SGB=-0.511536;MQ0F=0;AF1=1;AC1=1;DP4=0,0,3,0;MQ=19;FQ=-999",GT:PL,"1:43,0",N/A
chrVIII,5837,.,A,C,13.2167,.,"DP=3;VDB=0.0249187;SGB=-0.511536;MQ0F=0;AF1=1;AC1=1;DP4=0,0,3,0;MQ=19;FQ=-999",GT:PL,"1:43,0",N/A
chrVIII,5838,.,A,G,13.2167,.,"DP=3;VDB=0.0221621;SGB=-0.511536;MQ0F=0;AF1=1;AC1=1;DP4=0,0,3,0;MQ=19;FQ=-999",GT:PL,"1:43,0",N/A
chrVIII,6090,.,T,C,6.97679,.,"DP=1;SGB=-0.379885;MQ0F=0;AF1=1;AC1=1;DP4=0,0,0,1;MQ=40;FQ=-999",GT:PL,"1:36,0",N/A
chrVIII,6194,.,A,T,13.2167,.,"DP=2;VDB=0.06;SGB=-0.453602;MQ0F=0;AF1=1;AC1=1;DP4=0,0,0,2;MQ=24;FQ=-999",GT:PL,"1:43,0",N/A
chrVIII,6252,.,T,G,22.0319,.,"DP=4;VDB=0.0532881;SGB=-0.511536;RPB=1;MQB=1;MQSB=1;BQB=1;MQ0F=0;AF1=1;AC1=1;DP4=0,1,1,2;MQ=18;FQ=-999;PV4=1,1,1,0.333333",GT:PL,"1:52,0",N/A
chrVIII,216123,.,C,T,109.006,.,"DP=21;VDB=0.560195;SGB=-0.670168;RPB=0.387378;MQB=0.00180754;MQSB=0.0480056;BQB=0.513192;MQ0F=0;AF1=1;AC1=1;DP4=3,5,10,0;MQ=30;FQ=-999;PV4=0.00653595,0.0204408,1,1",GT:PL,"1:139,0",YHR056C(-)
chrVIII,387110,.,C,"A,T",11.3361,.,"DP=7;VDB=0.036809;SGB=-0.616816;MQ0F=0;AF1=1;AC1=1;DP4=0,0,6,0;MQ=42;FQ=-999",GT:PL,"1:41,0,35",N/A
chrVIII,417054,.,G,A,225.007,.,"DP=26;VDB=0.0338417;SGB=-0.692717;MQSB=1;MQ0F=0;AF1=1;AC1=1;DP4=0,0,9,14;MQ=42;FQ=-999",GT:PL,"1:255,0",YHR158C(-)
chrVIII,499958,.,C,T,225.007,.,"DP=24;VDB=0.793155;SGB=-0.692831;MQSB=1;MQ0F=0;AF1=1;AC1=1;DP4=0,0,15,9;MQ=42;FQ=-999",GT:PL,"1:255,0",YHR201C(-)
chrVIII,511255,.,C,T,186.007,.,"DP=18;VDB=0.439122;SGB=-0.686358;MQSB=1;MQ0F=0;AF1=1;AC1=1;DP4=0,0,1,13;MQ=42;FQ=-999",GT:PL,"1:216,0",YHR205W(+)
chrVIII,524447,.,C,G,187.007,.,"DP=11;VDB=0.944366;SGB=-0.670168;MQSB=1;MQ0F=0;AF1=1;AC1=1;DP4=0,0,2,8;MQ=42;FQ=-999",GT:PL,"1:217,0",N/A
chrIX,23185,.,CG,CGG,22.4908,.,"INDEL;IDV=12;IMF=1;DP=12;VDB=0.555456;SGB=-0.680642;MQSB=0.3;MQ0F=0;AF1=1;AC1=1;DP4=0,0,10,2;MQ=11;FQ=-999",GT:PL,"1:60,36,0",YIL169C(-)
chrIX,23282,.,TCC,TC,97.4672,.,"INDEL;IDV=20;IMF=0.833333;DP=24;VDB=0.286044;SGB=-0.69168;MQ0F=0;AF1=1;AC1=1;DP4=5,0,19,0;MQ=30;FQ=-999;PV4=1,1,1,0.418402",GT:PL,"1:135,25,0",YIL169C(-)
chrIX,105433,.,AAATAATAAT,AAATAATAATAAT,5.79377,.,"INDEL;IDV=1;IMF=1;DP=1;SGB=-0.379885;MQ0F=0;AF1=1;AC1=1;DP4=0,0,1,0;MQ=42;FQ=-999",GT:PL,"1:42,3,0",YIL130W(+)
chrIX,234759,.,T,C,6.97679,.,"DP=1;SGB=-0.379885;MQ0F=0;AF1=1;AC1=1;DP4=0,0,0,1;MQ=42;FQ=-999",GT:PL,"1:36,0",YIL068C(-)
chrIX,318694,.,T,A,225.007,.,"DP=16;VDB=0.620629;SGB=-0.686358;MQSB=0.966012;MQ0F=0;AF1=1;AC1=1;DP4=0,0,7,7;MQ=42;FQ=-999",GT:PL,"1:255,0",YIL017C(-)
chrIX,439877,.,TGGTGTGTGTG,TGGTGTGTGTGGGTGTGTGTG,23.4858,.,"INDEL;IDV=1;IMF=0.037037;DP=27;VDB=1.47786e-10;SGB=-0.689466;MQ0F=0;AF1=0.5;AC1=1;DP4=0,11,0,16;MQ=38;FQ=-999;PV4=1,1,0.483269,1",GT:PL,"1:181,0,120",N/A
chrIX,439880,.,TGTGTGTG,TGTGTGTGGGTGTGTG,41.4668,.,"INDEL;IDV=2;IMF=0.08;DP=25;VDB=9.01439e-12;SGB=-0.688148;MQ0F=0;AF1=0.5;AC1=1;DP4=0,10,0,15;MQ=38;FQ=-999;PV4=1,1,1,1",GT:PL,"1:181,0,102",N/A
chrIX,439882,.,TGTGTG,TGTGTGGGTGTG,56.4667,.,"INDEL;IDV=2;IMF=0.0869565;DP=23;VDB=2.98363e-13;SGB=-0.690438;MQ0F=0;AF1=0.5;AC1=1;DP4=0,6,0,17;MQ=37;FQ=-999;PV4=1,1,1,1",GT:PL,"1:176,82",N/A
chrX,97478,.,G,A,225.007,.,"DP=16;VDB=0.0243922;SGB=-0.688148;MQSB=0.954207;MQ0F=0;AF1=1;AC1=1;DP4=0,0,10,5;MQ=42;FQ=-999",GT:PL,"1:255,0",N/A
chrX,100335,.,C,T,225.007,.,"DP=30;VDB=0.00519526;SGB=-0.693054;MQSB=1;MQ0F=0;AF1=1;AC1=1;DP4=0,0,20,8;MQ=42;FQ=-999",GT:PL,"1:255,0",YJL171C(-)
chrX,278977,.,CAGAGAG,CAGAG,178.468,.,"INDEL;IDV=23;IMF=0.851852;DP=27;VDB=0.528635;SGB=-0.692717;MQSB=0.898397;MQ0F=0;AF1=0.500031;AC1=1;DP4=2,2,16,7;MQ=42;FQ=-999;PV4=0.581538,1,1,1",GT:PL,"1:255,0,39",YJL083W(+)
chrX,718147,.,G,A,6.97679,.,"DP=1;SGB=-0.379885;MQ0F=0;AF1=1;AC1=1;DP4=0,0,1,0;MQ=42;FQ=-999",GT:PL,"1:36,0",N/A
chrXI,457,.,C,CA,217.469,.,"INDEL;IDV=46;IMF=0.867925;DP=53;VDB=0.997747;SGB=-0.693147;MQSB=0.000479817;MQ0F=0.0188679;AF1=1;AC1=1;DP4=4,2,11,36;MQ=29;FQ=-999;PV4=0.0469875,1,1,1",GT:PL,"1:255,71,0",YKL225W(+)
chrXI,267630,.,T,A,4.12714,.,"DP=1;SGB=-0.379885;MQ0F=0;AF1=1;AC1=1;DP4=0,0,0,1;MQ=42;FQ=-999",GT:PL,"1:32,0",YKL092C(-)
chrXI,451568,.,GGAACACGAACACGAACA,GGAACACGAACA,212.469,.,"INDEL;IDV=15;IMF=0.714286;DP=21;VDB=0.199618;SGB=-0.69168;MQSB=0.427564;MQ0F=0;AF1=0.593902;AC1=1;DP4=2,0,6,13;MQ=41;FQ=-999;PV4=0.133333,1,0.00870038,1",GT:PL,"1:255,0,5",YKR007W(+)
chrXI,666556,.,GT,G,151.468,.,"INDEL;IDV=42;IMF=0.913043;DP=46;VDB=0.000240285;SGB=-0.693147;MQSB=0.0209491;MQ0F=0.0217391;AF1=1;AC1=1;DP4=1,0,2,43;MQ=39;FQ=-999;PV4=0.0652174,1,1,1",GT:PL,"1:189,122,0",N/A
chrXI,666557,.,TG,T,147.468,.,"INDEL;IDV=3;IMF=0.0638298;DP=47;VDB=0.000518023;SGB=-0.693147;MQSB=0.0206759;MQ0F=0.0212766;AF1=1;AC1=1;DP4=1,1,2,43;MQ=39;FQ=-999;PV4=0.124884,1,1,1",GT:PL,"1:185,110,0",N/A
chrXII,13,.,CC,CCCACACACCAC,39.4669,.,"INDEL;IDV=1;IMF=0.166667;DP=6;VDB=0.00107728;SGB=-0.590765;MQ0F=0.166667;AF1=1;AC1=1;DP4=1,0,5,0;MQ=30;FQ=-999;PV4=1,1,1,1",GT:PL,"1:77,9,0",N/A
chrXII,590,.,ATG,ATGTACAGTG,100.467,.,"INDEL;IDV=1;IMF=0.030303;DP=33;VDB=0.435733;SGB=-0.692562;MQSB=0.854839;MQ0F=0;AF1=0.500001;AC1=1;DP4=10,1,21,1;MQ=29;FQ=-999;PV4=1,1,1,1",GT:PL,"1:194,0,56",YLL067C(-)
chrXII,591,.,TG,"TGTACAGCG,TAGCG",170.468,.,"INDEL;IDV=29;IMF=0.852941;DP=34;VDB=0.440603;SGB=-0.69311;MQSB=0.800082;MQ0F=0;AF1=1;AC1=1;DP4=2,1,29,2;MQ=30;FQ=-999;PV4=0.24883,1,1,1",GT:PL,"1:208,52,0,200,65,205",YLL067C(-)
chrXII,641,.,C,G,16.1122,.,"DP=36;VDB=0.224432;SGB=-0.670168;RPB=0.002661;MQB=0.000740903;MQSB=0.374906;BQB=0.435646;MQ0F=0;AF1=0.500013;AC1=1;DP4=14,12,6,4;MQ=19;FQ=-999;PV4=1,0.0201968,1,0.0977009",GT:PL,"1:89,43",YLL067C(-)
chrXII,5741,.,T,C,15.1396,.,"DP=127;VDB=0.00922205;SGB=-0.693147;RPB=0.238237;MQB=0.000210849;MQSB=1;BQB=0.549975;MQ0F=0.102362;AF1=1;AC1=1;DP4=21,0,105,1;MQ=23;FQ=-999;PV4=1,1,1.8828e-05,1",GT:PL,"1:45,0",YLL066W-B(+)
chrXII,187137,.,ATTT,ATT,105.467,.,"INDEL;IDV=18;IMF=0.947368;DP=19;VDB=0.753338;SGB=-0.690438;MQSB=1;MQ0F=0;AF1=0.533586;AC1=1;DP4=1,1,16,1;MQ=42;FQ=-999;PV4=0.204678,1,1,1",GT:PL,"1:152,0,9",N/A
chrXII,220717,.,G,A,36.0059,.,"DP=2;VDB=0.7;SGB=-0.453602;MQ0F=0;AF1=1;AC1=1;DP4=0,0,2,0;MQ=42;FQ=-999",GT:PL,"1:66,0",N/A
chrXII,291384,.,A,G,225.007,.,"DP=17;VDB=0.0747156;SGB=-0.690438;MQSB=1;MQ0F=0;AF1=1;AC1=1;DP4=0,0,4,13;MQ=42;FQ=-999",GT:PL,"1:255,0",YLR081W(+)
chrXII,291386,.,A,G,225.007,.,"DP=18;VDB=0.0817507;SGB=-0.690438;MQSB=1;MQ0F=0;AF1=1;AC1=1;DP4=0,0,4,13;MQ=42;FQ=-999",GT:PL,"1:255,0",YLR081W(+)
chrXII,474417,.,ACC,ACCC,69.4668,.,"INDEL;IDV=4;IMF=0.8;DP=5;VDB=0.996426;SGB=-0.556411;MQ0F=0;AF1=1;AC1=1;DP4=0,1,0,4;MQ=38;FQ=-999;PV4=1,1,1,1",GT:PL,"1:107,8,0",N/A
chrXII,528749,.,T,A,225.007,.,"DP=25;VDB=0.96001;SGB=-0.692831;MQSB=0.919431;MQ0F=0;AF1=1;AC1=1;DP4=0,0,14,10;MQ=41;FQ=-999",GT:PL,"1:255,0",YLR188W(+)
chrXII,725936,.,G,A,225.007,.,"DP=29;VDB=0.181274;SGB=-0.693054;MQSB=1;MQ0F=0;AF1=1;AC1=1;DP4=0,0,23,5;MQ=42;FQ=-999",GT:PL,"1:255,0",N/A
chrXII,734703,.,T,A,32.0075,.,"DP=2;VDB=0.02;SGB=-0.453602;MQ0F=0;AF1=1;AC1=1;DP4=0,0,2,0;MQ=42;FQ=-999",GT:PL,"1:62,0",N/A
chrXII,784382,.,GCC,GCCC,217.469,.,"INDEL;IDV=19;IMF=1;DP=19;VDB=0.38717;SGB=-0.69168;MQSB=0.898397;MQ0F=0;AF1=1;AC1=1;DP4=0,0,5,14;MQ=41;FQ=-999",GT:PL,"1:255,57,0",N/A
chrXII,828903,.,C,T,225.007,.,"DP=32;VDB=0.157391;SGB=-0.69312;MQSB=1;MQ0F=0;AF1=1;AC1=1;DP4=0,0,25,7;MQ=42;FQ=-999",GT:PL,"1:255,0",YLR350W(+)
chrXII,1026795,.,A,T,6.97679,.,"DP=1;SGB=-0.379885;MQ0F=0;AF1=1;AC1=1;DP4=0,0,0,1;MQ=42;FQ=-999",GT:PL,"1:36,0",N/A
chrXII,1039435,.,T,A,225.007,.,"DP=15;VDB=0.185853;SGB=-0.688148;MQSB=1;MQ0F=0;AF1=1;AC1=1;DP4=0,0,9,6;MQ=42;FQ=-999",GT:PL,"1:255,0",YLR452C(-)
chrXII,1065261,.,TT,TTAGGCGATTGT,7.34966,.,"INDEL;IDV=3;IMF=0.142857;DP=21;VDB=0.088356;SGB=-0.636426;MQ0F=0;AF1=0.501256;AC1=1;DP4=14,0,7,0;MQ=20;FQ=-999;PV4=1,1,1,1",GT:PL,"1:67,0,23",N/A
chrXII,1066277,.,G,A,80.0054,.,"DP=25;VDB=0.666275;SGB=-0.69168;RPB=0.86753;MQB=0.27833;MQSB=1;BQB=0.46131;MQ0F=0;AF1=0.5001;AC1=1;DP4=4,1,19,0;MQ=34;FQ=-999;PV4=0.208333,0.0157955,1,0.435466",GT:PL,"1:144,34","YLR462W(+),YLR463C(-)"
chrXII,1066742,.,A,G,5.45858,.,"DP=28;VDB=0.117477;SGB=-0.686358;RPB=0.102033;MQB=0.813104;MQSB=0.151777;BQB=0.824992;MQ0F=0.0357143;AF1=0.50004;AC1=1;DP4=7,7,3,11;MQ=21;FQ=-999;PV4=0.236461,1,1,1",GT:PL,"1:72,38","YLR463C(-),YLR464W(+)"
chrXIII,34473,.,T,G,225.007,.,"DP=31;VDB=0.548774;SGB=-0.693097;MQSB=1;MQ0F=0;AF1=1;AC1=1;DP4=0,0,23,7;MQ=42;FQ=-999",GT:PL,"1:255,0",YML117W(+)
chrXIII,87449,.,T,G,6.97679,.,"DP=1;SGB=-0.379885;MQ0F=0;AF1=1;AC1=1;DP4=0,0,1,0;MQ=42;FQ=-999",GT:PL,"1:36,0",YML091C(-)
chrXIII,325905,.,T,A,225.007,.,"DP=18;VDB=0.368943;SGB=-0.691153;MQSB=1;MQ0F=0;AF1=1;AC1=1;DP4=0,0,12,6;MQ=42;FQ=-999",GT:PL,"1:255,0",YMR027W(+)
chrXIII,362839,.,A,T,4.12714,.,"DP=4;VDB=0.02;SGB=-0.453602;RPB=0;MQB=0;MQSB=0;BQB=0;MQ0F=0;AF1=1;AC1=1;DP4=0,2,2,0;MQ=16;FQ=-999;PV4=0.333333,0,1,0.0148794",GT:PL,"1:32,0",N/A
chrXIII,362840,.,T,C,4.12714,.,"DP=4;VDB=0.02;SGB=-0.453602;RPB=0;MQB=0;MQSB=0;BQB=0;MQ0F=0;AF1=1;AC1=1;DP4=0,2,2,0;MQ=16;FQ=-999;PV4=0.333333,0,1,0.0364137",GT:PL,"1:32,0",N/A
chrXIII,362841,.,C,A,4.12714,.,"DP=4;VDB=0.02;SGB=-0.453602;RPB=0;MQB=0;MQSB=0;BQB=0;MQ0F=0;AF1=1;AC1=1;DP4=0,2,2,0;MQ=16;FQ=-999;PV4=0.333333,0,1,0.0794045",GT:PL,"1:32,0",N/A
chrXIII,448333,.,G,A,225.007,.,"DP=25;VDB=0.0169623;SGB=-0.692717;MQSB=1;MQ0F=0;AF1=1;AC1=1;DP4=0,0,17,6;MQ=42;FQ=-999",GT:PL,"1:255,0",N/A
chrXIII,448334,.,A,G,225.007,.,"DP=25;VDB=0.0175097;SGB=-0.692717;MQSB=1;MQ0F=0;AF1=1;AC1=1;DP4=0,0,17,6;MQ=42;FQ=-999",GT:PL,"1:255,0",N/A
chrXIII,630505,.,A,G,141.006,.,"DP=7;VDB=0.715177;SGB=-0.636426;MQSB=1.01283;MQ0F=0;AF1=1;AC1=1;DP4=0,0,4,3;MQ=42;FQ=-999",GT:PL,"1:171,0",YMR185W(+)
chrXIII,672129,.,T,C,205.007,.,"DP=15;VDB=0.757462;SGB=-0.686358;MQSB=1;MQ0F=0;AF1=1;AC1=1;DP4=0,0,12,2;MQ=42;FQ=-999",GT:PL,"1:235,0",YMR205C(-)
chrXIII,680936,.,T,C,120.006,.,"DP=5;VDB=0.543918;SGB=-0.590765;MQSB=1;MQ0F=0;AF1=1;AC1=1;DP4=0,0,2,3;MQ=42;FQ=-999",GT:PL,"1:150,0",YMR207C(-)
chrXIII,680940,.,C,T,122.006,.,"DP=5;VDB=0.543918;SGB=-0.590765;MQSB=1;MQ0F=0;AF1=1;AC1=1;DP4=0,0,2,3;MQ=42;FQ=-999",GT:PL,"1:152,0",YMR207C(-)
chrXIII,708291,.,T,C,201.007,.,"DP=15;VDB=0.0533321;SGB=-0.686358;MQSB=1;MQ0F=0;AF1=1;AC1=1;DP4=0,0,2,12;MQ=42;FQ=-999",GT:PL,"1:231,0",YMR219W(+)
chrXIII,809198,.,A,G,196.007,.,"DP=13;VDB=0.6928;SGB=-0.683931;MQSB=1;MQ0F=0;AF1=1;AC1=1;DP4=0,0,2,11;MQ=42;FQ=-999",GT:PL,"1:226,0",N/A
chrXIII,908177,.,A,G,94.0055,.,"DP=111;VDB=0.000175478;SGB=-0.693147;RPB=0.757465;MQB=0.386473;MQSB=8.89844e-06;BQB=0.375204;MQ0F=0.0810811;AF1=0.508032;AC1=1;DP4=0,20,35,28;MQ=24;FQ=-999;PV4=2.69593e-06,1,0.0884368,0.241027",GT:PL,"1:139,15",YMR317W(+)
chrXIII,908179,.,T,G,4.12714,.,"DP=116;VDB=4.17553e-07;SGB=-0.693147;RPB=0.0321677;MQB=0.000104982;MQSB=2.41356e-08;BQB=0.658099;MQ0F=0.0775862;AF1=0.5;AC1=1;DP4=1,35,30,20;MQ=24;FQ=-999;PV4=9.85913e-09,1,8.10957e-06,1",GT:PL,"1:149,117",YMR317W(+)
chrXIII,919476,.,A,G,17.0903,.,"DP=14;VDB=0.293058;SGB=-0.616816;RPB=0.118442;MQB=0.00822975;MQSB=1;BQB=1;MQ0F=0;AF1=0.5;AC1=1;DP4=7,1,6,0;MQ=31;FQ=-999;PV4=1,1,1,1",GT:PL,"1:110,63",N/A
chrXIII,924341,.,G,T,8.64278,.,"DP=5;VDB=0.7;SGB=-0.453602;RPB=0.5;MQB=0;BQB=0.5;MQ0F=0.2;AF1=1;AC1=1;DP4=0,2,0,2;MQ=22;FQ=-999;PV4=1,1,1,0.248741",GT:PL,"1:38,0",N/A
chrXIV,6652,.,C,A,17.0903,.,"DP=7;VDB=0.480199;SGB=-0.511536;RPB=0.333333;MQB=0;MQSB=1;BQB=0.833333;MQ0F=0;AF1=0.533586;AC1=1;DP4=0,2,1,2;MQ=24;FQ=-999;PV4=1,1,1,1",GT:PL,"1:56,9",YNL338W(+)
chrXIV,7478,.,A,AT,143.468,.,"INDEL;IDV=28;IMF=0.875;DP=32;VDB=0.383408;SGB=-0.69312;MQSB=1;MQ0F=0;AF1=1;AC1=1;DP4=0,0,1,31;MQ=23;FQ=-999",GT:PL,"1:181,96,0",N/A
chrXIV,14333,.,GC,GCC,7.34966,.,"INDEL;IDV=10;IMF=1;DP=10;VDB=0.675225;SGB=-0.670168;MQSB=0.916482;MQ0F=0;AF1=1;AC1=1;DP4=0,0,3,7;MQ=7;FQ=-999",GT:PL,"1:44,30,0",N/A
chrXIV,312328,.,AACGACGACG,AACGACG,208.469,.,"INDEL;IDV=10;IMF=0.909091;DP=11;VDB=0.811884;SGB=-0.670168;MQSB=0.829029;MQ0F=0;AF1=0.667194;AC1=1;DP4=1,0,7,3;MQ=42;FQ=-999;PV4=1,1,0.33089,1",GT:PL,"1:249,0,3",YNL172W(+)
chrXIV,377887,.,G,T,117.006,.,"DP=6;VDB=0.262259;SGB=-0.590765;MQSB=1;MQ0F=0;AF1=1;AC1=1;DP4=0,0,1,4;MQ=42;FQ=-999",GT:PL,"1:147,0",YNL132W(+)
chrXIV,439397,.,GTTTTTT,GTTTTTTT,105.467,.,"INDEL;IDV=17;IMF=1;DP=17;VDB=0.000113626;SGB=-0.690438;MQSB=1;MQ0F=0;AF1=1;AC1=1;DP4=0,0,4,13;MQ=42;FQ=-999",GT:PL,"1:143,51,0",N/A
chrXIV,471767,.,A,G,119.006,.,"DP=8;VDB=0.0462238;SGB=-0.636426;MQ0F=0;AF1=1;AC1=1;DP4=0,0,7,0;MQ=42;FQ=-999",GT:PL,"1:149,0",YNL083W(+)
chrXIV,522483,.,T,C,58.0051,.,"DP=117;VDB=0.736917;SGB=-0.693147;RPB=0.844596;MQB=1.11288e-10;MQSB=3.4803e-05;BQB=0.764593;MQ0F=0;AF1=0.500001;AC1=1;DP4=11,22,0,82;MQ=36;FQ=-999;PV4=2.72004e-07,0.102384,1,0.314386",GT:PL,"1:141,53",YNL054W-B(+)
chrXV,90,.,CCCAC,CC,182.468,.,"INDEL;IDV=30;IMF=0.810811;DP=37;VDB=0.216413;SGB=-0.693079;MQSB=0.0857143;MQ0F=0.135135;AF1=1;AC1=1;DP4=6,2,29,0;MQ=37;FQ=-999;PV4=0.042042,1,1,1",GT:PL,"1:220,34,0",N/A
chrXV,50002,.,C,T,225.007,.,"DP=17;VDB=0.0896172;SGB=-0.689466;MQSB=0.88901;MQ0F=0;AF1=1;AC1=1;DP4=0,0,12,4;MQ=42;FQ=-999",GT:PL,"1:255,0",YOL145C(-)
chrXV,50010,.,A,T,209.007,.,"DP=15;VDB=0.626886;SGB=-0.676189;MQSB=0.877913;MQ0F=0;AF1=1;AC1=1;DP4=0,0,8,3;MQ=42;FQ=-999",GT:PL,"1:239,0",YOL145C(-)
chrXV,50012,.,C,T,213.007,.,"DP=11;VDB=0.637461;SGB=-0.676189;MQSB=0.877913;MQ0F=0;AF1=1;AC1=1;DP4=0,0,8,3;MQ=42;FQ=-999",GT:PL,"1:243,0",YOL145C(-)
chrXV,60240,.,C,T,78.0053,.,"DP=8;VDB=0.0516381;SGB=-0.556411;MQ0F=0;AF1=1;AC1=1;DP4=0,0,0,4;MQ=42;FQ=-999",GT:PL,"1:108,0",N/A
chrXV,79297,.,C,G,225.007,.,"DP=14;VDB=0.406196;SGB=-0.686358;MQSB=1;MQ0F=0;AF1=1;AC1=1;DP4=0,0,8,6;MQ=42;FQ=-999",GT:PL,"1:255,0",YOL128C(-)
chrXV,79304,.,A,T,225.007,.,"DP=21;VDB=0.897668;SGB=-0.689466;MQSB=1;MQ0F=0;AF1=1;AC1=1;DP4=0,0,10,6;MQ=42;FQ=-999",GT:PL,"1:255,0",YOL128C(-)
chrXV,79305,.,T,A,225.007,.,"DP=21;VDB=0.900864;SGB=-0.689466;MQSB=1;MQ0F=0;AF1=1;AC1=1;DP4=0,0,10,6;MQ=42;FQ=-999",GT:PL,"1:255,0",YOL128C(-)
chrXV,350107,.,C,T,6.97679,.,"DP=1;SGB=-0.379885;MQ0F=0;AF1=1;AC1=1;DP4=0,0,0,1;MQ=42;FQ=-999",GT:PL,"1:36,0",YOR011W(+)
chrXV,580195,.,G,A,225.007,.,"DP=12;VDB=0.00826316;SGB=-0.680642;MQSB=0.864013;MQ0F=0;AF1=1;AC1=1;DP4=0,0,6,6;MQ=42;FQ=-999",GT:PL,"1:255,0",YOR135C(-)
chrXV,722438,.,G,GGT,55.4667,.,"INDEL;IDV=3;IMF=0.5;DP=6;VDB=0.00350432;SGB=-0.556411;MQSB=1;MQ0F=0;AF1=1;AC1=1;DP4=2,0,3,1;MQ=37;FQ=-999;PV4=1,1,1,0.019339",GT:PL,"1:93,5,0",YOR202W(+)
chrXV,773264,.,G,C,187.007,.,"DP=11;VDB=0.482741;SGB=-0.670168;MQSB=0.916482;MQ0F=0;AF1=1;AC1=1;DP4=0,0,3,7;MQ=42;FQ=-999",GT:PL,"1:217,0","YOR231W(+),YOR231C-A(-)"
chrXV,951241,.,C,T,225.007,.,"DP=17;VDB=0.299629;SGB=-0.689466;MQSB=1;MQ0F=0;AF1=1;AC1=1;DP4=0,0,3,13;MQ=42;FQ=-999",GT:PL,"1:255,0",YOR336W(+)
chrXVI,191944,.,C,T,225.007,.,"DP=25;VDB=0.999737;SGB=-0.69168;MQSB=1;MQ0F=0;AF1=1;AC1=1;DP4=0,0,6,13;MQ=42;FQ=-999",GT:PL,"1:255,0",YPL188W(+)
chrXVI,667520,.,T,G,225.007,.,"DP=12;VDB=0.766987;SGB=-0.680642;MQSB=1;MQ0F=0;AF1=1;AC1=1;DP4=0,0,4,8;MQ=42;FQ=-999",GT:PL,"1:255,0",N/A
chrXVI,677102,.,A,G,221.007,.,"DP=14;VDB=0.594064;SGB=-0.670168;MQSB=1.00775;MQ0F=0;AF1=1;AC1=1;DP4=0,0,4,6;MQ=42;FQ=-999",GT:PL,"1:251,0",N/A
chrXVI,759400,.,T,G,225.007,.,"DP=22;VDB=0.781586;SGB=-0.692562;MQSB=1;MQ0F=0;AF1=1;AC1=1;DP4=0,0,12,10;MQ=42;FQ=-999",GT:PL,"1:255,0",YPR116W(+)
chrXVI,817033,.,TG,T,3.24957,.,"INDEL;IDV=1;IMF=1;DP=1;SGB=-0.379885;MQ0F=0;AF1=1;AC1=1;DP4=0,0,0,1;MQ=42;FQ=-999",GT:PL,"1:38,3,0",YPR141C(-)
chrXVI,890346,.,T,A,225.007,.,"DP=15;VDB=0.705787;SGB=-0.683931;MQSB=0.961166;MQ0F=0;AF1=1;AC1=1;DP4=0,0,6,7;MQ=42;FQ=-999",GT:PL,"1:255,0",YPR175W(+)
chrmt,13802,.,T,A,80.0054,.,"DP=5;VDB=0.176409;SGB=-0.556411;MQ0F=0;AF1=1;AC1=1;DP4=0,0,4,0;MQ=42;FQ=-999",GT:PL,"1:110,0",N/A
chrmt,20345,.,GAAA,GAA,207.469,.,"INDEL;IDV=123;IMF=0.89781;DP=137;VDB=6.36062e-05;SGB=-0.693147;MQSB=0.134011;MQ0F=0;AF1=1;AC1=1;DP4=14,3,94,26;MQ=41;FQ=-999;PV4=1,1,1,1",GT:PL,"1:245,103,0",N/A
chrmt,20934,.,T,G,225.007,.,"DP=136;VDB=0.997022;SGB=-0.693147;MQSB=0.993045;MQ0F=0;AF1=1;AC1=1;DP4=0,0,45,78;MQ=42;FQ=-999",GT:PL,"1:255,0","Q0065(+),Q0070(+),Q0045(+)"
chrmt,27587,.,A,T,6.97679,.,"DP=1;SGB=-0.379885;MQ0F=0;AF1=1;AC1=1;DP4=0,0,1,0;MQ=42;FQ=-999",GT:PL,"1:36,0",N/A
chrmt,30235,.,T,G,3.01251,.,"DP=4;VDB=0.0312982;SGB=-0.511536;MQ0F=0;AF1=1;AC1=1;DP4=0,0,0,3;MQ=17;FQ=-999",GT:PL,"1:30,0",N/A
chrmt,33618,.,T,TTC,170.468,.,"INDEL;IDV=7;IMF=1;DP=7;VDB=0.687651;SGB=-0.636426;MQSB=1;MQ0F=0;AF1=1;AC1=1;DP4=0,0,1,6;MQ=42;FQ=-999",GT:PL,"1:208,21,0",N/A
chrmt,33743,.,T,A,113.006,.,"DP=9;VDB=0.873023;SGB=-0.616816;MQSB=1;MQ0F=0;AF1=1;AC1=1;DP4=0,0,4,2;MQ=42;FQ=-999",GT:PL,"1:143,0",N/A
chrmt,39517,.,G,T,225.007,.,"DP=15;VDB=0.126489;SGB=-0.686358;MQSB=1;MQ0F=0;AF1=1;AC1=1;DP4=0,0,9,5;MQ=42;FQ=-999",GT:PL,"1:255,0",Q0115(+)
chrmt,43084,.,ATTTTTTTT,ATTTTTTTTT,49.4666,.,"INDEL;IDV=26;IMF=0.83871;DP=31;VDB=0.474275;SGB=-0.692976;MQSB=1;MQ0F=0;AF1=1;AC1=1;DP4=4,1,7,19;MQ=42;FQ=-999;PV4=0.0415629,1,1,1",GT:PL,"1:87,31,0",N/A
chrmt,82507,.,T,A,6.97679,.,"DP=1;SGB=-0.379885;MQ0F=0;AF1=1;AC1=1;DP4=0,0,0,1;MQ=42;FQ=-999",GT:PL,"1:36,0",N/A
