#CHROM,POS,ID,REF,ALT,QUAL,FILTER,INFO,FORMAT,/home/rothlab/dtabet/MGY360/output/mgyJ21/mgyJ21_S179_R1_001_sorted.bam,CDS(Orientation)
chrI,1,.,CCACACCACACCCACAC,"CCACACCCACACCACACCCACAC,CCACACCACACCCACACCACACCCACAC",46.4666,.,"INDEL;IDV=3;IMF=0.75;DP=4;VDB=0.0058656;SGB=-0.556411;MQ0F=0;AF1=1;AC1=1;DP4=0,0,4,0;MQ=33;FQ=-999",GT:PL,"1:95,20,11,81,0,78",N/A
chrI,5,.,AC,"ACACAC,AACACCCACAC",83.467,.,"INDEL;IDV=6;IMF=0.461538;DP=13;VDB=5.03104e-06;SGB=-0.670168;MQSB=1;MQ0F=0.153846;AF1=1;AC1=1;DP4=2,1,10,0;MQ=30;FQ=-999;PV4=0.230769,1,1,0.4102",GT:PL,"1:183,68,62,121,0,115",N/A
chrI,19971,.,CTTT,CCTTTT,43.4667,.,"INDEL;IDV=38;IMF=0.883721;DP=43;VDB=0.936707;SGB=-0.693145;MQSB=0.848431;MQ0F=0;AF1=1;AC1=1;DP4=2,0,26,15;MQ=13;FQ=-999;PV4=0.534884,1,0.0125376,1",GT:PL,"1:81,0",N/A
chrI,25340,.,C,A,153.006,.,"DP=89;VDB=0.00799961;SGB=-0.693147;MQSB=0.000590111;MQ0F=0.101124;AF1=1;AC1=1;DP4=0,0,52,35;MQ=15;FQ=-999",GT:PL,"1:183,0",YAL063C(-)
chrI,25488,.,G,A,47.005,.,"DP=196;VDB=2.83487e-05;SGB=-0.693147;RPB=0.0833838;MQB=0.0132652;MQSB=0.0562976;BQB=0.140087;MQ0F=0.132653;AF1=1;AC1=1;DP4=4,56,2,123;MQ=18;FQ=-999;PV4=0.0879491,1,0.00748119,0.0956648",GT:PL,"1:77,0",YAL063C(-)
chrI,25497,.,G,A,151.006,.,"DP=180;VDB=0.000324426;SGB=-0.693147;RPB=0.0896866;MQB=0.230813;MQSB=0.494025;BQB=0.815301;MQ0F=0.111111;AF1=1;AC1=1;DP4=1,7,2,167;MQ=19;FQ=-999;PV4=0.130262,1,1,1",GT:PL,"1:181,0",YAL063C(-)
chrI,25509,.,G,A,86.0054,.,"DP=135;VDB=0.253617;SGB=-0.693147;RPB=0.57767;MQB=0.106796;MQSB=1;BQB=0.679612;MQ0F=0.0962963;AF1=1;AC1=1;DP4=1,1,0,103;MQ=19;FQ=-999;PV4=0.0190476,1,1,1",GT:PL,"1:116,0",YAL063C(-)
chrI,25536,.,G,A,121.006,.,"DP=137;VDB=0.924263;SGB=-0.693147;RPB=6.01297e-09;MQB=1.9403e-08;MQSB=1.9403e-08;BQB=0.0449511;MQ0F=0.0875912;AF1=1;AC1=1;DP4=34,2,2,90;MQ=18;FQ=-999;PV4=3.16829e-26,1,1,1",GT:PL,"1:151,0",YAL063C(-)
chrI,25542,.,A,G,101.006,.,"DP=154;VDB=0.441374;SGB=-0.693147;RPB=5.18171e-06;MQB=3.28337e-12;MQSB=3.21499e-11;BQB=0.00298654;MQ0F=0.0714286;AF1=1;AC1=1;DP4=43,2,0,94;MQ=17;FQ=-999;PV4=6.16837e-34,6.08884e-05,1,1",GT:PL,"1:131,0",YAL063C(-)
chrI,25560,.,G,A,116.006,.,"DP=190;VDB=0.000362613;SGB=-0.693147;RPB=0.761072;MQB=3.95327e-14;MQSB=2.27752e-14;BQB=0.951536;MQ0F=0.0947368;AF1=1;AC1=1;DP4=55,2,2,126;MQ=15;FQ=-999;PV4=4.91996e-42,0.414239,1,0.0263926",GT:PL,"1:146,0",YAL063C(-)
chrI,25584,.,A,G,111.006,.,"DP=225;VDB=3.38032e-05;SGB=-0.693147;RPB=0.474085;MQB=1.74274e-18;MQSB=2.73737e-20;BQB=0.99999;MQ0F=0.0977778;AF1=1;AC1=1;DP4=75,3,7,136;MQ=13;FQ=-999;PV4=0,0.0985906,1,1",GT:PL,"1:141,0",YAL063C(-)
chrI,26778,.,C,T,46.005,.,"DP=211;VDB=0.00933684;SGB=-0.693147;RPB=0.598709;MQB=0.0516564;MQSB=0.133153;BQB=0.408662;MQ0F=0.104265;AF1=1;AC1=1;DP4=25,44,135,3;MQ=9;FQ=-999;PV4=1.89387e-23,0.0250327,1,1",GT:PL,"1:76,0",YAL063C(-)
chrI,26793,.,A,G,45.0051,.,"DP=250;VDB=3.66196e-10;SGB=-0.693147;RPB=8.99686e-05;MQB=4.43298e-06;MQSB=0.0255741;BQB=0.969894;MQ0F=0.104;AF1=1;AC1=1;DP4=82,80,72,5;MQ=9;FQ=-999;PV4=5.85983e-12,0.304071,1,1",GT:PL,"1:75,0",YAL063C(-)
chrI,26835,.,G,A,17.0903,.,"DP=163;VDB=3.04039e-08;SGB=-0.693147;RPB=0.000113968;MQB=0.245327;MQSB=0.310208;BQB=0.0386482;MQ0F=0.141104;AF1=1;AC1=1;DP4=10,89,48,2;MQ=10;FQ=-999;PV4=1.59955e-26,0.000106734,1,0.0374981",GT:PL,"1:47,0",YAL063C(-)
chrI,26838,.,A,G,4.7673,.,"DP=152;VDB=1.24912e-07;SGB=-0.693147;RPB=8.06405e-05;MQB=0.103108;MQSB=0.0893738;BQB=0.0241527;MQ0F=0.125;AF1=1;AC1=1;DP4=8,88,44,2;MQ=10;FQ=-999;PV4=6.12616e-26,2.32901e-05,1,0.00377888",GT:PL,"1:33,0",YAL063C(-)
chrI,26839,.,A,G,12.27,.,"DP=146;VDB=9.52866e-08;SGB=-0.693147;RPB=1.65678e-05;MQB=0.103828;MQSB=0.0845787;BQB=0.0154946;MQ0F=0.130137;AF1=1;AC1=1;DP4=7,88,44,2;MQ=10;FQ=-999;PV4=1.3934e-26,0.00015287,1,0.000301794",GT:PL,"1:42,0",YAL063C(-)
chrI,26940,.,A,G,6.97679,.,"DP=148;VDB=4.87742e-12;SGB=-0.693147;RPB=2.13984e-11;MQB=0.00744131;MQSB=5.27294e-05;BQB=0.750884;MQ0F=0.162162;AF1=1;AC1=1;DP4=9,66,46,15;MQ=8;FQ=-999;PV4=1.94927e-14,1,1,3.00732e-11",GT:PL,"1:36,0",YAL063C(-)
chrI,26970,.,G,A,30.0091,.,"DP=230;VDB=1.03669e-20;SGB=-0.693147;RPB=0.000535411;MQB=2.50583e-05;MQSB=8.73999e-06;BQB=0.183866;MQ0F=0.252174;AF1=1;AC1=1;DP4=13,86,115,9;MQ=11;FQ=-999;PV4=1.67861e-36,1,1,1",GT:PL,"1:60,0",YAL063C(-)
chrI,26973,.,A,G,32.0075,.,"DP=240;VDB=5.20206e-20;SGB=-0.693147;RPB=0.000450322;MQB=0.00365497;MQSB=1.28671e-05;BQB=0.363807;MQ0F=0.254167;AF1=1;AC1=1;DP4=6,86,122,9;MQ=11;FQ=-999;PV4=2.70451e-43,1,1,1",GT:PL,"1:62,0",YAL063C(-)
chrI,26974,.,A,G,29.0102,.,"DP=238;VDB=5.29588e-22;SGB=-0.693147;RPB=0.0545409;MQB=1.93645e-05;MQSB=1.25769e-05;BQB=0.171007;MQ0F=0.256303;AF1=1;AC1=1;DP4=13,85,114,9;MQ=11;FQ=-999;PV4=5.46452e-36,1,1,1",GT:PL,"1:59,0",YAL063C(-)
chrI,26981,.,T,C,40.0053,.,"DP=241;VDB=8.12387e-11;SGB=-0.693147;RPB=0.00195548;MQB=0.000253748;MQSB=7.59393e-08;BQB=0.0058158;MQ0F=0.261411;AF1=1;AC1=1;DP4=5,75,143,10;MQ=12;FQ=-999;PV4=2.57839e-43,1,1,1",GT:PL,"1:70,0",YAL063C(-)
chrI,26982,.,G,A,42.0052,.,"DP=242;VDB=1.28089e-10;SGB=-0.693147;RPB=0.00227952;MQB=0.000130544;MQSB=7.59393e-08;BQB=0.957817;MQ0F=0.260331;AF1=1;AC1=1;DP4=4,75,144,10;MQ=12;FQ=-999;PV4=1.68156e-44,0.364987,1,1",GT:PL,"1:72,0",YAL063C(-)
chrI,26983,.,T,G,43.0051,.,"DP=250;VDB=1.14858e-10;SGB=-0.693147;RPB=0.0014504;MQB=0.000130544;MQSB=7.59393e-08;BQB=0.729313;MQ0F=0.252;AF1=1;AC1=1;DP4=4,75,144,10;MQ=12;FQ=-999;PV4=1.68156e-44,1,1,1",GT:PL,"1:73,0",YAL063C(-)
chrI,27027,.,A,T,82.0054,.,"DP=167;VDB=0.0690748;SGB=-0.693147;RPB=0.999311;MQB=0.000759908;MQSB=2.22605e-06;BQB=0.052265;MQ0F=0.251497;AF1=1;AC1=1;DP4=1,44,111,7;MQ=15;FQ=-999;PV4=3.63018e-31,1,1,1",GT:PL,"1:112,0",YAL063C(-)
chrI,27035,.,T,C,79.0053,.,"DP=144;VDB=0.000318682;SGB=-0.693147;RPB=0.0422834;MQB=1.10683e-05;MQSB=3.06599e-09;BQB=0.468419;MQ0F=0.173611;AF1=1;AC1=1;DP4=3,43,74,8;MQ=15;FQ=-999;PV4=3.18265e-22,1,1,1",GT:PL,"1:109,0",YAL063C(-)
chrI,27036,.,G,A,80.0054,.,"DP=143;VDB=0.0003096;SGB=-0.693147;RPB=0.0422834;MQB=1.10683e-05;MQSB=3.06599e-09;BQB=0.773005;MQ0F=0.174825;AF1=1;AC1=1;DP4=3,43,74,8;MQ=15;FQ=-999;PV4=3.18265e-22,1,1,1",GT:PL,"1:110,0",YAL063C(-)
chrI,27044,.,C,T,78.0053,.,"DP=126;VDB=0.00949758;SGB=-0.693147;RPB=1.0298e-07;MQB=2.77313e-05;MQSB=8.5293e-11;BQB=0.00473723;MQ0F=0.174603;AF1=1;AC1=1;DP4=0,41,73,10;MQ=15;FQ=-999;PV4=1.11975e-23,1,1,1",GT:PL,"1:108,0",YAL063C(-)
chrI,27099,.,T,C,24.0219,.,"DP=149;VDB=1.22806e-13;SGB=-0.693147;RPB=1.31129e-20;MQB=0.980563;MQSB=1.04799e-07;BQB=3.14868e-05;MQ0F=0.422819;AF1=1;AC1=1;DP4=2,66,15,64;MQ=7;FQ=-999;PV4=0.00333742,1.65006e-06,1,0.00548482",GT:PL,"1:54,0",YAL063C(-)
chrI,27105,.,A,G,33.0069,.,"DP=174;VDB=4.49614e-15;SGB=-0.693147;RPB=6.40133e-25;MQB=0.713264;MQSB=4.34183e-09;BQB=1.92256e-06;MQ0F=0.385057;AF1=1;AC1=1;DP4=3,56,13,99;MQ=8;FQ=-999;PV4=0.26832,9.83218e-09,1,1",GT:PL,"1:63,0",YAL063C(-)
chrI,27126,.,T,C,180.007,.,"DP=212;VDB=6.14025e-07;SGB=-0.693147;RPB=3.43458e-22;MQB=0.000130822;MQSB=1.509e-13;BQB=0.000323263;MQ0F=0.316038;AF1=1;AC1=1;DP4=0,43,26,123;MQ=15;FQ=-999;PV4=0.00157265,1,1,1",GT:PL,"1:210,0",YAL063C(-)
chrI,27129,.,C,G,192.007,.,"DP=199;VDB=0.00960798;SGB=-0.693147;RPB=1.283e-09;MQB=0.237688;MQSB=5.65689e-13;BQB=0.678593;MQ0F=0.356784;AF1=1;AC1=1;DP4=0,15,26,149;MQ=16;FQ=-999;PV4=0.230601,0.401364,1,1",GT:PL,"1:222,0",YAL063C(-)
chrI,41475,.,G,T,225.007,.,"DP=138;VDB=0.935535;SGB=-0.693147;MQSB=1;MQ0F=0;AF1=1;AC1=1;DP4=0,0,20,97;MQ=42;FQ=-999",GT:PL,"1:255,0",YAL056W(+)
chrI,141030,.,T,A,185.007,.,"DP=69;VDB=0.436477;SGB=-0.693147;MQSB=1.15498e-06;MQ0F=0;AF1=1;AC1=1;DP4=0,0,58,11;MQ=23;FQ=-999",GT:PL,"1:215,0","YAL005C(-),YAL004W(+)"
chrI,141135,.,A,T,193.007,.,"DP=48;VDB=0.977931;SGB=-0.693147;MQSB=1.32923e-06;MQ0F=0;AF1=1;AC1=1;DP4=0,0,25,22;MQ=22;FQ=-999",GT:PL,"1:223,0","YAL005C(-),YAL004W(+)"
chrI,183387,.,ACC,AC,143.468,.,"INDEL;IDV=15;IMF=1;DP=15;VDB=0.00290195;SGB=-0.688148;MQSB=0.465043;MQ0F=0;AF1=1;AC1=1;DP4=0,0,6,9;MQ=24;FQ=-999",GT:PL,"1:181,45,0",N/A
chrI,199811,.,T,G,162.006,.,"DP=8;VDB=0.0619854;SGB=-0.636426;MQSB=1;MQ0F=0;AF1=1;AC1=1;DP4=0,0,2,5;MQ=42;FQ=-999",GT:PL,"1:192,0",N/A
chrI,205499,.,C,G,9.51895,.,"DP=83;VDB=3.32624e-06;SGB=-0.693147;RPB=1;MQB=1;BQB=1;MQ0F=0.0843373;AF1=1;AC1=1;DP4=1,0,78,0;MQ=9;FQ=-999;PV4=1,1,1,1",GT:PL,"1:39,0",YAR050W(+)
chrI,205519,.,C,A,92.0055,.,"DP=132;VDB=4.14119e-07;SGB=-0.693147;RPB=0.845077;MQB=0.519074;MQSB=0.0301575;BQB=0.024375;MQ0F=0.0833333;AF1=1;AC1=1;DP4=1,2,126,3;MQ=14;FQ=-999;PV4=0.00341643,1,1,1",GT:PL,"1:122,0",YAR050W(+)
chrI,206126,.,T,C,38.0055,.,"DP=42;VDB=4.93844e-16;SGB=-0.693145;MQSB=0.3714;MQ0F=0.0714286;AF1=1;AC1=1;DP4=0,0,15,26;MQ=9;FQ=-999",GT:PL,"1:68,0",YAR050W(+)
chrI,206129,.,A,C,25.0184,.,"DP=34;VDB=9.06233e-09;SGB=-0.693097;MQSB=0.936262;MQ0F=0.0882353;AF1=1;AC1=1;DP4=0,0,6,24;MQ=8;FQ=-999",GT:PL,"1:55,0",YAR050W(+)
chrI,206132,.,G,T,28.0116,.,"DP=29;VDB=0.0245004;SGB=-0.693054;MQSB=0.490404;MQ0F=0.103448;AF1=1;AC1=1;DP4=0,0,7,21;MQ=8;FQ=-999",GT:PL,"1:58,0",YAR050W(+)
chrI,206144,.,C,T,29.0102,.,"DP=21;VDB=6.87166e-07;SGB=-0.692067;MQSB=0.994413;MQ0F=0.047619;AF1=1;AC1=1;DP4=0,0,17,3;MQ=10;FQ=-999",GT:PL,"1:59,0",YAR050W(+)
chrI,206177,.,G,C,18.0728,.,"DP=76;VDB=1.99485e-08;SGB=-0.693147;MQSB=0.118172;MQ0F=0.0131579;AF1=1;AC1=1;DP4=0,0,55,20;MQ=8;FQ=-999",GT:PL,"1:48,0",YAR050W(+)
chrI,206178,.,C,A,16.1122,.,"DP=78;VDB=2.22397e-08;SGB=-0.693147;RPB=0;MQB=0.706667;MQSB=0.137431;BQB=0.08;MQ0F=0.0128205;AF1=1;AC1=1;DP4=2,0,55,20;MQ=8;FQ=-999;PV4=1,1,1,1",GT:PL,"1:46,0",YAR050W(+)
chrI,206179,.,A,C,16.1122,.,"DP=82;VDB=2.03381e-08;SGB=-0.693147;RPB=0;MQB=0.706667;MQSB=0.137431;BQB=0.0533333;MQ0F=0.0121951;AF1=1;AC1=1;DP4=2,0,55,20;MQ=8;FQ=-999;PV4=1,1,1,1",GT:PL,"1:46,0",YAR050W(+)
chrI,210818,.,A,T,62.0051,.,"DP=28;VDB=0.0156589;SGB=-0.693054;MQSB=1;MQ0F=0;AF1=1;AC1=1;DP4=0,0,1,27;MQ=15;FQ=-999",GT:PL,"1:92,0",N/A
chrI,211019,.,T,C,47.005,.,"DP=11;VDB=0.0009308;SGB=-0.670168;MQSB=0.5;MQ0F=0;AF1=1;AC1=1;DP4=0,0,2,8;MQ=13;FQ=-999",GT:PL,"1:77,0",N/A
chrII,6440,.,G,C,127.006,.,"DP=38;VDB=0.348525;SGB=-0.693136;MQSB=0.0952633;MQ0F=0;AF1=1;AC1=1;DP4=0,0,5,30;MQ=17;FQ=-999",GT:PL,"1:157,0",N/A
chrII,7912,.,GAAA,GAA,11.7654,.,"INDEL;IDV=52;IMF=0.945455;DP=55;VDB=0.59847;SGB=-0.693147;MQSB=0.102838;MQ0F=0.0181818;AF1=1;AC1=1;DP4=3,1,29,22;MQ=11;FQ=-999;PV4=0.632059,1,0.000611065,1",GT:PL,"1:49,83,0",N/A
chrII,15101,.,T,G,225.007,.,"DP=22;VDB=0.658105;SGB=-0.692562;MQSB=0.869574;MQ0F=0;AF1=1;AC1=1;DP4=0,0,7,15;MQ=42;FQ=-999",GT:PL,"1:255,0",YBL105C(-)
chrII,15510,.,G,T,225.007,.,"DP=29;VDB=0.544541;SGB=-0.693021;MQSB=0.999706;MQ0F=0;AF1=1;AC1=1;DP4=0,0,13,14;MQ=42;FQ=-999",GT:PL,"1:255,0",YBL105C(-)
chrII,15518,.,A,G,225.007,.,"DP=37;VDB=0.752445;SGB=-0.693132;MQSB=0.999405;MQ0F=0;AF1=1;AC1=1;DP4=0,0,18,16;MQ=42;FQ=-999",GT:PL,"1:255,0",YBL105C(-)
chrII,16380,.,C,T,225.007,.,"DP=79;VDB=0.605238;SGB=-0.693147;MQSB=0.697764;MQ0F=0;AF1=1;AC1=1;DP4=0,0,36,39;MQ=42;FQ=-999",GT:PL,"1:255,0",YBL105C(-)
chrII,16392,.,A,G,225.007,.,"DP=78;VDB=0.839625;SGB=-0.693147;MQSB=0.956681;MQ0F=0;AF1=1;AC1=1;DP4=0,0,39,29;MQ=42;FQ=-999",GT:PL,"1:255,0",YBL105C(-)
chrII,30012,.,C,T,4.7673,.,"DP=92;VDB=6.78867e-11;SGB=-0.693147;MQSB=0.599561;MQ0F=0;AF1=1;AC1=1;DP4=0,0,87,3;MQ=8;FQ=-999",GT:PL,"1:33,0","YBL100W-A(+),YBL100W-B(+)"
chrII,35485,.,C,T,133.006,.,"DP=11;VDB=0.00989608;SGB=-0.676189;MQSB=1;MQ0F=0;AF1=1;AC1=1;DP4=0,0,10,1;MQ=36;FQ=-999",GT:PL,"1:163,0",N/A
chrII,59755,.,T,C,98.0056,.,"DP=6;VDB=0.640413;SGB=-0.556411;MQSB=1;MQ0F=0;AF1=1;AC1=1;DP4=0,0,2,2;MQ=42;FQ=-999",GT:PL,"1:128,0",N/A
chrII,88484,.,GGAGAAGAGAAGA,GGAGAAGA,195.468,.,"INDEL;IDV=33;IMF=0.825;DP=40;VDB=1.16634e-05;SGB=-0.693145;MQSB=1;MQ0F=0;AF1=1;AC1=1;DP4=0,0,39,1;MQ=39;FQ=-999",GT:PL,"1:233,120,0",N/A
chrII,221288,.,AGTGT,AGT,19.515,.,"INDEL;IDV=2;IMF=1;DP=2;VDB=0.02;SGB=-0.453602;MQ0F=0;AF1=1;AC1=1;DP4=0,0,0,2;MQ=32;FQ=-999",GT:PL,"1:57,6,0",N/A
chrII,259764,.,C,T,36.0059,.,"DP=2;VDB=0.38;SGB=-0.453602;MQ0F=0;AF1=1;AC1=1;DP4=0,0,0,2;MQ=42;FQ=-999",GT:PL,"1:66,0",N/A
chrII,265382,.,G,T,8.64278,.,"DP=2;VDB=0.78;SGB=-0.453602;MQ0F=0;AF1=1;AC1=1;DP4=0,0,2,0;MQ=30;FQ=-999",GT:PL,"1:38,0",N/A
chrII,383176,.,CGG,CGGG,217.469,.,"INDEL;IDV=36;IMF=0.9;DP=40;VDB=0.782832;SGB=-0.693143;MQSB=0.987879;MQ0F=0;AF1=1;AC1=1;DP4=0,2,30,8;MQ=42;FQ=-999;PV4=0.0576923,1,0.410971,1",GT:PL,"1:255,56,0",YBR073W(+)
chrII,389421,.,GCTCTCT,GCTCT,217.469,.,"INDEL;IDV=26;IMF=0.962963;DP=27;VDB=0.160934;SGB=-0.692914;MQSB=0.452041;MQ0F=0;AF1=1;AC1=1;DP4=1,1,17,8;MQ=34;FQ=-999;PV4=1,1,1,1",GT:PL,"1:255,34,0",N/A
chrII,746362,.,CATCTGCAATCTGCAATCT,CATCTGCAATCT,178.468,.,"INDEL;IDV=30;IMF=0.555556;DP=54;VDB=0.502278;SGB=-0.693147;MQSB=0.0713613;MQ0F=0;AF1=0.500199;AC1=1;DP4=6,1,39,8;MQ=36;FQ=-999;PV4=1,1,0.0262701,1",GT:PL,"1:247,0,31",YBR272C(-)
chrII,746372,.,CT,CTTAGTT,18.5276,.,"INDEL;IDV=5;IMF=0.0943396;DP=53;VDB=0.988226;SGB=-0.683931;MQSB=0.292225;MQ0F=0;AF1=0.500001;AC1=1;DP4=31,9,12,1;MQ=36;FQ=-999;PV4=0.418916,1,0.0827416,8.7684e-06",GT:PL,"1:109,0,53",YBR272C(-)
chrIII,84421,.,G,A,97.0056,.,"DP=24;VDB=0.132938;SGB=-0.636426;RPB=0.98752;MQB=0.00150344;MQSB=0.81179;BQB=0.540433;MQ0F=0;AF1=1;AC1=1;DP4=8,5,3,4;MQ=22;FQ=-999;PV4=0.642415,0.0557768,1,0.438947",GT:PL,"1:127,0",N/A
chrIII,84780,.,A,T,4.12714,.,"DP=1;SGB=-0.379885;MQ0F=0;AF1=1;AC1=1;DP4=0,0,0,1;MQ=42;FQ=-999",GT:PL,"1:32,0",N/A
chrIII,127820,.,C,A,20.0478,.,"DP=6;VDB=0.155969;SGB=-0.616816;MQ0F=0;AF1=1;AC1=1;DP4=0,0,6,0;MQ=36;FQ=-999",GT:PL,"1:50,0",N/A
chrIII,143131,.,T,C,225.007,.,"DP=20;VDB=0.39289;SGB=-0.689466;MQSB=1;MQ0F=0;AF1=1;AC1=1;DP4=0,0,10,6;MQ=42;FQ=-999",GT:PL,"1:255,0",N/A
chrIII,162361,.,T,C,195.007,.,"DP=11;VDB=0.261612;SGB=-0.651104;MQSB=0.150134;MQ0F=0;AF1=1;AC1=1;DP4=0,0,3,5;MQ=41;FQ=-999",GT:PL,"1:225,0",N/A
chrIII,162396,.,G,C,225.007,.,"DP=16;VDB=0.194617;SGB=-0.680642;MQSB=0.864013;MQ0F=0;AF1=1;AC1=1;DP4=0,0,6,6;MQ=42;FQ=-999",GT:PL,"1:255,0",N/A
chrIII,162640,.,T,G,221.007,.,"DP=12;VDB=0.00272414;SGB=-0.676189;MQSB=0.964642;MQ0F=0;AF1=1;AC1=1;DP4=0,0,7,4;MQ=42;FQ=-999",GT:PL,"1:251,0",YCR024C-B(-)
chrIII,162694,.,G,A,225.007,.,"DP=15;VDB=0.0223815;SGB=-0.686358;MQSB=1;MQ0F=0;AF1=1;AC1=1;DP4=0,0,9,5;MQ=42;FQ=-999",GT:PL,"1:255,0",YCR024C-B(-)
chrIII,162712,.,TAAAAAAAAAA,TAAAAAAAAA,12.7055,.,"INDEL;IDV=21;IMF=0.954545;DP=22;VDB=0.163245;SGB=-0.692067;MQSB=0.981001;MQ0F=0;AF1=1;AC1=1;DP4=1,1,16,4;MQ=42;FQ=-999;PV4=0.411255,1,0.38013,1",GT:PL,"1:50,41,0",YCR024C-B(-)
chrIII,163059,.,T,C,225.007,.,"DP=32;VDB=0.405077;SGB=-0.693097;MQSB=0.587277;MQ0F=0;AF1=1;AC1=1;DP4=0,0,8,22;MQ=42;FQ=-999",GT:PL,"1:255,0",YCR024C-A(-)
chrIII,199081,.,G,A,129.006,.,"DP=95;VDB=0.378621;SGB=-0.693147;RPB=0.00272122;MQB=4.73933e-06;MQSB=6.6246e-05;BQB=0.907308;MQ0F=0;AF1=1;AC1=1;DP4=21,13,17,39;MQ=20;FQ=-999;PV4=0.00443335,0.229148,1,1",GT:PL,"1:159,0",YCR038C(-)
chrIV,736999,.,T,A,225.007,.,"DP=39;VDB=0.0965669;SGB=-0.693132;RPB=1;MQB=1;MQSB=1;BQB=1;MQ0F=0;AF1=1;AC1=1;DP4=0,1,9,25;MQ=42;FQ=-999;PV4=1,1,1,0.239378",GT:PL,"1:255,0",YDR141C(-)
chrIV,757631,.,G,"C,T",127.006,.,"DP=146;VDB=0.000293016;SGB=-0.693147;RPB=1;MQB=1;MQSB=0.397152;BQB=1;MQ0F=0;AF1=1;AC1=1;DP4=0,1,94,48;MQ=15;FQ=-999;PV4=0.342657,1,1,1",GT:PL,"1:157,0,121",YDR150W(+)
chrIV,758310,.,T,C,93.0055,.,"DP=116;VDB=0.145979;SGB=-0.693147;MQSB=0.240974;MQ0F=0.00862069;AF1=1;AC1=1;DP4=0,0,17,92;MQ=11;FQ=-999",GT:PL,"1:123,0",YDR150W(+)
chrIV,769328,.,G,A,225.007,.,"DP=19;VDB=0.198145;SGB=-0.691153;MQSB=1;MQ0F=0;AF1=1;AC1=1;DP4=0,0,7,11;MQ=42;FQ=-999",GT:PL,"1:255,0",N/A
chrIV,783598,.,G,A,225.007,.,"DP=73;VDB=0.000598234;SGB=-0.693147;MQSB=1;MQ0F=0;AF1=1;AC1=1;DP4=0,0,28,41;MQ=42;FQ=-999",GT:PL,"1:255,0",YDR164C(-)
chrIV,864219,.,A,G,225.007,.,"DP=76;VDB=1.82735e-05;SGB=-0.693147;MQSB=1;MQ0F=0;AF1=1;AC1=1;DP4=0,0,52,22;MQ=42;FQ=-999",GT:PL,"1:255,0",YDR206W(+)
chrIV,880697,.,A,G,6.19669,.,"DP=106;VDB=1.73182e-09;SGB=-0.693147;RPB=0.956323;MQB=5.17555e-17;MQSB=1.2195e-12;BQB=0.967238;MQ0F=0.00943396;AF1=1;AC1=1;DP4=8,42,51,0;MQ=11;FQ=-999;PV4=1.10982e-20,0.0308425,1,1",GT:PL,"1:35,0",YDR210C-D(-)
chrIV,1079031,.,C,A,10.418,.,"DP=5;VDB=0.100421;SGB=-0.556411;MQ0F=0;AF1=1;AC1=1;DP4=0,0,4,0;MQ=42;FQ=-999",GT:PL,"1:40,0",N/A
chrIV,1150910,.,AGG,AGGG,213.469,.,"INDEL;IDV=19;IMF=0.95;DP=20;VDB=0.112192;SGB=-0.691153;MQSB=0.969852;MQ0F=0;AF1=0.624261;AC1=1;DP4=0,2,6,12;MQ=42;FQ=-999;PV4=1,1,1,1",GT:PL,"1:255,0,4",YDR340W(+)
chrIV,1185130,.,C,A,225.007,.,"DP=147;VDB=0.251821;SGB=-0.693147;MQSB=1;MQ0F=0;AF1=1;AC1=1;DP4=0,0,94,38;MQ=42;FQ=-999",GT:PL,"1:255,0",YDR354W(+)
chrIV,1253397,.,T,C,225.007,.,"DP=64;VDB=0.00754162;SGB=-0.693147;MQSB=0.911886;MQ0F=0;AF1=1;AC1=1;DP4=0,0,49,9;MQ=42;FQ=-999",GT:PL,"1:255,0",YDR389W(+)
chrIV,1305680,.,TGG,TG,127.468,.,"INDEL;IDV=7;IMF=1;DP=7;VDB=0.596338;SGB=-0.636426;MQSB=1;MQ0F=0;AF1=1;AC1=1;DP4=0,0,5,2;MQ=42;FQ=-999",GT:PL,"1:165,21,0",N/A
chrIV,1330174,.,C,A,4.12714,.,"DP=1;SGB=-0.379885;MQ0F=0;AF1=1;AC1=1;DP4=0,0,0,1;MQ=42;FQ=-999",GT:PL,"1:32,0",N/A
chrIV,1402305,.,C,T,225.007,.,"DP=28;VDB=0.414335;SGB=-0.692914;MQSB=0.973216;MQ0F=0;AF1=1;AC1=1;DP4=0,0,17,8;MQ=38;FQ=-999",GT:PL,"1:255,0",YDR471W(+)
chrIV,1433710,.,A,T,225.007,.,"DP=71;VDB=0.13444;SGB=-0.693147;MQSB=1;MQ0F=0;AF1=1;AC1=1;DP4=0,0,37,27;MQ=42;FQ=-999",GT:PL,"1:255,0",YDR490C(-)
chrIV,1524974,.,A,G,225.007,.,"DP=61;VDB=0.994414;SGB=-0.693147;MQSB=0.00782964;MQ0F=0;AF1=1;AC1=1;DP4=0,0,31,21;MQ=25;FQ=-999",GT:PL,"1:255,0",N/A
chrIV,1525313,.,T,G,178.007,.,"DP=53;VDB=0.000729615;SGB=-0.693147;MQSB=0.203281;MQ0F=0.0566038;AF1=1;AC1=1;DP4=0,0,7,38;MQ=21;FQ=-999",GT:PL,"1:208,0",YDR544C(-)
chrIV,1525335,.,C,G,125.006,.,"DP=39;VDB=7.36266e-07;SGB=-0.693136;MQSB=0.142509;MQ0F=0.0769231;AF1=1;AC1=1;DP4=0,0,3,32;MQ=20;FQ=-999",GT:PL,"1:155,0",YDR544C(-)
chrIV,1525340,.,C,A,101.006,.,"DP=34;VDB=6.80328e-08;SGB=-0.69311;MQSB=0;MQ0F=0.0588235;AF1=1;AC1=1;DP4=0,0,2,29;MQ=20;FQ=-999",GT:PL,"1:131,0",YDR544C(-)
chrIV,1525345,.,C,G,102.006,.,"DP=26;VDB=1.15769e-08;SGB=-0.692831;MQSB=0;MQ0F=0.0769231;AF1=1;AC1=1;DP4=0,0,2,22;MQ=19;FQ=-999",GT:PL,"1:132,0",YDR544C(-)
chrIV,1525351,.,C,G,87.0054,.,"DP=25;VDB=1.27478e-07;SGB=-0.691153;MQSB=1;MQ0F=0.04;AF1=1;AC1=1;DP4=0,0,1,17;MQ=20;FQ=-999",GT:PL,"1:117,0",YDR544C(-)
chrIV,1525357,.,C,G,72.0053,.,"DP=17;VDB=1.27565e-06;SGB=-0.670168;MQ0F=0;AF1=1;AC1=1;DP4=0,0,0,10;MQ=22;FQ=-999",GT:PL,"1:102,0",YDR544C(-)
chrIV,1525363,.,C,G,30.0091,.,"DP=10;VDB=1.33331e-05;SGB=-0.651104;MQ0F=0;AF1=1;AC1=1;DP4=0,0,0,8;MQ=23;FQ=-999",GT:PL,"1:60,0",YDR544C(-)
chrV,5494,.,C,T,4.12714,.,"DP=150;VDB=2.14445e-17;SGB=-0.693147;RPB=0.0387446;MQB=0.0151905;MQSB=0.291298;BQB=0.975434;MQ0F=0.0733333;AF1=0.5;AC1=1;DP4=3,64,0,83;MQ=28;FQ=-999;PV4=0.0868946,0.199953,1,1",GT:PL,"1:146,114",YEL075C(-)
chrV,48384,.,T,C,225.007,.,"DP=13;VDB=0.851622;SGB=-0.683931;MQSB=1;MQ0F=0;AF1=1;AC1=1;DP4=0,0,9,4;MQ=42;FQ=-999",GT:PL,"1:255,0",N/A
chrV,115973,.,G,A,45.0051,.,"DP=15;VDB=0.0298006;SGB=-0.556411;MQ0F=0;AF1=1;AC1=1;DP4=0,0,4,0;MQ=33;FQ=-999",GT:PL,"1:75,0",N/A
chrV,115989,.,C,T,119.006,.,"DP=18;VDB=0.167824;SGB=-0.691153;MQ0F=0;AF1=1;AC1=1;DP4=0,0,18,0;MQ=28;FQ=-999",GT:PL,"1:149,0",N/A
chrV,115997,.,T,C,123.006,.,"DP=21;VDB=0.558343;SGB=-0.692352;MQ0F=0;AF1=1;AC1=1;DP4=0,0,21,0;MQ=30;FQ=-999",GT:PL,"1:153,0",N/A
chrV,116028,.,G,A,219.007,.,"DP=46;VDB=0.426308;SGB=-0.693143;MQSB=0.0221263;MQ0F=0;AF1=1;AC1=1;DP4=0,0,35,3;MQ=38;FQ=-999",GT:PL,"1:249,0",N/A
chrV,116086,.,G,A,225.007,.,"DP=250;VDB=8.50631e-13;SGB=-0.693147;MQSB=1;MQ0F=0;AF1=1;AC1=1;DP4=0,0,247,1;MQ=42;FQ=-999",GT:PL,"1:255,0",N/A
chrV,116577,.,G,A,225.007,.,"DP=236;VDB=2.87699e-07;SGB=-0.693147;MQSB=0.999991;MQ0F=0;AF1=1;AC1=1;DP4=0,0,114,110;MQ=42;FQ=-999",GT:PL,"1:255,0",YEL021W(+)
chrV,116644,.,G,T,225.007,.,"DP=201;VDB=0.940556;SGB=-0.693147;MQSB=0.98127;MQ0F=0;AF1=1;AC1=1;DP4=0,0,72,119;MQ=42;FQ=-999",GT:PL,"1:255,0",YEL021W(+)
chrV,116799,.,C,T,225.007,.,"DP=244;VDB=0.00993222;SGB=-0.693147;MQSB=1;MQ0F=0;AF1=1;AC1=1;DP4=0,0,30,206;MQ=42;FQ=-999",GT:PL,"1:255,0",YEL021W(+)
chrV,116838,.,C,G,225.007,.,"DP=174;VDB=0.508333;SGB=-0.693147;MQSB=0.958845;MQ0F=0;AF1=1;AC1=1;DP4=0,0,29,130;MQ=42;FQ=-999",GT:PL,"1:255,0",YEL021W(+)
chrV,154531,.,T,A,225.007,.,"DP=35;VDB=0.00101457;SGB=-0.693127;MQSB=1;MQ0F=0;AF1=1;AC1=1;DP4=0,0,10,23;MQ=42;FQ=-999",GT:PL,"1:255,0",YER001W(+)
chrV,352394,.,A,G,225.007,.,"DP=60;VDB=0.470583;SGB=-0.693147;MQSB=1;MQ0F=0;AF1=1;AC1=1;DP4=0,0,13,36;MQ=42;FQ=-999",GT:PL,"1:255,0",YER096W(+)
chrV,517529,.,T,C,225.007,.,"DP=18;VDB=0.05363;SGB=-0.691153;MQSB=0.938795;MQ0F=0;AF1=1;AC1=1;DP4=0,0,15,3;MQ=41;FQ=-999",GT:PL,"1:255,0",N/A
chrVI,3,.,TCT,"TCAAGCTGATCT,TCTGATCT",3.80489,.,"INDEL;IDV=7;IMF=0.7;DP=10;VDB=1.27566e-06;SGB=-0.636426;MQ0F=0;AF1=1;AC1=1;DP4=3,0,7,0;MQ=14;FQ=-999;PV4=1,1,1,1",GT:PL,"1:40,9,1,32,0,27",N/A
chrVI,97864,.,CTTTTTTTTTT,"CTTTTTTTTTTTT,CTTTTTTTTTTT,CTTTTTTTTTTTTT",70.4669,.,"INDEL;IDV=33;IMF=0.891892;DP=37;VDB=0.00498417;SGB=-0.693132;MQSB=0.800884;MQ0F=0;AF1=1;AC1=1;DP4=3,0,29,5;MQ=42;FQ=-999;PV4=1,1,1,1",GT:PL,"1:108,50,0,110,31,104,84,30,85,81",N/A
chrVII,9,.,ACAC,"ACACCAC,ACACCCACACCAC",109.467,.,"INDEL;IDV=17;IMF=0.809524;DP=21;VDB=7.27686e-12;SGB=-0.690438;MQ0F=0.047619;AF1=0.50636;AC1=1;DP4=4,0,17,0;MQ=34;FQ=-999;PV4=1,1,1,0.13874",GT:PL,"1:200,37,53,146,0,167",N/A
chrVII,214,.,ACC,ACCC,217.469,.,"INDEL;IDV=61;IMF=0.924242;DP=66;VDB=0.986094;SGB=-0.693147;MQSB=0.000937292;MQ0F=0.0151515;AF1=1;AC1=1;DP4=1,4,24,37;MQ=25;FQ=-999;PV4=0.642159,1,1,1",GT:PL,"1:255,109,0",N/A
chrVII,8151,.,GA,GAA,6.55188,.,"INDEL;IDV=26;IMF=0.742857;DP=35;VDB=0.999248;SGB=-0.693127;MQSB=0.0421438;MQ0F=0;AF1=1;AC1=1;DP4=1,1,15,18;MQ=8;FQ=-999;PV4=1,1,0.180601,1",GT:PL,"1:43,78,0",N/A
chrVII,386978,.,C,G,225.007,.,"DP=113;VDB=0.155713;SGB=-0.693147;MQSB=5.91118e-07;MQ0F=0;AF1=1;AC1=1;DP4=0,0,43,54;MQ=30;FQ=-999",GT:PL,"1:255,0",YGL062W(+)
chrVII,386979,.,G,C,225.007,.,"DP=116;VDB=0.185576;SGB=-0.693147;RPB=1;MQB=1;MQSB=1.10861e-06;BQB=1;MQ0F=0;AF1=1;AC1=1;DP4=0,1,43,54;MQ=30;FQ=-999;PV4=1,1,0.146221,1",GT:PL,"1:255,0",YGL062W(+)
chrVII,401674,.,C,A,182.007,.,"DP=10;VDB=0.865278;SGB=-0.662043;MQSB=0.487298;MQ0F=0;AF1=1;AC1=1;DP4=0,0,4,5;MQ=38;FQ=-999",GT:PL,"1:212,0",N/A
chrVII,401698,.,T,A,122.006,.,"DP=7;VDB=0.427991;SGB=-0.616816;MQSB=1;MQ0F=0;AF1=1;AC1=1;DP4=0,0,1,5;MQ=42;FQ=-999",GT:PL,"1:152,0",N/A
chrVII,404935,.,C,G,95.0056,.,"DP=11;VDB=0.0203962;SGB=-0.676189;MQ0F=0;AF1=1;AC1=1;DP4=0,0,11,0;MQ=29;FQ=-999",GT:PL,"1:125,0",N/A
chrVII,404936,.,G,C,95.0056,.,"DP=11;VDB=0.0237681;SGB=-0.676189;MQ0F=0;AF1=1;AC1=1;DP4=0,0,11,0;MQ=29;FQ=-999",GT:PL,"1:125,0",N/A
chrVII,405085,.,CGG,CG,130.468,.,"INDEL;IDV=14;IMF=1;DP=14;VDB=0.0286867;SGB=-0.683931;MQSB=0.0416667;MQ0F=0;AF1=1;AC1=1;DP4=0,1,12,1;MQ=38;FQ=-999;PV4=0.142857,1,1,1",GT:PL,"1:168,31,0",N/A
chrVII,850800,.,G,"T,C",4.12714,.,"DP=6;VDB=0.0186337;SGB=-0.616816;MQ0F=0;AF1=1;AC1=1;DP4=0,0,0,6;MQ=39;FQ=-999",GT:PL,"1:41,9,26",N/A
chrVII,1006277,.,G,C,225.007,.,"DP=49;VDB=0.0821946;SGB=-0.693147;MQSB=0.902783;MQ0F=0;AF1=1;AC1=1;DP4=0,0,36,11;MQ=41;FQ=-999",GT:PL,"1:255,0",YGR257C(-)
chrVII,1006278,.,C,G,225.007,.,"DP=49;VDB=0.0841393;SGB=-0.693147;MQSB=0.902783;MQ0F=0;AF1=1;AC1=1;DP4=0,0,36,11;MQ=41;FQ=-999",GT:PL,"1:255,0",YGR257C(-)
chrVII,1006279,.,G,C,225.007,.,"DP=50;VDB=0.11267;SGB=-0.693147;MQSB=0.938216;MQ0F=0;AF1=1;AC1=1;DP4=0,0,36,12;MQ=41;FQ=-999",GT:PL,"1:255,0",YGR257C(-)
chrVIII,1569,.,G,A,225.007,.,"DP=249;VDB=0.0533434;SGB=-0.693147;MQ0F=0.0281125;AF1=1;AC1=1;DP4=0,0,218,0;MQ=32;FQ=-999",GT:PL,"1:255,0",YHL050C(-)
chrVIII,1672,.,A,G,87.0054,.,"DP=249;VDB=1.37997e-14;SGB=-0.693147;RPB=0.882638;MQB=6.14964e-12;MQSB=3.31128e-11;BQB=0.000215378;MQ0F=0.0361446;AF1=1;AC1=1;DP4=40,24,179,2;MQ=29;FQ=-999;PV4=5.049e-14,9.43357e-06,1,0.0229632",GT:PL,"1:117,0",YHL050C(-)
chrVIII,1708,.,A,G,28.0116,.,"DP=244;VDB=0.0143619;SGB=-0.693147;RPB=2.73119e-07;MQB=3.84298e-11;MQSB=0.00144585;BQB=2.27699e-10;MQ0F=0.0696721;AF1=0.50002;AC1=1;DP4=83,20,134,0;MQ=24;FQ=-999;PV4=1.83156e-08,7.24063e-16,1,1",GT:PL,"1:99,41",YHL050C(-)
chrVIII,1846,.,A,G,32.0075,.,"DP=107;VDB=0.124274;SGB=-0.693147;MQSB=0.976644;MQ0F=0.00934579;AF1=1;AC1=1;DP4=0,0,8,97;MQ=8;FQ=-999",GT:PL,"1:62,0",YHL050C(-)
chrVIII,1930,.,A,G,4.7673,.,"DP=194;VDB=3.06733e-21;SGB=-0.693147;RPB=9.6079e-18;MQB=0.000304621;MQSB=0.00126846;BQB=0.355046;MQ0F=0.056701;AF1=0.5;AC1=1;DP4=7,65,2,94;MQ=23;FQ=-999;PV4=0.0391475,0.200012,1,0.0793434",GT:PL,"1:133,100",N/A
chrVIII,1997,.,T,C,198.007,.,"DP=246;VDB=0.621393;SGB=-0.693147;RPB=0.584497;MQB=0.000750786;MQSB=0.00417071;BQB=0.972057;MQ0F=0.0162602;AF1=1;AC1=1;DP4=4,10,0,224;MQ=30;FQ=-999;PV4=7.67963e-06,0.404873,1,0.186817",GT:PL,"1:228,0",N/A
chrVIII,2068,.,A,T,137.006,.,"DP=250;VDB=0.00052241;SGB=-0.693147;RPB=0.658637;MQB=0.111672;MQSB=0.0423182;BQB=0.471343;MQ0F=0.064;AF1=1;AC1=1;DP4=3,18,1,224;MQ=29;FQ=-999;PV4=0.00204997,0.0423326,1,1",GT:PL,"1:167,0",N/A
chrVIII,4844,.,C,T,12.27,.,"DP=2;VDB=0.64;SGB=-0.453602;MQ0F=0;AF1=1;AC1=1;DP4=0,0,2,0;MQ=23;FQ=-999",GT:PL,"1:42,0",N/A
chrVIII,4856,.,G,A,12.27,.,"DP=2;VDB=0.64;SGB=-0.453602;MQ0F=0;AF1=1;AC1=1;DP4=0,0,2,0;MQ=23;FQ=-999",GT:PL,"1:42,0",N/A
chrVIII,4858,.,T,G,12.27,.,"DP=2;VDB=0.64;SGB=-0.453602;MQ0F=0;AF1=1;AC1=1;DP4=0,0,2,0;MQ=23;FQ=-999",GT:PL,"1:42,0",N/A
chrVIII,5556,.,C,T,25.0184,.,"DP=23;VDB=0.022955;SGB=-0.680642;RPB=0.0833333;MQB=0.916667;MQSB=0.174566;BQB=0.833333;MQ0F=0;AF1=0.730437;AC1=1;DP4=2,0,9,3;MQ=18;FQ=-999;PV4=1,1,0.215585,1",GT:PL,"1:57,2",N/A
chrVIII,5635,.,T,C,36.0059,.,"DP=2;VDB=0.6;SGB=-0.453602;MQ0F=0;AF1=1;AC1=1;DP4=0,0,2,0;MQ=41;FQ=-999",GT:PL,"1:66,0",N/A
chrVIII,5759,.,G,A,72.0053,.,"DP=16;VDB=0.000166815;SGB=-0.689466;MQ0F=0.0625;AF1=1;AC1=1;DP4=0,0,16,0;MQ=19;FQ=-999",GT:PL,"1:102,0",YHL048C-A(-)
chrVIII,5775,.,G,C,68.0052,.,"DP=15;VDB=3.87301e-05;SGB=-0.686358;RPB=1;MQB=1;BQB=1;MQ0F=0.0666667;AF1=1;AC1=1;DP4=1,0,14,0;MQ=19;FQ=-999;PV4=1,0.400148,1,1",GT:PL,"1:98,0",YHL048C-A(-)
chrVIII,5777,.,G,A,67.0052,.,"DP=15;VDB=1.38418e-05;SGB=-0.688148;MQ0F=0.0666667;AF1=1;AC1=1;DP4=0,0,15,0;MQ=19;FQ=-999",GT:PL,"1:97,0",YHL048C-A(-)
chrVIII,5788,.,T,G,69.0052,.,"DP=16;VDB=0.000340114;SGB=-0.689466;MQ0F=0.0625;AF1=1;AC1=1;DP4=0,0,16,0;MQ=18;FQ=-999",GT:PL,"1:99,0",YHL048C-A(-)
chrVIII,5806,.,C,T,69.0052,.,"DP=15;VDB=0.00195424;SGB=-0.686358;RPB=1;MQB=1;BQB=1;MQ0F=0.0666667;AF1=1;AC1=1;DP4=1,0,14,0;MQ=19;FQ=-999;PV4=1,1,1,0.115741",GT:PL,"1:99,0",N/A
chrVIII,5942,.,G,A,6.97679,.,"DP=1;SGB=-0.379885;MQ0F=0;AF1=1;AC1=1;DP4=0,0,0,1;MQ=40;FQ=-999",GT:PL,"1:36,0",N/A
chrVIII,6252,.,T,G,7.79382,.,"DP=9;VDB=0.000268442;SGB=-0.662043;MQSB=1;MQ0F=0.111111;AF1=1;AC1=1;DP4=0,0,8,1;MQ=8;FQ=-999",GT:PL,"1:37,0",N/A
chrVIII,254182,.,G,T,6.97679,.,"DP=1;SGB=-0.379885;MQ0F=0;AF1=1;AC1=1;DP4=0,0,1,0;MQ=42;FQ=-999",GT:PL,"1:36,0",YHR077C(-)
chrVIII,417054,.,G,A,225.007,.,"DP=34;VDB=0.00277633;SGB=-0.693127;MQSB=1;MQ0F=0;AF1=1;AC1=1;DP4=0,0,8,25;MQ=42;FQ=-999",GT:PL,"1:255,0",YHR158C(-)
chrVIII,499958,.,C,T,225.007,.,"DP=79;VDB=0.0019574;SGB=-0.693147;MQSB=1;MQ0F=0;AF1=1;AC1=1;DP4=0,0,75,3;MQ=42;FQ=-999",GT:PL,"1:255,0",YHR201C(-)
chrVIII,511255,.,C,T,225.007,.,"DP=115;VDB=0.100668;SGB=-0.693147;MQSB=0.945377;MQ0F=0;AF1=1;AC1=1;DP4=0,0,21,81;MQ=42;FQ=-999",GT:PL,"1:255,0",YHR205W(+)
chrVIII,524447,.,C,G,225.007,.,"DP=19;VDB=0.446847;SGB=-0.689466;MQSB=0.863243;MQ0F=0;AF1=1;AC1=1;DP4=0,0,10,6;MQ=42;FQ=-999",GT:PL,"1:255,0",N/A
chrIX,23214,.,T,G,9.51895,.,"DP=29;VDB=0.168154;SGB=-0.692914;MQ0F=0;AF1=1;AC1=1;DP4=0,0,25,0;MQ=10;FQ=-999",GT:PL,"1:39,0",YIL169C(-)
chrIX,105433,.,AAATAATAAT,AAATAATAATAAT,102.467,.,"INDEL;IDV=4;IMF=0.8;DP=5;VDB=0.610267;SGB=-0.590765;MQ0F=0;AF1=1;AC1=1;DP4=0,0,5,0;MQ=42;FQ=-999",GT:PL,"1:140,15,0",YIL130W(+)
chrIX,241025,.,C,A,3.54149,.,"DP=7;VDB=0.0874129;SGB=-0.616816;RPB=1;MQB=1;MQSB=1;BQB=1;MQ0F=0;AF1=0.508026;AC1=1;DP4=1,0,0,6;MQ=41;FQ=-999;PV4=0.142857,0.00902282,1,1",GT:PL,"1:46,15",N/A
chrIX,318694,.,T,A,225.007,.,"DP=55;VDB=0.121003;SGB=-0.693147;MQSB=0.898511;MQ0F=0;AF1=1;AC1=1;DP4=0,0,8,46;MQ=42;FQ=-999",GT:PL,"1:255,0",YIL017C(-)
chrIX,439882,.,TGTGTG,TGTGTGGGTGTGGGTGTG,31.4695,.,"INDEL;IDV=1;IMF=0.0384615;DP=26;VDB=5.67019e-14;SGB=-0.689466;MQ0F=0.0384615;AF1=0.5;AC1=1;DP4=0,10,0,16;MQ=35;FQ=-999;PV4=1,1,0.279095,1",GT:PL,"1:170,0,101",N/A
chrX,97478,.,G,A,225.007,.,"DP=41;VDB=0.00802592;SGB=-0.693145;MQSB=0.98533;MQ0F=0;AF1=1;AC1=1;DP4=0,0,29,12;MQ=42;FQ=-999",GT:PL,"1:255,0",N/A
chrX,100335,.,C,T,225.007,.,"DP=127;VDB=0.00736216;SGB=-0.693147;RPB=1;MQB=1;MQSB=1;BQB=1;MQ0F=0;AF1=1;AC1=1;DP4=1,0,57,59;MQ=42;FQ=-999;PV4=0.495726,0.456604,1,0.169339",GT:PL,"1:255,0",YJL171C(-)
chrX,199170,.,A,C,15.1396,.,"DP=24;VDB=0.928512;SGB=-0.692562;RPB=1;MQB=1;MQSB=0.815326;BQB=1;MQ0F=0;AF1=1;AC1=1;DP4=0,1,3,19;MQ=7;FQ=-999;PV4=1,1,1,1",GT:PL,"1:45,0",YJL113W(+)
chrX,278977,.,CAGAGAG,CAGAG,217.469,.,"INDEL;IDV=70;IMF=0.921053;DP=76;VDB=0.0384233;SGB=-0.693147;MQSB=0.999934;MQ0F=0;AF1=1;AC1=1;DP4=2,4,52,18;MQ=42;FQ=-999;PV4=0.0547273,1,0.211504,1",GT:PL,"1:255,86,0",YJL083W(+)
chrX,416935,.,G,C,6.97679,.,"DP=1;SGB=-0.379885;MQ0F=0;AF1=1;AC1=1;DP4=0,0,1,0;MQ=42;FQ=-999",GT:PL,"1:36,0",N/A
chrXI,457,.,C,CA,188.468,.,"INDEL;IDV=53;IMF=0.946429;DP=56;VDB=0.948094;SGB=-0.693147;MQSB=0.670541;MQ0F=0;AF1=1;AC1=1;DP4=0,5,32,19;MQ=22;FQ=-999;PV4=0.0111272,1,1,1",GT:PL,"1:226,88,0",YKL225W(+)
chrXI,451568,.,GGAACACGAACACGAACA,GGAACACGAACA,217.469,.,"INDEL;IDV=69;IMF=0.726316;DP=95;VDB=0.069938;SGB=-0.693147;MQSB=0.000312676;MQ0F=0;AF1=1;AC1=1;DP4=9,2,25,59;MQ=40;FQ=-999;PV4=0.00133537,1,0.0160733,1",GT:PL,"1:255,5,0",YKR007W(+)
chrXI,666554,.,AGG,AG,210.469,.,"INDEL;IDV=1;IMF=0.0113636;DP=88;VDB=0.230292;SGB=-0.693147;MQSB=0.23939;MQ0F=0;AF1=1;AC1=1;DP4=2,4,6,76;MQ=39;FQ=-999;PV4=0.090622,1,0.474491,1",GT:PL,"1:248,134,0",N/A
chrXI,666556,.,GT,G,217.469,.,"INDEL;IDV=79;IMF=0.908046;DP=87;VDB=0.145598;SGB=-0.693147;MQSB=0.158499;MQ0F=0;AF1=1;AC1=1;DP4=1,5,6,75;MQ=39;FQ=-999;PV4=0.404928,1,0.46947,1",GT:PL,"1:255,159,0",N/A
chrXI,666557,.,TG,T,217.469,.,"INDEL;IDV=3;IMF=0.0344828;DP=87;VDB=0.144837;SGB=-0.693147;MQSB=0.158499;MQ0F=0;AF1=1;AC1=1;DP4=1,5,6,75;MQ=39;FQ=-999;PV4=0.404928,1,0.46947,1",GT:PL,"1:255,141,0",N/A
chrXII,590,.,ATG,ATGTACAGTG,47.4666,.,"INDEL;IDV=25;IMF=0.141243;DP=177;VDB=0.778121;SGB=-0.693147;MQ0F=0;AF1=0.5;AC1=1;DP4=65,0,112,0;MQ=29;FQ=-999;PV4=1,1,1,1",GT:PL,"1:178,0,93",YLL067C(-)
chrXII,591,.,TGG,TGTACAGCGG,87.4671,.,"INDEL;IDV=126;IMF=0.72;DP=175;VDB=0.583989;SGB=-0.693147;MQ0F=0;AF1=1;AC1=1;DP4=43,0,132,0;MQ=29;FQ=-999;PV4=1,1,1,1",GT:PL,"1:125,5,0",YLL067C(-)
chrXII,187137,.,ATTT,ATT,169.468,.,"INDEL;IDV=43;IMF=0.796296;DP=54;VDB=0.725249;SGB=-0.693147;MQSB=1;MQ0F=0;AF1=0.50002;AC1=1;DP4=1,8,29,16;MQ=42;FQ=-999;PV4=0.00708523,1,1,1",GT:PL,"1:248,0,41",N/A
chrXII,220717,.,G,"A,T,C",3.54149,.,"DP=3;VDB=0.131948;SGB=-0.511536;MQSB=1;MQ0F=0;AF1=1;AC1=1;DP4=0,0,1,2;MQ=24;FQ=-999",GT:PL,"1:31,3,0,33,2,30,33,2,32,30",N/A
chrXII,291384,.,A,G,225.007,.,"DP=93;VDB=0.000673792;SGB=-0.693147;MQSB=0.968936;MQ0F=0;AF1=1;AC1=1;DP4=0,0,31,60;MQ=42;FQ=-999",GT:PL,"1:255,0",YLR081W(+)
chrXII,291386,.,A,G,225.007,.,"DP=96;VDB=0.000299597;SGB=-0.693147;MQSB=0.969115;MQ0F=0;AF1=1;AC1=1;DP4=0,0,31,59;MQ=42;FQ=-999",GT:PL,"1:255,0",YLR081W(+)
chrXII,468701,.,T,C,29.0102,.,"DP=248;VDB=0.431004;SGB=-0.680642;RPB=0.862585;MQB=6.90213e-05;MQSB=0.733447;BQB=0.671739;MQ0F=0;AF1=1;AC1=1;DP4=138,91,11,1;MQ=8;FQ=-999;PV4=0.0327146,1,1,1",GT:PL,"1:59,0",N/A
chrXII,474417,.,ACC,ACCC,26.4761,.,"INDEL;IDV=2;IMF=0.666667;DP=3;VDB=0.292464;SGB=-0.453602;MQ0F=0;AF1=1;AC1=1;DP4=1,0,2,0;MQ=34;FQ=-999;PV4=1,1,1,1",GT:PL,"1:64,3,0",N/A
chrXII,475970,.,TTTG,TTTGAGACATTG,21.4971,.,"INDEL;IDV=3;IMF=1;DP=3;VDB=0.0279572;SGB=-0.511536;MQ0F=0;AF1=1;AC1=1;DP4=0,0,0,3;MQ=24;FQ=-999",GT:PL,"1:59,9,0",YLR157W-D(+)
chrXII,528749,.,T,A,225.007,.,"DP=127;VDB=0.177413;SGB=-0.693147;MQSB=0.988169;MQ0F=0;AF1=1;AC1=1;DP4=0,0,62,61;MQ=42;FQ=-999",GT:PL,"1:255,0",YLR188W(+)
chrXII,725936,.,G,A,204.007,.,"DP=32;VDB=0.65951;SGB=-0.693079;MQSB=1;MQ0F=0;AF1=1;AC1=1;DP4=0,0,28,1;MQ=42;FQ=-999",GT:PL,"1:234,0",N/A
chrXII,732281,.,CA,CAGGATCCTCAGA,19.515,.,"INDEL;IDV=1;IMF=0.333333;DP=3;VDB=0.0330887;SGB=-0.511536;MQ0F=0;AF1=1;AC1=1;DP4=0,0,0,3;MQ=23;FQ=-999",GT:PL,"1:57,9,0",YLR302C(-)
chrXII,734703,.,T,A,91.0055,.,"DP=6;VDB=0.0138351;SGB=-0.556411;MQ0F=0;AF1=1;AC1=1;DP4=0,0,4,0;MQ=42;FQ=-999",GT:PL,"1:121,0",N/A
chrXII,784382,.,GCC,GCCC,217.469,.,"INDEL;IDV=51;IMF=0.944444;DP=54;VDB=0.0603155;SGB=-0.693147;MQSB=1;MQ0F=0;AF1=1;AC1=1;DP4=3,0,30,21;MQ=42;FQ=-999;PV4=0.273585,1,1,1",GT:PL,"1:255,80,0",N/A
chrXII,828903,.,C,T,225.007,.,"DP=90;VDB=0.125292;SGB=-0.693147;MQSB=0.998082;MQ0F=0;AF1=1;AC1=1;DP4=0,0,79,9;MQ=42;FQ=-999",GT:PL,"1:255,0",YLR350W(+)
chrXII,995690,.,G,A,48.005,.,"DP=6;VDB=0.820274;SGB=-0.556411;RPB=1;MQB=1;MQSB=1;BQB=1;MQ0F=0;AF1=0.501994;AC1=1;DP4=1,0,2,2;MQ=42;FQ=-999;PV4=1,1,1,1",GT:PL,"1:99,21",YLR430W(+)
chrXII,1012329,.,GCCG,GCCGCCG,29.4712,.,"INDEL;IDV=1;IMF=0.0185185;DP=54;VDB=0.662007;SGB=-0.686358;MQSB=0.823488;MQ0F=0;AF1=0.50004;AC1=1;DP4=16,24,10,4;MQ=36;FQ=-999;PV4=0.063091,1,1,1",GT:PL,"1:105,0,38",N/A
chrXII,1039435,.,T,A,225.007,.,"DP=34;VDB=0.705714;SGB=-0.693132;MQSB=0.9869;MQ0F=0;AF1=1;AC1=1;DP4=0,0,26,8;MQ=42;FQ=-999",GT:PL,"1:255,0",YLR452C(-)
chrXII,1066277,.,G,A,38.0055,.,"DP=117;VDB=0.552709;SGB=-0.693147;RPB=0.198678;MQB=5.89367e-12;MQSB=2.77248e-05;BQB=0.507499;MQ0F=0;AF1=0.5;AC1=1;DP4=24,15,75,0;MQ=32;FQ=-999;PV4=1.20626e-08,0.0215705,1,0.0666208",GT:PL,"1:148,80","YLR462W(+),YLR463C(-)"
chrXII,1066742,.,A,G,3.54149,.,"DP=169;VDB=0.052022;SGB=-0.693146;RPB=0.50672;MQB=0.2619;MQSB=0.00503446;BQB=0.998296;MQ0F=0.035503;AF1=1;AC1=1;DP4=68,54,11,31;MQ=13;FQ=-999;PV4=0.00116937,0.169255,1,1",GT:PL,"1:31,0","YLR463C(-),YLR464W(+)"
chrXIII,34473,.,T,G,225.007,.,"DP=99;VDB=0.426728;SGB=-0.693147;MQSB=0.969677;MQ0F=0;AF1=1;AC1=1;DP4=0,0,56,31;MQ=42;FQ=-999",GT:PL,"1:255,0",YML117W(+)
chrXIII,142075,.,A,T,137.006,.,"DP=13;VDB=0.340495;SGB=-0.670168;MQ0F=0;AF1=1;AC1=1;DP4=0,0,10,0;MQ=42;FQ=-999",GT:PL,"1:167,0",N/A
chrXIII,325905,.,T,A,225.007,.,"DP=71;VDB=6.06638e-07;SGB=-0.693147;MQSB=1;MQ0F=0;AF1=1;AC1=1;DP4=0,0,61,6;MQ=42;FQ=-999",GT:PL,"1:255,0",YMR027W(+)
chrXIII,448333,.,G,A,225.007,.,"DP=93;VDB=4.90177e-08;SGB=-0.693147;MQSB=0.733618;MQ0F=0;AF1=1;AC1=1;DP4=0,0,49,34;MQ=42;FQ=-999",GT:PL,"1:255,0",N/A
chrXIII,448334,.,A,G,225.007,.,"DP=93;VDB=3.52963e-08;SGB=-0.693147;MQSB=0.733618;MQ0F=0;AF1=1;AC1=1;DP4=0,0,49,34;MQ=42;FQ=-999",GT:PL,"1:255,0",N/A
chrXIII,630505,.,A,G,154.006,.,"DP=9;VDB=0.794842;SGB=-0.651104;MQSB=1;MQ0F=0;AF1=1;AC1=1;DP4=0,0,7,1;MQ=42;FQ=-999",GT:PL,"1:184,0",YMR185W(+)
chrXIII,672129,.,T,C,225.007,.,"DP=47;VDB=0.580662;SGB=-0.693146;MQSB=0.98689;MQ0F=0;AF1=1;AC1=1;DP4=0,0,31,12;MQ=42;FQ=-999",GT:PL,"1:255,0",YMR205C(-)
chrXIII,680936,.,T,C,158.006,.,"DP=19;VDB=0.109184;SGB=-0.690438;MQ0F=0;AF1=1;AC1=1;DP4=0,0,0,17;MQ=42;FQ=-999",GT:PL,"1:188,0",YMR207C(-)
chrXIII,680940,.,C,T,157.006,.,"DP=17;VDB=0.111833;SGB=-0.690438;MQ0F=0;AF1=1;AC1=1;DP4=0,0,0,17;MQ=42;FQ=-999",GT:PL,"1:187,0",YMR207C(-)
chrXIII,708291,.,T,C,225.007,.,"DP=102;VDB=0.0307993;SGB=-0.693147;MQSB=0.998784;MQ0F=0;AF1=1;AC1=1;DP4=0,0,7,89;MQ=42;FQ=-999",GT:PL,"1:255,0",YMR219W(+)
chrXIII,809198,.,A,G,225.007,.,"DP=26;VDB=0.0684998;SGB=-0.692717;MQSB=1;MQ0F=0;AF1=1;AC1=1;DP4=0,0,14,9;MQ=42;FQ=-999",GT:PL,"1:255,0",N/A
chrXIII,908177,.,A,G,126.006,.,"DP=231;VDB=7.69046e-07;SGB=-0.693147;RPB=0.103348;MQB=0.513297;MQSB=3.82639e-12;BQB=0.00135745;MQ0F=0.103896;AF1=1;AC1=1;DP4=11,22,77,55;MQ=20;FQ=-999;PV4=0.0115934,1,0.0856564,1",GT:PL,"1:156,0",YMR317W(+)
chrXIII,908196,.,G,C,38.0055,.,"DP=244;VDB=0.999104;SGB=-0.693147;RPB=0.817001;MQB=0.0272055;MQSB=3.77466e-17;BQB=0.00442824;MQ0F=0.110656;AF1=1;AC1=1;DP4=12,37,66,94;MQ=20;FQ=-999;PV4=0.0424409,1,0.000135258,0.00366686",GT:PL,"1:68,0",YMR317W(+)
chrXIII,924341,.,G,T,66.0052,.,"DP=13;VDB=0.0895546;SGB=-0.636426;RPB=0.803868;MQB=0.241161;MQSB=0.877913;BQB=0.562708;MQ0F=0.0769231;AF1=0.508032;AC1=1;DP4=1,3,2,5;MQ=30;FQ=-999;PV4=1,1,1,1",GT:PL,"1:111,15",N/A
chrXIV,7478,.,A,AT,74.4669,.,"INDEL;IDV=14;IMF=0.823529;DP=17;VDB=0.0647878;SGB=-0.690438;MQSB=0.90252;MQ0F=0;AF1=1;AC1=1;DP4=0,0,4,13;MQ=15;FQ=-999",GT:PL,"1:112,51,0",N/A
chrXIV,312328,.,AACGACGACG,AACGACG,202.469,.,"INDEL;IDV=48;IMF=0.888889;DP=54;VDB=0.28764;SGB=-0.693147;MQSB=0.983884;MQ0F=0;AF1=0.508032;AC1=1;DP4=6,1,41,6;MQ=41;FQ=-999;PV4=1,1,1,1",GT:PL,"1:255,0,15",YNL172W(+)
chrXIV,377887,.,G,T,225.007,.,"DP=79;VDB=0.893602;SGB=-0.693147;MQSB=1;MQ0F=0;AF1=1;AC1=1;DP4=0,0,29,47;MQ=42;FQ=-999",GT:PL,"1:255,0",YNL132W(+)
chrXIV,439397,.,GTTTTTT,GTTTTTTT,106.467,.,"INDEL;IDV=35;IMF=0.945946;DP=37;VDB=0.0225844;SGB=-0.693132;MQSB=0.993851;MQ0F=0;AF1=1;AC1=1;DP4=0,3,5,29;MQ=42;FQ=-999;PV4=1,1,0.385532,1",GT:PL,"1:144,70,0",N/A
chrXIV,471767,.,A,G,225.007,.,"DP=49;VDB=0.442659;SGB=-0.693147;MQSB=1;MQ0F=0;AF1=1;AC1=1;DP4=0,0,32,13;MQ=42;FQ=-999",GT:PL,"1:255,0",YNL083W(+)
chrXV,90,.,CCCAC,CC,217.469,.,"INDEL;IDV=71;IMF=0.946667;DP=75;VDB=2.38574e-05;SGB=-0.693147;MQSB=0.00343293;MQ0F=0.0533333;AF1=1;AC1=1;DP4=7,4,62,2;MQ=38;FQ=-999;PV4=0.00345308,1,1,0.205105",GT:PL,"1:255,92,0",N/A
chrXV,93,.,AC,ACC,5.0803,.,"INDEL;IDV=4;IMF=0.0481928;DP=83;VDB=0.000842457;SGB=-0.651104;MQSB=0.00255492;MQ0F=0.0481928;AF1=1;AC1=1;DP4=69,6,8,0;MQ=38;FQ=-999;PV4=1,1,1,1.12815e-11",GT:PL,"1:41,132,0",N/A
chrXV,50002,.,C,T,225.007,.,"DP=49;VDB=0.122986;SGB=-0.693147;MQSB=0.78075;MQ0F=0;AF1=1;AC1=1;DP4=0,0,25,22;MQ=42;FQ=-999",GT:PL,"1:255,0",YOL145C(-)
chrXV,50010,.,A,T,225.007,.,"DP=40;VDB=0.108853;SGB=-0.693141;MQSB=0.739358;MQ0F=0;AF1=1;AC1=1;DP4=0,0,20,17;MQ=42;FQ=-999",GT:PL,"1:255,0",YOL145C(-)
chrXV,50012,.,C,T,225.007,.,"DP=37;VDB=0.106656;SGB=-0.693139;MQSB=0.721475;MQ0F=0;AF1=1;AC1=1;DP4=0,0,19,17;MQ=42;FQ=-999",GT:PL,"1:255,0",YOL145C(-)
chrXV,60240,.,C,T,67.0052,.,"DP=12;VDB=0.754056;SGB=-0.590765;MQSB=1;MQ0F=0;AF1=1;AC1=1;DP4=0,0,1,4;MQ=36;FQ=-999",GT:PL,"1:97,0",N/A
chrXV,79297,.,C,G,225.007,.,"DP=30;VDB=0.279397;SGB=-0.693021;MQSB=0.902938;MQ0F=0;AF1=1;AC1=1;DP4=0,0,10,17;MQ=41;FQ=-999",GT:PL,"1:255,0",YOL128C(-)
chrXV,79304,.,A,T,225.007,.,"DP=30;VDB=0.482973;SGB=-0.693021;MQSB=0.902938;MQ0F=0;AF1=1;AC1=1;DP4=0,0,10,17;MQ=41;FQ=-999",GT:PL,"1:255,0",YOL128C(-)
chrXV,79305,.,T,A,225.007,.,"DP=30;VDB=0.487799;SGB=-0.693021;MQSB=0.902938;MQ0F=0;AF1=1;AC1=1;DP4=0,0,10,17;MQ=41;FQ=-999",GT:PL,"1:255,0",YOL128C(-)
chrXV,464185,.,C,A,6.97679,.,"DP=1;SGB=-0.379885;MQ0F=0;AF1=1;AC1=1;DP4=0,0,1,0;MQ=42;FQ=-999",GT:PL,"1:36,0",N/A
chrXV,580195,.,G,A,167.006,.,"DP=13;VDB=0.610755;SGB=-0.670168;MQSB=1;MQ0F=0;AF1=1;AC1=1;DP4=0,0,9,1;MQ=42;FQ=-999",GT:PL,"1:197,0",YOR135C(-)
chrXV,722256,.,T,TGCAGAGGC,95.4672,.,"INDEL;IDV=1;IMF=0.0909091;DP=11;VDB=1.8118e-05;SGB=-0.616816;MQSB=0.891517;MQ0F=0;AF1=1;AC1=1;DP4=1,4,4,2;MQ=30;FQ=-999;PV4=0.242424,1,1,0.00321264",GT:PL,"1:133,4,0",YOR202W(+)
chrXV,722438,.,G,GGT,20.5051,.,"INDEL;IDV=3;IMF=0.6;DP=5;VDB=0.010738;SGB=-0.511536;MQSB=1;MQ0F=0;AF1=1;AC1=1;DP4=1,1,0,3;MQ=32;FQ=-999;PV4=0.4,1,1,0.0481208",GT:PL,"1:58,3,0",YOR202W(+)
chrXV,773264,.,G,C,225.007,.,"DP=37;VDB=0.617348;SGB=-0.693139;MQSB=1;MQ0F=0;AF1=1;AC1=1;DP4=0,0,3,33;MQ=42;FQ=-999",GT:PL,"1:255,0","YOR231W(+),YOR231C-A(-)"
chrXV,951241,.,C,T,225.007,.,"DP=38;VDB=0.629816;SGB=-0.693136;MQSB=1;MQ0F=0;AF1=1;AC1=1;DP4=0,0,10,25;MQ=42;FQ=-999",GT:PL,"1:255,0",YOR336W(+)
chrXV,994953,.,T,C,6.97679,.,"DP=3;SGB=-0.379885;MQ0F=0;AF1=1;AC1=1;DP4=0,0,0,1;MQ=42;FQ=-999",GT:PL,"1:36,0",N/A
chrXVI,191944,.,C,T,225.007,.,"DP=72;VDB=0.998327;SGB=-0.693147;MQSB=1;MQ0F=0;AF1=1;AC1=1;DP4=0,0,42,22;MQ=42;FQ=-999",GT:PL,"1:255,0",YPL188W(+)
chrXVI,667520,.,T,G,225.007,.,"DP=34;VDB=0.0731646;SGB=-0.69311;MQSB=1;MQ0F=0;AF1=1;AC1=1;DP4=0,0,11,20;MQ=42;FQ=-999",GT:PL,"1:255,0",N/A
chrXVI,677102,.,A,G,225.007,.,"DP=48;VDB=0.24879;SGB=-0.693145;MQSB=1;MQ0F=0;AF1=1;AC1=1;DP4=0,0,15,26;MQ=42;FQ=-999",GT:PL,"1:255,0",N/A
chrXVI,680970,.,C,G,4.12714,.,"DP=1;SGB=-0.379885;MQ0F=0;AF1=1;AC1=1;DP4=0,0,0,1;MQ=42;FQ=-999",GT:PL,"1:32,0",N/A
chrXVI,759400,.,T,G,225.007,.,"DP=106;VDB=0.240531;SGB=-0.693147;MQSB=1;MQ0F=0;AF1=1;AC1=1;DP4=0,0,30,67;MQ=42;FQ=-999",GT:PL,"1:255,0",YPR116W(+)
chrXVI,890346,.,T,A,225.007,.,"DP=59;VDB=0.0443626;SGB=-0.693147;MQSB=1;MQ0F=0;AF1=1;AC1=1;DP4=0,0,49,6;MQ=42;FQ=-999",GT:PL,"1:255,0",YPR175W(+)
chrmt,13802,.,T,A,225.007,.,"DP=30;VDB=6.26937e-05;SGB=-0.693054;MQSB=0.961538;MQ0F=0;AF1=1;AC1=1;DP4=0,0,26,2;MQ=42;FQ=-999",GT:PL,"1:255,0",N/A
chrmt,20345,.,GAAA,GAA,125.468,.,"INDEL;IDV=164;IMF=0.877005;DP=187;VDB=0.00574717;SGB=-0.693147;MQSB=0.37057;MQ0F=0;AF1=0.5;AC1=1;DP4=10,41,64,72;MQ=40;FQ=-999;PV4=0.000702096,1,1,1",GT:PL,"1:224,0,61",N/A
chrmt,20934,.,T,G,225.007,.,"DP=237;VDB=1.64721e-05;SGB=-0.693147;MQSB=0.929068;MQ0F=0;AF1=1;AC1=1;DP4=0,0,135,49;MQ=42;FQ=-999",GT:PL,"1:255,0","Q0065(+),Q0070(+),Q0045(+)"
chrmt,27587,.,A,T,6.97679,.,"DP=2;SGB=-0.379885;MQ0F=0;AF1=1;AC1=1;DP4=0,0,1,0;MQ=42;FQ=-999",GT:PL,"1:36,0",N/A
chrmt,33618,.,T,TTC,217.469,.,"INDEL;IDV=27;IMF=0.870968;DP=31;VDB=0.664342;SGB=-0.693054;MQSB=0.00954966;MQ0F=0;AF1=1;AC1=1;DP4=0,3,6,22;MQ=40;FQ=-999;PV4=1,1,1,0.369076",GT:PL,"1:255,57,0",N/A
chrmt,33743,.,T,A,172.007,.,"DP=34;VDB=0.00899162;SGB=-0.693021;MQ0F=0;AF1=1;AC1=1;DP4=0,0,27,0;MQ=41;FQ=-999",GT:PL,"1:202,0",N/A
chrmt,39517,.,G,T,225.007,.,"DP=67;VDB=0.986059;SGB=-0.693147;MQSB=0.99646;MQ0F=0;AF1=1;AC1=1;DP4=0,0,47,6;MQ=42;FQ=-999",GT:PL,"1:255,0",Q0115(+)
chrmt,43084,.,ATTTTTTTT,ATTTTTTTTT,83.467,.,"INDEL;IDV=99;IMF=0.883929;DP=112;VDB=0.0124877;SGB=-0.693147;MQSB=0.995995;MQ0F=0;AF1=1;AC1=1;DP4=7,9,19,77;MQ=42;FQ=-999;PV4=0.0527129,1,1,1",GT:PL,"1:121,145,0",N/A
chrmt,44795,.,ATTTTTTTT,ATTTTTTTTT,7.34966,.,"INDEL;IDV=16;IMF=0.888889;DP=18;VDB=0.204178;SGB=-0.689466;MQSB=0.3125;MQ0F=0;AF1=1;AC1=1;DP4=1,1,15,1;MQ=34;FQ=-999;PV4=0.215686,1,0.0988521,1",GT:PL,"1:44,27,0",N/A
chrmt,82507,.,T,A,225.007,.,"DP=19;VDB=0.000992681;SGB=-0.691153;MQSB=0.261009;MQ0F=0;AF1=1;AC1=1;DP4=0,0,12,6;MQ=35;FQ=-999",GT:PL,"1:255,0",N/A
