#CHROM,POS,ID,REF,ALT,QUAL,FILTER,INFO,FORMAT,/home/rothlab/dtabet/MGY360/output/mgyM21/mgyM21_S250_R1_001_sorted.bam,CDS(Orientation)
chrI,3,.,ACAC,ACACACCCACAC,86.4671,.,"INDEL;IDV=1;IMF=0.111111;DP=9;VDB=6.61497e-06;SGB=-0.636426;MQSB=1;MQ0F=0;AF1=1;AC1=1;DP4=2,0,6,1;MQ=30;FQ=-999;PV4=1,1,1,1",GT:PL,"1:124,11,0",N/A
chrI,5,.,AC,ACACAC,8.18204,.,"INDEL;IDV=8;IMF=0.615385;DP=13;VDB=2.76266e-07;SGB=-0.662043;MQSB=1;MQ0F=0;AF1=0.500002;AC1=1;DP4=4,0,8,1;MQ=34;FQ=-999;PV4=1,1,0.0337115,1",GT:PL,"1:96,51",N/A
chrI,19971,.,C,CCT,202.469,.,"INDEL;IDV=117;IMF=0.92126;DP=127;VDB=0.747752;SGB=-0.693147;MQSB=0.936741;MQ0F=0;AF1=1;AC1=1;DP4=1,2,34,90;MQ=16;FQ=-999;PV4=1,1,0.0936501,1",GT:PL,"1:240,255,0",N/A
chrI,25340,.,C,A,166.006,.,"DP=107;VDB=0.0276921;SGB=-0.693147;MQSB=3.06477e-05;MQ0F=0.0841122;AF1=1;AC1=1;DP4=0,0,66,40;MQ=16;FQ=-999",GT:PL,"1:196,0",YAL063C(-)
chrI,25488,.,G,A,58.0051,.,"DP=190;VDB=0.306529;SGB=-0.693147;RPB=0.00199196;MQB=0.968908;MQSB=0.00638381;BQB=0.992428;MQ0F=0.173684;AF1=0.512852;AC1=1;DP4=5,52,9,110;MQ=18;FQ=-999;PV4=0.772341,1,0.286858,0.029322",GT:PL,"1:101,13",YAL063C(-)
chrI,25497,.,G,A,154.006,.,"DP=163;VDB=0.00231712;SGB=-0.693147;RPB=0.018097;MQB=0.0119883;MQSB=0.0947821;BQB=0.99257;MQ0F=0.171779;AF1=1;AC1=1;DP4=1,7,7,144;MQ=18;FQ=-999;PV4=0.344684,0.0404884,1,1",GT:PL,"1:184,0",YAL063C(-)
chrI,25506,.,C,T,9.51895,.,"DP=166;VDB=0.0173567;SGB=-0.693147;RPB=3.84764e-10;MQB=0.47102;MQSB=0.786765;BQB=0.0229626;MQ0F=0.138554;AF1=1;AC1=1;DP4=0,39,2,97;MQ=19;FQ=-999;PV4=1,0.000601014,0.0041505,1",GT:PL,"1:39,0",YAL063C(-)
chrI,25509,.,G,A,126.006,.,"DP=141;VDB=0.00802195;SGB=-0.693147;RPB=0.0182633;MQB=0.0306352;MQSB=0.134036;BQB=0.828816;MQ0F=0.0992908;AF1=1;AC1=1;DP4=1,3,3,109;MQ=19;FQ=-999;PV4=0.132597,0.00231418,1,1",GT:PL,"1:156,0",YAL063C(-)
chrI,25512,.,T,G,15.1396,.,"DP=142;VDB=0.03277;SGB=-0.693147;RPB=3.83302e-15;MQB=0.558066;MQSB=0.716102;BQB=0.999644;MQ0F=0.0985916;AF1=1;AC1=1;DP4=0,32,2,86;MQ=19;FQ=-999;PV4=1,0.0539388,0.00613869,1",GT:PL,"1:45,0",YAL063C(-)
chrI,25515,.,A,G,21.0389,.,"DP=135;VDB=0.142924;SGB=-0.693147;RPB=7.93564e-15;MQB=0.724369;MQSB=0.724576;BQB=0.0742562;MQ0F=0.103704;AF1=1;AC1=1;DP4=0,29,2,89;MQ=19;FQ=-999;PV4=1,0.232266,0.0259001,1",GT:PL,"1:51,0",YAL063C(-)
chrI,25536,.,G,A,112.006,.,"DP=164;VDB=0.976929;SGB=-0.693147;RPB=1.8152e-05;MQB=5.05357e-08;MQSB=8.18225e-08;BQB=0.785454;MQ0F=0.097561;AF1=1;AC1=1;DP4=33,3,2,110;MQ=17;FQ=-999;PV4=4.00916e-27,1,1,1",GT:PL,"1:142,0",YAL063C(-)
chrI,25542,.,A,G,110.006,.,"DP=164;VDB=0.284724;SGB=-0.693147;RPB=0.0114215;MQB=2.63381e-10;MQSB=2.00169e-09;BQB=0.00871112;MQ0F=0.115854;AF1=1;AC1=1;DP4=38,3,1,116;MQ=17;FQ=-999;PV4=7.6575e-32,0.000666191,1,1",GT:PL,"1:140,0",YAL063C(-)
chrI,25560,.,G,A,126.006,.,"DP=194;VDB=1.33825e-07;SGB=-0.693147;RPB=0.256517;MQB=1.21364e-12;MQSB=2.26193e-14;BQB=0.982332;MQ0F=0.103093;AF1=1;AC1=1;DP4=51,4,7,127;MQ=15;FQ=-999;PV4=1.75698e-33,1,1,1",GT:PL,"1:156,0",YAL063C(-)
chrI,25584,.,A,G,115.006,.,"DP=243;VDB=0.0315354;SGB=-0.693147;RPB=0.293806;MQB=2.81741e-15;MQSB=6.04935e-19;BQB=0.993884;MQ0F=0.115226;AF1=1;AC1=1;DP4=70,6,13,146;MQ=13;FQ=-999;PV4=8.615e-39,0.191366,1,1",GT:PL,"1:145,0",YAL063C(-)
chrI,26778,.,C,T,50.005,.,"DP=245;VDB=0.312859;SGB=-0.693147;RPB=0.00759186;MQB=0.998829;MQSB=0.752221;BQB=0.995902;MQ0F=0.2;AF1=1;AC1=1;DP4=40,38,148,7;MQ=8;FQ=-999;PV4=3.44782e-15,0.228081,1,0.369163",GT:PL,"1:80,0",YAL063C(-)
chrI,26793,.,A,G,52.005,.,"DP=250;VDB=1.02386e-15;SGB=-0.693147;RPB=4.30796e-10;MQB=0.294215;MQSB=0.492993;BQB=0.247478;MQ0F=0.22;AF1=1;AC1=1;DP4=80,51,103,4;MQ=10;FQ=-999;PV4=1.13882e-11,1,1,1",GT:PL,"1:82,0",YAL063C(-)
chrI,26835,.,G,A,27.0133,.,"DP=195;VDB=2.82989e-13;SGB=-0.693147;RPB=5.65623e-07;MQB=0.677729;MQSB=0.950901;BQB=0.000402272;MQ0F=0.220513;AF1=1;AC1=1;DP4=38,66,70,3;MQ=11;FQ=-999;PV4=1.6374e-17,3.66984e-07,1,1",GT:PL,"1:57,0",YAL063C(-)
chrI,26838,.,A,G,23.0263,.,"DP=178;VDB=2.64829e-14;SGB=-0.693147;RPB=1.72066e-09;MQB=0.366441;MQSB=0.63681;BQB=0.00144882;MQ0F=0.207865;AF1=1;AC1=1;DP4=34,65,66,3;MQ=11;FQ=-999;PV4=1.97402e-17,9.18881e-06,1,0.059694",GT:PL,"1:53,0",YAL063C(-)
chrI,26839,.,A,G,28.0116,.,"DP=175;VDB=2.08069e-13;SGB=-0.693147;RPB=7.40433e-10;MQB=0.396438;MQSB=0.567812;BQB=0.000108791;MQ0F=0.205714;AF1=1;AC1=1;DP4=32,64,66,4;MQ=11;FQ=-999;PV4=8.07226e-17,3.04263e-08,1,0.00968747",GT:PL,"1:58,0",YAL063C(-)
chrI,26846,.,T,C,6.19669,.,"DP=146;VDB=0.0790686;SGB=-0.693147;RPB=0.0988445;MQB=0.976464;MQSB=0.850515;BQB=0.959979;MQ0F=0.136986;AF1=1;AC1=1;DP4=26,53,31,14;MQ=7;FQ=-999;PV4=0.000156752,0.257098,1,0.0383463",GT:PL,"1:35,0",YAL063C(-)
chrI,26940,.,A,G,11.3361,.,"DP=191;VDB=4.76095e-07;SGB=-0.693147;RPB=1.38875e-13;MQB=7.15144e-08;MQSB=1.009e-12;BQB=0.596646;MQ0F=0.141361;AF1=1;AC1=1;DP4=9,85,62,11;MQ=11;FQ=-999;PV4=2.76433e-24,1,1,2.04156e-12",GT:PL,"1:41,0",YAL063C(-)
chrI,26970,.,G,A,35.0062,.,"DP=246;VDB=1.05063e-24;SGB=-0.693147;RPB=4.28627e-08;MQB=6.39114e-06;MQSB=1.69175e-06;BQB=0.132789;MQ0F=0.268293;AF1=1;AC1=1;DP4=11,88,129,10;MQ=12;FQ=-999;PV4=1.21303e-40,1,1,1",GT:PL,"1:65,0",YAL063C(-)
chrI,26973,.,A,G,38.0055,.,"DP=250;VDB=3.15429e-22;SGB=-0.693147;RPB=3.48904e-12;MQB=0.00142661;MQSB=1.71262e-06;BQB=0.310671;MQ0F=0.26;AF1=1;AC1=1;DP4=3,85,138,10;MQ=12;FQ=-999;PV4=0,1,1,1",GT:PL,"1:68,0",YAL063C(-)
chrI,26974,.,A,G,37.0057,.,"DP=246;VDB=7.66069e-24;SGB=-0.693147;RPB=1.68673e-06;MQB=7.31818e-06;MQSB=4.36089e-06;BQB=0.278161;MQ0F=0.264228;AF1=1;AC1=1;DP4=12,80,130,10;MQ=12;FQ=-999;PV4=2.02746e-37,1,1,1",GT:PL,"1:67,0",YAL063C(-)
chrI,26981,.,T,C,47.005,.,"DP=242;VDB=5.98492e-14;SGB=-0.693147;RPB=4.06231e-09;MQB=0.0025169;MQSB=1.98632e-06;BQB=0.0117745;MQ0F=0.280992;AF1=1;AC1=1;DP4=3,69,151,11;MQ=13;FQ=-999;PV4=2.08793e-43,1,1,1",GT:PL,"1:77,0",YAL063C(-)
chrI,26982,.,G,A,46.005,.,"DP=243;VDB=2.17954e-14;SGB=-0.693147;RPB=1.24088e-08;MQB=0.00353352;MQSB=1.50702e-06;BQB=0.90203;MQ0F=0.279835;AF1=1;AC1=1;DP4=4,69,151,11;MQ=13;FQ=-999;PV4=2.51113e-42,1,1,1",GT:PL,"1:76,0",YAL063C(-)
chrI,26983,.,T,G,47.005,.,"DP=250;VDB=1.69016e-13;SGB=-0.693147;RPB=2.215e-09;MQB=0.00206316;MQSB=1.50702e-06;BQB=0.282859;MQ0F=0.272;AF1=1;AC1=1;DP4=3,69,152,11;MQ=13;FQ=-999;PV4=1.47136e-43,1,1,1",GT:PL,"1:77,0",YAL063C(-)
chrI,27027,.,A,T,87.0054,.,"DP=160;VDB=0.642553;SGB=-0.693147;RPB=3.30833e-05;MQB=0.0624888;MQSB=4.34884e-06;BQB=0.014099;MQ0F=0.29375;AF1=1;AC1=1;DP4=3,34,100,15;MQ=15;FQ=-999;PV4=8.66456e-19,1,1,1",GT:PL,"1:117,0",YAL063C(-)
chrI,27035,.,T,C,84.0054,.,"DP=156;VDB=0.0380825;SGB=-0.693147;RPB=1.56016e-13;MQB=0.00065678;MQSB=7.73174e-09;BQB=0.741864;MQ0F=0.224359;AF1=1;AC1=1;DP4=6,45,80,13;MQ=15;FQ=-999;PV4=4.89819e-19,0.130424,1,1",GT:PL,"1:114,0",YAL063C(-)
chrI,27036,.,G,A,83.0054,.,"DP=155;VDB=0.0271019;SGB=-0.693147;RPB=1.97327e-13;MQB=0.000394321;MQSB=1.15089e-08;BQB=0.498466;MQ0F=0.219355;AF1=1;AC1=1;DP4=6,45,80,12;MQ=15;FQ=-999;PV4=1.69716e-19,0.0662663,1,1",GT:PL,"1:113,0",YAL063C(-)
chrI,27044,.,C,T,79.0053,.,"DP=150;VDB=0.0267627;SGB=-0.693147;RPB=6.94975e-11;MQB=3.62578e-05;MQSB=4.70675e-11;BQB=0.000173542;MQ0F=0.193333;AF1=1;AC1=1;DP4=3,53,75,13;MQ=14;FQ=-999;PV4=3.73168e-23,1,1,1",GT:PL,"1:109,0",YAL063C(-)
chrI,27060,.,A,"C,T",3.54149,.,"DP=143;VDB=1.849e-14;SGB=-0.693147;RPB=1.33037e-09;MQB=0.000704332;MQSB=1.71831e-11;BQB=0.000119347;MQ0F=0.181818;AF1=1;AC1=1;DP4=9,74,45,9;MQ=12;FQ=-999;PV4=3.25183e-18,4.26277e-06,1,1",GT:PL,"1:31,0,14",YAL063C(-)
chrI,27081,.,G,"T,A",5.45858,.,"DP=184;VDB=1;SGB=-0.693147;RPB=0.0101083;MQB=0.82584;MQSB=8.05298e-16;BQB=3.09031e-10;MQ0F=0.293478;AF1=1;AC1=1;DP4=6,77,41,44;MQ=9;FQ=-999;PV4=1.40453e-09,8.76901e-13,1,2.2638e-23",GT:PL,"1:51,17,27",YAL063C(-)
chrI,27090,.,T,C,5.45858,.,"DP=193;VDB=5.59228e-24;SGB=-0.693147;RPB=3.50443e-29;MQB=0.106624;MQSB=4.18505e-10;BQB=0.00509224;MQ0F=0.414508;AF1=1;AC1=1;DP4=11,83,17,68;MQ=7;FQ=-999;PV4=0.151278,5.70834e-05,1,2.94448e-09",GT:PL,"1:34,0",YAL063C(-)
chrI,27099,.,T,C,72.0053,.,"DP=195;VDB=2.87471e-28;SGB=-0.693147;RPB=5.46099e-27;MQB=0.964509;MQSB=5.47017e-18;BQB=0.001836;MQ0F=0.45641;AF1=1;AC1=1;DP4=7,62,37,84;MQ=12;FQ=-999;PV4=0.00119857,1.12366e-06,1,0.236324",GT:PL,"1:102,0",YAL063C(-)
chrI,27105,.,A,G,121.006,.,"DP=219;VDB=4.03094e-20;SGB=-0.693147;RPB=6.91896e-26;MQB=0.454082;MQSB=5.95594e-20;BQB=0.00249397;MQ0F=0.424658;AF1=1;AC1=1;DP4=3,52,41,114;MQ=13;FQ=-999;PV4=0.000815036,3.06771e-05,1,1",GT:PL,"1:151,0",YAL063C(-)
chrI,27126,.,T,C,225.007,.,"DP=247;VDB=3.98205e-14;SGB=-0.693147;RPB=1.84622e-17;MQB=0.00503479;MQSB=8.23194e-27;BQB=6.39444e-05;MQ0F=0.376518;AF1=1;AC1=1;DP4=0,31,63,142;MQ=19;FQ=-999;PV4=4.27785e-05,1,1,1",GT:PL,"1:255,0",YAL063C(-)
chrI,27129,.,C,G,225.007,.,"DP=237;VDB=9.73765e-10;SGB=-0.693147;RPB=2.71075e-07;MQB=0.322301;MQSB=1.94738e-25;BQB=0.955186;MQ0F=0.379747;AF1=1;AC1=1;DP4=0,11,63,157;MQ=19;FQ=-999;PV4=0.0381638,0.321743,1,1",GT:PL,"1:255,0",YAL063C(-)
chrI,41475,.,G,T,225.007,.,"DP=248;VDB=0.99998;SGB=-0.693147;MQSB=0.974171;MQ0F=0;AF1=1;AC1=1;DP4=0,0,67,155;MQ=42;FQ=-999",GT:PL,"1:255,0",YAL056W(+)
chrI,126880,.,CTTTTTTTTTTTTTTT,"CTTTTTTTTTTTTTTTTT,CTTTTTTTTTTTTTTTTTT",5.79377,.,"INDEL;IDV=97;IMF=0.577381;DP=168;VDB=0.175231;SGB=-0.693147;MQSB=0.937425;MQ0F=0;AF1=1;AC1=1;DP4=83,5,53,27;MQ=40;FQ=-999;PV4=3.08887e-06,1,1,1",GT:PL,"1:42,0,31",N/A
chrI,141030,.,T,A,200.007,.,"DP=83;VDB=0.87793;SGB=-0.693147;MQSB=2.34562e-06;MQ0F=0;AF1=1;AC1=1;DP4=0,0,70,10;MQ=26;FQ=-999",GT:PL,"1:230,0","YAL005C(-),YAL004W(+)"
chrI,141135,.,A,T,225.007,.,"DP=116;VDB=0.777165;SGB=-0.693147;MQSB=2.63313e-14;MQ0F=0;AF1=1;AC1=1;DP4=0,0,84,29;MQ=31;FQ=-999",GT:PL,"1:255,0","YAL005C(-),YAL004W(+)"
chrI,183387,.,ACC,AC,217.469,.,"INDEL;IDV=113;IMF=0.957627;DP=118;VDB=6.35242e-13;SGB=-0.693147;MQSB=0.528;MQ0F=0;AF1=1;AC1=1;DP4=2,11,53,52;MQ=27;FQ=-999;PV4=0.0191824,1,1,1",GT:PL,"1:255,165,0",N/A
chrI,199811,.,T,G,225.007,.,"DP=87;VDB=0.0972088;SGB=-0.693147;MQSB=0.820164;MQ0F=0;AF1=1;AC1=1;DP4=0,0,49,34;MQ=42;FQ=-999",GT:PL,"1:255,0",N/A
chrI,205499,.,C,G,44.0051,.,"DP=71;VDB=5.35236e-06;SGB=-0.693147;MQSB=0.202899;MQ0F=0.056338;AF1=1;AC1=1;DP4=0,0,69,2;MQ=11;FQ=-999",GT:PL,"1:74,0",YAR050W(+)
chrI,205519,.,C,A,57.0051,.,"DP=99;VDB=0.0145023;SGB=-0.693147;RPB=0.9767;MQB=0.0608537;MQSB=0.205842;BQB=0.00133166;MQ0F=0.050505;AF1=1;AC1=1;DP4=2,4,91,0;MQ=13;FQ=-999;PV4=4.3292e-06,1,1,1",GT:PL,"1:87,0",YAR050W(+)
chrI,206126,.,T,C,18.0728,.,"DP=27;VDB=4.06362e-12;SGB=-0.692914;MQSB=0.101286;MQ0F=0.111111;AF1=1;AC1=1;DP4=0,0,5,20;MQ=6;FQ=-999",GT:PL,"1:48,0",YAR050W(+)
chrI,206129,.,A,C,17.0903,.,"DP=29;VDB=0.033032;SGB=-0.693021;RPB=1;MQB=1;MQSB=0.147091;BQB=1;MQ0F=0.137931;AF1=1;AC1=1;DP4=0,1,8,19;MQ=6;FQ=-999;PV4=1,0.268157,1,1",GT:PL,"1:47,0",YAR050W(+)
chrI,206132,.,G,T,17.0903,.,"DP=32;VDB=0.999951;SGB=-0.69311;MQSB=0.297337;MQ0F=0.125;AF1=1;AC1=1;DP4=0,0,8,23;MQ=5;FQ=-999",GT:PL,"1:47,0",YAR050W(+)
chrI,206144,.,C,T,12.27,.,"DP=28;VDB=2.27854e-08;SGB=-0.692914;RPB=1;MQB=0.56;MQSB=0.120464;BQB=0.26;MQ0F=0.0357143;AF1=1;AC1=1;DP4=1,1,17,8;MQ=8;FQ=-999;PV4=1,1,1,1",GT:PL,"1:42,0",YAR050W(+)
chrI,206177,.,G,"C,T",23.0263,.,"DP=90;VDB=8.29776e-08;SGB=-0.693147;MQSB=0.106661;MQ0F=0.0555556;AF1=1;AC1=1;DP4=0,0,58,32;MQ=8;FQ=-999",GT:PL,"1:53,0,47",YAR050W(+)
chrI,206178,.,C,A,35.0062,.,"DP=90;VDB=9.49398e-08;SGB=-0.693147;MQSB=0.106661;MQ0F=0.0555556;AF1=1;AC1=1;DP4=0,0,58,32;MQ=8;FQ=-999",GT:PL,"1:65,0",YAR050W(+)
chrI,206179,.,A,C,35.0062,.,"DP=97;VDB=9.04884e-08;SGB=-0.693147;MQSB=0.106661;MQ0F=0.0515464;AF1=1;AC1=1;DP4=0,0,58,32;MQ=8;FQ=-999",GT:PL,"1:65,0",YAR050W(+)
chrI,210818,.,A,T,112.006,.,"DP=102;VDB=0.15385;SGB=-0.693147;RPB=1;MQB=1;MQSB=1.84041e-07;BQB=1;MQ0F=0;AF1=1;AC1=1;DP4=0,1,26,69;MQ=13;FQ=-999;PV4=1,0.451932,1,1",GT:PL,"1:142,0",N/A
chrI,211019,.,T,C,116.006,.,"DP=109;VDB=6.17546e-17;SGB=-0.693147;RPB=0.0204069;MQB=0.00687363;MQSB=5.06242e-10;BQB=0.966693;MQ0F=0.00917431;AF1=1;AC1=1;DP4=4,0,39,65;MQ=13;FQ=-999;PV4=0.0230281,0.310042,1,0.118837",GT:PL,"1:146,0",N/A
chrII,6440,.,G,"C,A",224.007,.,"DP=235;VDB=0.00419447;SGB=-0.693147;MQSB=3.22558e-07;MQ0F=0;AF1=1;AC1=1;DP4=0,0,68,137;MQ=18;FQ=-999",GT:PL,"1:254,0,253",N/A
chrII,7510,.,G,"A,T",84.0054,.,"DP=46;VDB=0.993359;SGB=-0.693146;MQSB=0.304745;MQ0F=0;AF1=1;AC1=1;DP4=0,0,12,32;MQ=16;FQ=-999",GT:PL,"1:114,0,76",N/A
chrII,7511,.,G,A,123.006,.,"DP=46;VDB=0.991513;SGB=-0.693146;MQSB=0.364089;MQ0F=0;AF1=1;AC1=1;DP4=0,0,12,31;MQ=15;FQ=-999",GT:PL,"1:153,0",N/A
chrII,15101,.,T,G,225.007,.,"DP=91;VDB=0.995766;SGB=-0.693147;MQSB=0.980171;MQ0F=0;AF1=1;AC1=1;DP4=0,0,40,47;MQ=42;FQ=-999",GT:PL,"1:255,0",YBL105C(-)
chrII,15510,.,G,T,225.007,.,"DP=86;VDB=0.200865;SGB=-0.693147;MQSB=0.966391;MQ0F=0;AF1=1;AC1=1;DP4=0,0,37,48;MQ=42;FQ=-999",GT:PL,"1:255,0",YBL105C(-)
chrII,15518,.,A,G,225.007,.,"DP=111;VDB=0.993707;SGB=-0.693147;MQSB=0.990772;MQ0F=0;AF1=1;AC1=1;DP4=0,0,54,47;MQ=42;FQ=-999",GT:PL,"1:255,0",YBL105C(-)
chrII,16380,.,C,T,225.007,.,"DP=159;VDB=0.0779983;SGB=-0.693147;MQSB=0.998018;MQ0F=0;AF1=1;AC1=1;DP4=0,0,60,94;MQ=42;FQ=-999",GT:PL,"1:255,0",YBL105C(-)
chrII,16392,.,A,G,225.007,.,"DP=165;VDB=0.110753;SGB=-0.693147;MQSB=0.999813;MQ0F=0;AF1=1;AC1=1;DP4=0,0,73,84;MQ=42;FQ=-999",GT:PL,"1:255,0",YBL105C(-)
chrII,30012,.,C,T,115.006,.,"DP=135;VDB=1.23353e-05;SGB=-0.693147;MQSB=0.0744525;MQ0F=0;AF1=1;AC1=1;DP4=0,0,98,31;MQ=13;FQ=-999",GT:PL,"1:145,0","YBL100W-A(+),YBL100W-B(+)"
chrII,30050,.,A,G,87.0054,.,"DP=103;VDB=0.106959;SGB=-0.693147;RPB=0.000706712;MQB=1.059e-06;MQSB=0.0947843;BQB=0.884993;MQ0F=0;AF1=1;AC1=1;DP4=7,4,39,45;MQ=11;FQ=-999;PV4=0.346245,0.445016,1,1",GT:PL,"1:117,0","YBL100W-A(+),YBL100W-B(+)"
chrII,35485,.,C,T,225.007,.,"DP=83;VDB=8.80101e-06;SGB=-0.693147;MQSB=1.0799e-06;MQ0F=0;AF1=1;AC1=1;DP4=0,0,63,13;MQ=32;FQ=-999",GT:PL,"1:255,0",N/A
chrII,59755,.,T,C,225.007,.,"DP=127;VDB=0.332935;SGB=-0.693147;MQSB=1;MQ0F=0;AF1=1;AC1=1;DP4=0,0,45,78;MQ=42;FQ=-999",GT:PL,"1:255,0",N/A
chrII,88481,.,TGAGGAGA,TGA,217.469,.,"INDEL;IDV=1;IMF=0.00510204;DP=196;VDB=9.31931e-11;SGB=-0.693147;MQSB=0.93613;MQ0F=0;AF1=1;AC1=1;DP4=15,6,165,10;MQ=39;FQ=-999;PV4=0.00292963,1,1,1",GT:PL,"1:255,168,0",N/A
chrII,88484,.,GGAGAAGAGAAGA,GGAGAAGA,217.469,.,"INDEL;IDV=180;IMF=0.882353;DP=204;VDB=3.4013e-12;SGB=-0.693147;MQSB=0.983777;MQ0F=0;AF1=1;AC1=1;DP4=6,5,182,11;MQ=39;FQ=-999;PV4=0.000541511,1,1,1",GT:PL,"1:255,255,0",N/A
chrII,221288,.,AGTGT,AGT,177.468,.,"INDEL;IDV=16;IMF=0.695652;DP=23;VDB=0.0327943;SGB=-0.69168;MQSB=0.0158346;MQ0F=0;AF1=1;AC1=1;DP4=3,1,1,18;MQ=34;FQ=-999;PV4=0.00869565,1,1,1",GT:PL,"1:215,30,0",N/A
chrII,259764,.,C,T,161.006,.,"DP=27;VDB=0.0217022;SGB=-0.692976;MQ0F=0;AF1=1;AC1=1;DP4=0,0,0,26;MQ=42;FQ=-999",GT:PL,"1:191,0",N/A
chrII,263168,.,CG,C,43.4667,.,"INDEL;IDV=13;IMF=0.764706;DP=17;VDB=1.63573e-07;SGB=-0.686358;MQSB=0.91051;MQ0F=0;AF1=1;AC1=1;DP4=3,0,5,9;MQ=12;FQ=-999;PV4=0.0823529,1,1,0.00953298",GT:PL,"1:81,23,0",YBR012W-B(+)
chrII,265382,.,G,T,167.006,.,"DP=52;VDB=0.000194209;SGB=-0.693147;MQ0F=0;AF1=1;AC1=1;DP4=0,0,52,0;MQ=42;FQ=-999",GT:PL,"1:197,0",N/A
chrII,383176,.,CGG,CGGG,217.469,.,"INDEL;IDV=122;IMF=0.924242;DP=132;VDB=0.452923;SGB=-0.693147;MQSB=0.991976;MQ0F=0;AF1=1;AC1=1;DP4=0,4,55,73;MQ=42;FQ=-999;PV4=0.140227,1,0.430236,1",GT:PL,"1:255,255,0",YBR073W(+)
chrII,389421,.,GCTCTCT,GCTCT,217.469,.,"INDEL;IDV=69;IMF=0.907895;DP=76;VDB=0.13057;SGB=-0.693147;MQSB=1;MQ0F=0;AF1=1;AC1=1;DP4=3,1,37,35;MQ=39;FQ=-999;PV4=0.616984,1,1,1",GT:PL,"1:255,122,0",N/A
chrII,389429,.,C,G,93.0055,.,"DP=86;VDB=0.00257647;SGB=-0.590765;MQSB=1;MQ0F=0;AF1=1;AC1=1;DP4=0,0,1,4;MQ=42;FQ=-999",GT:PL,"1:123,0",N/A
chrII,389430,.,G,C,93.0055,.,"DP=87;VDB=0.00317218;SGB=-0.590765;MQSB=1;MQ0F=0;AF1=1;AC1=1;DP4=0,0,1,4;MQ=42;FQ=-999",GT:PL,"1:123,0",N/A
chrII,746362,.,CATCTGCAATCTGCAATCT,CATCTGCAATCT,124.468,.,"INDEL;IDV=73;IMF=0.593496;DP=123;VDB=0.937623;SGB=-0.693147;MQSB=0.832308;MQ0F=0;AF1=0.5;AC1=1;DP4=14,8,73,28;MQ=39;FQ=-999;PV4=0.444414,1,0.00274799,1",GT:PL,"1:255,0,93",YBR272C(-)
chrII,746372,.,CT,CTTAGTT,40.4669,.,"INDEL;IDV=8;IMF=0.0701754;DP=114;VDB=0.73028;SGB=-0.692717;MQSB=0.442418;MQ0F=0;AF1=0.5;AC1=1;DP4=61,30,17,6;MQ=39;FQ=-999;PV4=0.621091,1,1,5.63606e-09",GT:PL,"1:168,0,90",YBR272C(-)
chrIII,84421,.,G,A,225.007,.,"DP=124;VDB=3.21887e-06;SGB=-0.693147;RPB=0.649181;MQB=1.12591e-16;MQSB=0.722257;BQB=0.00182709;MQ0F=0;AF1=1;AC1=1;DP4=23,20,36,24;MQ=30;FQ=-999;PV4=0.549037,7.96959e-09,1,1",GT:PL,"1:255,0",N/A
chrIII,84780,.,A,T,157.006,.,"DP=21;VDB=7.92121e-08;SGB=-0.692067;MQ0F=0;AF1=1;AC1=1;DP4=0,0,0,20;MQ=42;FQ=-999",GT:PL,"1:187,0",N/A
chrIII,143131,.,T,C,225.007,.,"DP=115;VDB=0.161548;SGB=-0.693147;MQSB=1;MQ0F=0;AF1=1;AC1=1;DP4=0,0,80,28;MQ=42;FQ=-999",GT:PL,"1:255,0",N/A
chrIII,148615,.,C,T,73.0053,.,"DP=7;VDB=0.00181155;SGB=-0.636426;MQ0F=0;AF1=1;AC1=1;DP4=0,0,0,7;MQ=30;FQ=-999",GT:PL,"1:103,0",YCR018C(-)
chrIII,151554,.,TA,TAA,32.4688,.,"INDEL;IDV=6;IMF=0.857143;DP=7;VDB=0.0307263;SGB=-0.616816;MQ0F=0;AF1=0.667194;AC1=1;DP4=1,0,6,0;MQ=26;FQ=-999;PV4=1,1,0.472788,0.0515891",GT:PL,"1:73,0,3",N/A
chrIII,151628,.,A,T,131.006,.,"DP=127;VDB=2.16608e-07;SGB=-0.693147;RPB=0.2494;MQB=1.27416e-16;BQB=0.0118481;MQ0F=0;AF1=1;AC1=1;DP4=47,0,60,0;MQ=25;FQ=-999;PV4=1,9.44194e-06,1,1",GT:PL,"1:161,0",YCR018C-A(-)
chrIII,151645,.,G,"A,C",110.006,.,"DP=120;VDB=2.5203e-05;SGB=-0.693147;RPB=0.930255;MQB=5.0301e-15;MQSB=0.149936;BQB=4.47816e-07;MQ0F=0;AF1=1;AC1=1;DP4=38,4,52,0;MQ=23;FQ=-999;PV4=0.0367044,3.38109e-13,1,1",GT:PL,"1:140,0,139",YCR018C-A(-)
chrIII,151646,.,T,C,128.006,.,"DP=111;VDB=1.61018e-05;SGB=-0.693147;RPB=0.679326;MQB=2.66878e-14;MQSB=0.0467752;BQB=0.000538547;MQ0F=0;AF1=1;AC1=1;DP4=33,6,51,0;MQ=23;FQ=-999;PV4=0.0052402,3.01841e-09,1,1",GT:PL,"1:158,0",YCR018C-A(-)
chrIII,162361,.,T,C,225.007,.,"DP=95;VDB=0.310739;SGB=-0.693147;MQSB=1;MQ0F=0;AF1=1;AC1=1;DP4=0,0,7,85;MQ=42;FQ=-999",GT:PL,"1:255,0",N/A
chrIII,162396,.,G,C,225.007,.,"DP=62;VDB=0.0492815;SGB=-0.693147;MQSB=0.934613;MQ0F=0;AF1=1;AC1=1;DP4=0,0,16,44;MQ=42;FQ=-999",GT:PL,"1:255,0",N/A
chrIII,162640,.,T,G,225.007,.,"DP=104;VDB=2.94537e-10;SGB=-0.693147;MQSB=0.920174;MQ0F=0;AF1=1;AC1=1;DP4=0,0,79,17;MQ=42;FQ=-999",GT:PL,"1:255,0",YCR024C-B(-)
chrIII,162694,.,G,A,225.007,.,"DP=82;VDB=0.368947;SGB=-0.693147;MQSB=0.596083;MQ0F=0;AF1=1;AC1=1;DP4=0,0,46,29;MQ=42;FQ=-999",GT:PL,"1:255,0",YCR024C-B(-)
chrIII,163059,.,T,C,225.007,.,"DP=139;VDB=0.708856;SGB=-0.693147;MQSB=0.552737;MQ0F=0;AF1=1;AC1=1;DP4=0,0,58,73;MQ=42;FQ=-999",GT:PL,"1:255,0",YCR024C-A(-)
chrIII,199081,.,G,A,153.006,.,"DP=177;VDB=0.939571;SGB=-0.693147;RPB=0.42722;MQB=5.96042e-08;MQSB=0.0460397;BQB=0.402031;MQ0F=0;AF1=1;AC1=1;DP4=22,25,51,65;MQ=15;FQ=-999;PV4=0.862118,1,1,0.38469",GT:PL,"1:183,0",YCR038C(-)
chrIV,130,.,CACA,C,52.4666,.,"INDEL;IDV=37;IMF=0.521127;DP=71;VDB=0.000864156;SGB=-0.693132;MQSB=0.856132;MQ0F=0.0985916;AF1=0.500063;AC1=1;DP4=35,2,33,1;MQ=20;FQ=-999;PV4=1,1,1,0.318262",GT:PL,"1:126,0,36",N/A
chrIV,403511,.,GTTTTTTTTT,"GTTTTTTTTTT,GTTTTTTTTTTT",28.4725,.,"INDEL;IDV=69;IMF=0.821429;DP=84;VDB=0.0153035;SGB=-0.693147;MQSB=0.996642;MQ0F=0;AF1=1;AC1=1;DP4=10,4,40,30;MQ=42;FQ=-999;PV4=0.383521,1,1,1",GT:PL,"1:66,80,0,67,133,56",N/A
chrIV,688062,.,CTTTTTTTTTTTTTT,"CTTTTTTTTTTTTTTTT,CTTTTTTTTTTTTTTTTT",3.80489,.,"INDEL;IDV=76;IMF=0.622951;DP=122;VDB=0.00270894;SGB=-0.693147;MQSB=0.00298993;MQ0F=0;AF1=0.526312;AC1=1;DP4=14,38,8,62;MQ=40;FQ=-999;PV4=0.0336292,1,1,1",GT:PL,"1:49,10,46",N/A
chrIV,736999,.,T,A,225.007,.,"DP=150;VDB=0.131916;SGB=-0.693147;MQSB=1;MQ0F=0;AF1=1;AC1=1;DP4=0,0,56,78;MQ=42;FQ=-999",GT:PL,"1:255,0",YDR141C(-)
chrIV,757631,.,G,"C,T",182.007,.,"DP=174;VDB=0.303049;SGB=-0.693147;RPB=1;MQB=1;MQSB=4.91795e-07;BQB=1;MQ0F=0;AF1=1;AC1=1;DP4=0,1,91,80;MQ=18;FQ=-999;PV4=0.47093,1,1,1",GT:PL,"1:212,0,161",YDR150W(+)
chrIV,758310,.,T,C,82.0054,.,"DP=134;VDB=0.0578326;SGB=-0.693147;MQSB=0.000107207;MQ0F=0;AF1=1;AC1=1;DP4=0,0,35,96;MQ=11;FQ=-999",GT:PL,"1:112,0",YDR150W(+)
chrIV,769328,.,G,A,225.007,.,"DP=88;VDB=0.13879;SGB=-0.693147;MQSB=0.913466;MQ0F=0;AF1=1;AC1=1;DP4=0,0,37,48;MQ=42;FQ=-999",GT:PL,"1:255,0",N/A
chrIV,783598,.,G,A,225.007,.,"DP=172;VDB=0.285591;SGB=-0.693147;MQSB=0.968656;MQ0F=0;AF1=1;AC1=1;DP4=0,0,88,78;MQ=42;FQ=-999",GT:PL,"1:255,0",YDR164C(-)
chrIV,817531,.,TAAAAAAAAAA,TAAAAAAAAAAA,22.4908,.,"INDEL;IDV=89;IMF=0.723577;DP=123;VDB=0.122036;SGB=-0.693147;MQSB=0.959788;MQ0F=0;AF1=1;AC1=1;DP4=13,20,15,75;MQ=41;FQ=-999;PV4=0.0138682,1,1,1",GT:PL,"1:60,0",N/A
chrIV,864219,.,A,G,225.007,.,"DP=116;VDB=0.000235514;SGB=-0.693147;MQSB=1;MQ0F=0;AF1=1;AC1=1;DP4=0,0,57,55;MQ=42;FQ=-999",GT:PL,"1:255,0",YDR206W(+)
chrIV,987244,.,G,A,150.006,.,"DP=139;VDB=0.00498736;SGB=-0.693147;RPB=0.969797;MQB=3.68687e-16;MQSB=0.0163504;BQB=0.139083;MQ0F=0.00719424;AF1=0.5;AC1=1;DP4=48,11,37,28;MQ=29;FQ=-999;PV4=0.00385961,0.000193991,1,0.284029",GT:PL,"1:255,75",N/A
chrIV,1150910,.,AGG,AGGG,217.469,.,"INDEL;IDV=94;IMF=0.949495;DP=99;VDB=0.163754;SGB=-0.693147;MQSB=0.981425;MQ0F=0;AF1=1;AC1=1;DP4=1,0,54,44;MQ=42;FQ=-999;PV4=1,1,0.460076,1",GT:PL,"1:255,255,0",YDR340W(+)
chrIV,1185130,.,C,A,225.007,.,"DP=153;VDB=0.769542;SGB=-0.693147;MQSB=0.992724;MQ0F=0;AF1=1;AC1=1;DP4=0,0,79,50;MQ=42;FQ=-999",GT:PL,"1:255,0",YDR354W(+)
chrIV,1253397,.,T,C,225.007,.,"DP=124;VDB=5.48389e-07;SGB=-0.693147;MQSB=0.963;MQ0F=0;AF1=1;AC1=1;DP4=0,0,88,29;MQ=42;FQ=-999",GT:PL,"1:255,0",YDR389W(+)
chrIV,1305680,.,TGG,TG,217.469,.,"INDEL;IDV=60;IMF=0.923077;DP=65;VDB=0.287431;SGB=-0.693147;MQSB=0.996219;MQ0F=0;AF1=1;AC1=1;DP4=2,1,37,25;MQ=41;FQ=-999;PV4=1,1,1,1",GT:PL,"1:255,110,0",N/A
chrIV,1402305,.,C,T,225.007,.,"DP=152;VDB=0.994506;SGB=-0.693147;MQSB=0.717371;MQ0F=0;AF1=1;AC1=1;DP4=0,0,86,64;MQ=41;FQ=-999",GT:PL,"1:255,0",YDR471W(+)
chrIV,1433710,.,A,T,225.007,.,"DP=122;VDB=0.736004;SGB=-0.693147;MQSB=0.98282;MQ0F=0;AF1=1;AC1=1;DP4=0,0,61,48;MQ=42;FQ=-999",GT:PL,"1:255,0",YDR490C(-)
chrIV,1524974,.,A,G,225.007,.,"DP=178;VDB=0.975276;SGB=-0.693147;MQSB=0.775675;MQ0F=0.0168539;AF1=1;AC1=1;DP4=0,0,57,108;MQ=21;FQ=-999",GT:PL,"1:255,0",N/A
chrIV,1525313,.,T,G,213.007,.,"DP=74;VDB=0.00118417;SGB=-0.693147;MQSB=0.703569;MQ0F=0.027027;AF1=1;AC1=1;DP4=0,0,16,52;MQ=20;FQ=-999",GT:PL,"1:243,0",YDR544C(-)
chrIV,1525335,.,C,G,139.006,.,"DP=46;VDB=2.00106e-09;SGB=-0.693147;MQSB=0.208906;MQ0F=0.0434783;AF1=1;AC1=1;DP4=0,0,5,40;MQ=18;FQ=-999",GT:PL,"1:169,0",YDR544C(-)
chrIV,1525340,.,C,A,135.006,.,"DP=44;VDB=1.08601e-09;SGB=-0.693146;MQSB=0.213796;MQ0F=0.0454545;AF1=1;AC1=1;DP4=0,0,5,39;MQ=18;FQ=-999",GT:PL,"1:165,0",YDR544C(-)
chrIV,1525345,.,C,G,130.006,.,"DP=35;VDB=1.23401e-09;SGB=-0.693132;MQSB=0.32628;MQ0F=0.0571429;AF1=1;AC1=1;DP4=0,0,4,30;MQ=19;FQ=-999",GT:PL,"1:160,0",YDR544C(-)
chrIV,1525351,.,C,G,81.0054,.,"DP=32;VDB=4.09762e-10;SGB=-0.692562;MQSB=1;MQ0F=0.0625;AF1=1;AC1=1;DP4=0,0,1,21;MQ=18;FQ=-999",GT:PL,"1:111,0",YDR544C(-)
chrIV,1525357,.,C,G,74.0053,.,"DP=20;VDB=4.00628e-08;SGB=-0.688148;MQ0F=0.1;AF1=1;AC1=1;DP4=0,0,0,15;MQ=20;FQ=-999",GT:PL,"1:104,0",YDR544C(-)
chrIV,1525363,.,C,G,30.0091,.,"DP=14;VDB=8.17449e-05;SGB=-0.662043;MQ0F=0;AF1=1;AC1=1;DP4=0,0,0,9;MQ=22;FQ=-999",GT:PL,"1:60,0",YDR544C(-)
chrV,31696,.,ATG,A,62.4668,.,"INDEL;IDV=3;IMF=0.428571;DP=7;VDB=0.000328285;SGB=-0.556411;MQ0F=0;AF1=1;AC1=1;DP4=0,3,0,4;MQ=38;FQ=-999;PV4=1,1,1,0.0528249",GT:PL,"1:100,3,0",YEL063C(-)
chrV,33466,.,TTG,TTGGGTCTG,96.4672,.,"INDEL;IDV=7;IMF=0.636364;DP=11;VDB=2.52719e-07;SGB=-0.670168;MQ0F=0;AF1=1;AC1=1;DP4=1,0,10,0;MQ=30;FQ=-999;PV4=1,1,1,0.351102",GT:PL,"1:134,23,0",YEL063C(-)
chrV,48384,.,T,C,225.007,.,"DP=185;VDB=0.460044;SGB=-0.693147;MQSB=0.993316;MQ0F=0;AF1=1;AC1=1;DP4=0,0,114,49;MQ=42;FQ=-999",GT:PL,"1:255,0",N/A
chrV,117045,.,A,AAGCT,54.4667,.,"INDEL;IDV=11;IMF=0.916667;DP=12;VDB=9.97854e-08;SGB=-0.670168;MQ0F=0.0833333;AF1=1;AC1=1;DP4=2,0,10,0;MQ=23;FQ=-999;PV4=1,1,0.335732,0.0107197",GT:PL,"1:92,18,0",N/A
chrV,154531,.,T,A,225.007,.,"DP=132;VDB=9.26155e-05;SGB=-0.693147;MQSB=0.992574;MQ0F=0;AF1=1;AC1=1;DP4=0,0,50,78;MQ=42;FQ=-999",GT:PL,"1:255,0",YER001W(+)
chrV,272558,.,GTTTTTTTTTTTT,GTTTTTTTTTTT,9.93137,.,"INDEL;IDV=151;IMF=0.904192;DP=167;VDB=4.0338e-13;SGB=-0.693147;MQSB=0.995527;MQ0F=0;AF1=1;AC1=1;DP4=12,15,88,52;MQ=42;FQ=-999;PV4=0.0879539,1,1,1",GT:PL,"1:47,0",N/A
chrV,352394,.,A,G,225.007,.,"DP=139;VDB=2.40298e-05;SGB=-0.693147;MQSB=0.941;MQ0F=0;AF1=1;AC1=1;DP4=0,0,59,55;MQ=42;FQ=-999",GT:PL,"1:255,0",YER096W(+)
chrV,517529,.,T,C,225.007,.,"DP=163;VDB=3.32311e-08;SGB=-0.693147;MQSB=0.983967;MQ0F=0;AF1=1;AC1=1;DP4=0,0,124,36;MQ=42;FQ=-999",GT:PL,"1:255,0",N/A
chrVI,3,.,TCT,"TCAAGCTGATCT,TCTGATCT",5.79377,.,"INDEL;IDV=7;IMF=0.583333;DP=12;VDB=3.97707e-08;SGB=-0.636426;MQ0F=0;AF1=1;AC1=1;DP4=5,0,7,0;MQ=17;FQ=-999;PV4=1,1,1,1",GT:PL,"1:59,22,17,40,0,31",N/A
chrVI,1732,.,T,C,45.0051,.,"DP=247;VDB=0.00891782;SGB=-0.693147;RPB=0.438668;MQB=4.40927e-27;MQSB=1.63636e-17;BQB=0.519194;MQ0F=0;AF1=0.5;AC1=1;DP4=69,67,0,108;MQ=31;FQ=-999;PV4=1.00039e-22,0.140299,1,0.449053",GT:PL,"1:175,100",YFL066C(-)
chrVI,97864,.,CTTTTTTTTTT,"CTTTTTTTTTTTT,CTTTTTTTTTTTTT",91.4671,.,"INDEL;IDV=88;IMF=0.814815;DP=108;VDB=0.30395;SGB=-0.693147;MQSB=0.0323257;MQ0F=0;AF1=1;AC1=1;DP4=8,3,79,18;MQ=41;FQ=-999;PV4=0.444242,1,1,1",GT:PL,"1:129,0,60",N/A
chrVI,270152,.,TGGTGTG,TGGTGTGGGTGTG,3.80489,.,"INDEL;IDV=4;IMF=0.0833333;DP=48;VDB=2.26945e-16;SGB=-0.69168;MQ0F=0;AF1=0.5;AC1=1;DP4=0,29,0,19;MQ=36;FQ=-999;PV4=1,1,1,1",GT:PL,"1:171,0,132",N/A
chrVI,270155,.,TGTG,TGTGGGTG,22.4908,.,"INDEL;IDV=4;IMF=0.0909091;DP=44;VDB=1.80777e-22;SGB=-0.693097;MQ0F=0;AF1=0.5;AC1=1;DP4=0,14,0,30;MQ=36;FQ=-999;PV4=1,1,0.00929157,1",GT:PL,"1:168,108",N/A
chrVI,270157,.,TG,TGGGTGTGG,86.4671,.,"INDEL;IDV=3;IMF=0.0833333;DP=36;VDB=5.31733e-19;SGB=-0.691153;MQ0F=0;AF1=0.5;AC1=1;DP4=0,18,0,18;MQ=35;FQ=-999;PV4=1,1,1,1",GT:PL,"1:184,0,60",N/A
chrVII,9,.,ACAC,"ACACCAC,ACACCCACACCAC,ACCAC",137.468,.,"INDEL;IDV=34;IMF=0.576271;DP=59;VDB=6.52968e-33;SGB=-0.69312;MQSB=0.769126;MQ0F=0.0338983;AF1=0.624261;AC1=1;DP4=25,2,31,1;MQ=34;FQ=-999;PV4=0.588053,1,1,1",GT:PL,"1:227,48,52,186,0,183,249,50,170,214",N/A
chrVII,214,.,ACC,ACCC,217.469,.,"INDEL;IDV=206;IMF=0.887931;DP=232;VDB=0.312121;SGB=-0.693147;MQSB=4.37897e-17;MQ0F=0.00862069;AF1=1;AC1=1;DP4=8,4,150,70;MQ=23;FQ=-999;PV4=1,1,1,1",GT:PL,"1:255,255,0",N/A
chrVII,8151,.,GA,GAA,12.7055,.,"INDEL;IDV=66;IMF=0.804878;DP=82;VDB=0.290005;SGB=-0.693147;MQSB=0.0989196;MQ0F=0;AF1=1;AC1=1;DP4=0,6,27,49;MQ=9;FQ=-999;PV4=0.170743,1,1,1",GT:PL,"1:50,150,0",N/A
chrVII,386978,.,C,G,225.007,.,"DP=121;VDB=0.00920595;SGB=-0.693147;MQSB=0.000762266;MQ0F=0;AF1=1;AC1=1;DP4=0,0,58,50;MQ=29;FQ=-999",GT:PL,"1:255,0",YGL062W(+)
chrVII,386979,.,G,C,225.007,.,"DP=120;VDB=0.0125232;SGB=-0.693147;MQSB=0.000762266;MQ0F=0;AF1=1;AC1=1;DP4=0,0,58,50;MQ=29;FQ=-999",GT:PL,"1:255,0",YGL062W(+)
chrVII,401674,.,C,A,225.007,.,"DP=77;VDB=0.560474;SGB=-0.693147;MQSB=0.000466926;MQ0F=0.012987;AF1=1;AC1=1;DP4=0,0,19,56;MQ=39;FQ=-999",GT:PL,"1:255,0",N/A
chrVII,401698,.,T,A,225.007,.,"DP=66;VDB=0.874335;SGB=-0.693147;MQSB=0.0257778;MQ0F=0.0151515;AF1=1;AC1=1;DP4=0,0,23,43;MQ=39;FQ=-999",GT:PL,"1:255,0",N/A
chrVII,404474,.,AG,AGG,4.41606,.,"INDEL;IDV=52;IMF=0.83871;DP=62;VDB=0.0232997;SGB=-0.693147;MQSB=0.364801;MQ0F=0.016129;AF1=1;AC1=1;DP4=1,2,44,15;MQ=12;FQ=-999;PV4=0.179799,1,7.99381e-14,1",GT:PL,"1:40,140,0",N/A
chrVII,404522,.,TG,TGG,37.4672,.,"INDEL;IDV=12;IMF=0.8;DP=15;VDB=0.482854;SGB=-0.676189;MQSB=0.221641;MQ0F=0.0666667;AF1=1;AC1=1;DP4=2,2,5,6;MQ=16;FQ=-999;PV4=1,1,1,1",GT:PL,"1:75,8,0",N/A
chrVII,404935,.,C,G,160.006,.,"DP=40;VDB=3.55573e-05;SGB=-0.693143;MQSB=0.472222;MQ0F=0;AF1=1;AC1=1;DP4=0,0,36,2;MQ=33;FQ=-999",GT:PL,"1:190,0",N/A
chrVII,404936,.,G,C,159.006,.,"DP=41;VDB=4.65536e-05;SGB=-0.693143;MQSB=0.472222;MQ0F=0;AF1=1;AC1=1;DP4=0,0,36,2;MQ=33;FQ=-999",GT:PL,"1:189,0",N/A
chrVII,405085,.,CGG,CG,203.469,.,"INDEL;IDV=79;IMF=0.9875;DP=80;VDB=5.72629e-05;SGB=-0.693147;MQSB=2.04168e-08;MQ0F=0;AF1=1;AC1=1;DP4=0,5,62,13;MQ=34;FQ=-999;PV4=0.000356406,1,1,1",GT:PL,"1:241,167,0",N/A
chrVII,923607,.,T,C,225.007,.,"DP=159;VDB=0.00731422;SGB=-0.693147;MQSB=0.996165;MQ0F=0;AF1=1;AC1=1;DP4=0,0,39,105;MQ=42;FQ=-999",GT:PL,"1:255,0",YGR216C(-)
chrVII,1006277,.,G,C,225.007,.,"DP=141;VDB=0.0146637;SGB=-0.693147;RPB=1;MQB=1;MQSB=0.992996;BQB=1;MQ0F=0;AF1=1;AC1=1;DP4=1,0,56,72;MQ=41;FQ=-999;PV4=0.44186,1,0.419439,1",GT:PL,"1:255,0",YGR257C(-)
chrVII,1006278,.,C,G,225.007,.,"DP=141;VDB=0.0171558;SGB=-0.693147;RPB=1;MQB=1;MQSB=0.992996;BQB=1;MQ0F=0;AF1=1;AC1=1;DP4=1,0,56,72;MQ=41;FQ=-999;PV4=0.44186,1,0.419439,1",GT:PL,"1:255,0",YGR257C(-)
chrVII,1006279,.,G,C,225.007,.,"DP=141;VDB=0.0167809;SGB=-0.693147;RPB=1;MQB=1;MQSB=0.992996;BQB=1;MQ0F=0;AF1=1;AC1=1;DP4=1,0,56,72;MQ=41;FQ=-999;PV4=0.44186,1,0.419439,1",GT:PL,"1:255,0",YGR257C(-)
chrVIII,1569,.,G,A,225.007,.,"DP=247;VDB=0.19215;SGB=-0.693147;MQ0F=0.0445344;AF1=1;AC1=1;DP4=0,0,217,0;MQ=32;FQ=-999",GT:PL,"1:255,0",YHL050C(-)
chrVIII,1672,.,A,G,28.0116,.,"DP=248;VDB=6.92477e-05;SGB=-0.693147;RPB=0.163127;MQB=5.22508e-06;MQSB=6.60857e-09;BQB=0.00318219;MQ0F=0.016129;AF1=0.500013;AC1=1;DP4=53,20,164,2;MQ=27;FQ=-999;PV4=8.75099e-10,0.000233364,1,0.329539",GT:PL,"1:101,43",YHL050C(-)
chrVIII,1846,.,A,G,58.0051,.,"DP=136;VDB=0.000359809;SGB=-0.693147;RPB=1;MQB=1;MQSB=0.329476;BQB=1;MQ0F=0.0147059;AF1=1;AC1=1;DP4=1,0,9,124;MQ=9;FQ=-999;PV4=0.0746269,1,1,1",GT:PL,"1:88,0",YHL050C(-)
chrVIII,1930,.,A,G,11.3361,.,"DP=186;VDB=1.18827e-07;SGB=-0.693147;RPB=1.8627e-17;MQB=0.00567283;MQSB=0.00140353;BQB=0.45414;MQ0F=0.0752688;AF1=0.5;AC1=1;DP4=6,57,7,76;MQ=22;FQ=-999;PV4=1,0.177904,1,0.198783",GT:PL,"1:140,99",N/A
chrVIII,1997,.,T,C,186.007,.,"DP=249;VDB=1;SGB=-0.693147;RPB=0.00172901;MQB=5.52342e-05;MQSB=9.98645e-07;BQB=0.333516;MQ0F=0.00803213;AF1=1;AC1=1;DP4=10,8,0,221;MQ=31;FQ=-999;PV4=3.16022e-13,0.052026,1,2.22271e-05",GT:PL,"1:216,0",N/A
chrVIII,2068,.,A,T,113.006,.,"DP=249;VDB=0.999996;SGB=-0.693147;RPB=0.748913;MQB=0.015877;MQSB=0.000884183;BQB=0.61304;MQ0F=0.0522088;AF1=1;AC1=1;DP4=7,22,0,216;MQ=25;FQ=-999;PV4=1.61871e-07,0.0800818,1,1",GT:PL,"1:143,0",N/A
chrVIII,4844,.,C,T,44.0051,.,"DP=6;VDB=0.886426;SGB=-0.590765;RPB=1;MQB=1;MQSB=1;BQB=1;MQ0F=0;AF1=1;AC1=1;DP4=0,1,5,0;MQ=21;FQ=-999;PV4=0.166667,1,1,0.13456",GT:PL,"1:74,0",N/A
chrVIII,4856,.,G,A,43.0051,.,"DP=6;VDB=0.677613;SGB=-0.590765;MQSB=1;MQ0F=0;AF1=1;AC1=1;DP4=0,0,4,1;MQ=21;FQ=-999",GT:PL,"1:73,0",N/A
chrVIII,4858,.,T,G,34.0065,.,"DP=6;VDB=0.879194;SGB=-0.556411;RPB=1;MQB=1;MQSB=1;BQB=1;MQ0F=0;AF1=1;AC1=1;DP4=0,1,4,0;MQ=21;FQ=-999;PV4=0.2,0.342519,1,0.201912",GT:PL,"1:64,0",N/A
chrVIII,4895,.,C,T,12.27,.,"DP=2;VDB=0.06;SGB=-0.453602;MQ0F=0;AF1=1;AC1=1;DP4=0,0,2,0;MQ=23;FQ=-999",GT:PL,"1:42,0",N/A
chrVIII,4896,.,G,A,12.27,.,"DP=2;VDB=0.02;SGB=-0.453602;MQ0F=0;AF1=1;AC1=1;DP4=0,0,2,0;MQ=23;FQ=-999",GT:PL,"1:42,0",N/A
chrVIII,5225,.,A,G,22.0319,.,"DP=6;VDB=0.00911214;SGB=-0.556411;RPB=1;MQB=1;MQSB=1;BQB=1;MQ0F=0.166667;AF1=1;AC1=1;DP4=1,0,0,4;MQ=18;FQ=-999;PV4=0.2,0,1,1",GT:PL,"1:52,0",N/A
chrVIII,5232,.,C,T,29.0102,.,"DP=9;VDB=0.106137;SGB=-0.590765;RPB=1;MQB=0.4;MQSB=0.4;BQB=0;MQ0F=0.111111;AF1=1;AC1=1;DP4=2,0,0,5;MQ=17;FQ=-999;PV4=0.047619,0.00145048,1,1",GT:PL,"1:59,0",N/A
chrVIII,5283,.,T,C,6.97679,.,"DP=4;VDB=0.6;SGB=-0.453602;RPB=1;MQB=1;MQSB=1;BQB=1;MQ0F=0;AF1=1;AC1=1;DP4=1,0,0,2;MQ=19;FQ=-999;PV4=0.333333,0,1,1",GT:PL,"1:36,0",N/A
chrVIII,5292,.,C,A,12.27,.,"DP=2;VDB=0.6;SGB=-0.453602;MQ0F=0;AF1=1;AC1=1;DP4=0,0,0,2;MQ=23;FQ=-999",GT:PL,"1:42,0",N/A
chrVIII,5298,.,C,T,12.27,.,"DP=2;VDB=0.6;SGB=-0.453602;MQ0F=0;AF1=1;AC1=1;DP4=0,0,0,2;MQ=23;FQ=-999",GT:PL,"1:42,0",N/A
chrVIII,5489,.,G,A,11.3361,.,"DP=6;VDB=0.561811;SGB=-0.616816;MQ0F=0;AF1=1;AC1=1;DP4=0,0,6,0;MQ=12;FQ=-999",GT:PL,"1:41,0",N/A
chrVIII,5556,.,C,T,68.0052,.,"DP=53;VDB=0.00938673;SGB=-0.693145;RPB=0.981982;MQB=0.761084;MQSB=0.00681797;BQB=0.812936;MQ0F=0;AF1=1;AC1=1;DP4=2,1,19,21;MQ=16;FQ=-999;PV4=0.60692,1,0.188749,1",GT:PL,"1:98,0",N/A
chrVIII,5635,.,T,C,148.006,.,"DP=34;VDB=0.412695;SGB=-0.693097;RPB=0.103657;MQB=0.0188623;MQSB=0.0322581;BQB=0.548543;MQ0F=0;AF1=1;AC1=1;DP4=1,2,30,0;MQ=37;FQ=-999;PV4=0.00568182,0.00671804,1,1",GT:PL,"1:178,0",N/A
chrVIII,5700,.,A,G,87.0054,.,"DP=21;VDB=0.902454;SGB=-0.691153;RPB=0.611111;MQB=0.444444;BQB=0.888889;MQ0F=0;AF1=1;AC1=1;DP4=2,0,18,0;MQ=26;FQ=-999;PV4=1,0.32048,0.486653,1",GT:PL,"1:117,0",YHL048C-A(-)
chrVIII,5706,.,C,G,80.0054,.,"DP=19;VDB=0.908767;SGB=-0.690438;RPB=0.411765;MQB=0.470588;BQB=0.882353;MQ0F=0;AF1=1;AC1=1;DP4=2,0,17,0;MQ=26;FQ=-999;PV4=1,0.321453,0.45073,1",GT:PL,"1:110,0",YHL048C-A(-)
chrVIII,5709,.,C,G,83.0054,.,"DP=19;VDB=0.916415;SGB=-0.690438;RPB=0.411765;MQB=0.470588;BQB=0.941176;MQ0F=0;AF1=1;AC1=1;DP4=2,0,17,0;MQ=26;FQ=-999;PV4=1,0.371074,0.45073,1",GT:PL,"1:113,0",YHL048C-A(-)
chrVIII,5717,.,T,C,48.005,.,"DP=10;VDB=0.0298763;SGB=-0.662043;MQ0F=0;AF1=1;AC1=1;DP4=0,0,9,0;MQ=18;FQ=-999",GT:PL,"1:78,0",YHL048C-A(-)
chrVIII,5724,.,C,T,51.005,.,"DP=10;VDB=0.0830571;SGB=-0.670168;MQ0F=0;AF1=1;AC1=1;DP4=0,0,10,0;MQ=18;FQ=-999",GT:PL,"1:81,0",YHL048C-A(-)
chrVIII,5759,.,G,A,67.0052,.,"DP=42;VDB=5.09465e-06;SGB=-0.693144;RPB=0.487179;MQB=0.102564;BQB=0.74359;MQ0F=0.142857;AF1=1;AC1=1;DP4=2,0,39,0;MQ=18;FQ=-999;PV4=1,0.273388,1,0.377753",GT:PL,"1:97,0",YHL048C-A(-)
chrVIII,5775,.,G,C,64.0052,.,"DP=40;VDB=5.64407e-09;SGB=-0.692976;RPB=0.553643;MQB=2.68605e-05;BQB=0.999556;MQ0F=0.175;AF1=1;AC1=1;DP4=13,0,26,0;MQ=17;FQ=-999;PV4=1,1,1,0.113612",GT:PL,"1:94,0",YHL048C-A(-)
chrVIII,5777,.,G,A,68.0052,.,"DP=41;VDB=9.91736e-13;SGB=-0.693145;MQ0F=0.170732;AF1=1;AC1=1;DP4=0,0,40,0;MQ=17;FQ=-999",GT:PL,"1:98,0",YHL048C-A(-)
chrVIII,5788,.,T,G,69.0052,.,"DP=47;VDB=0.00150509;SGB=-0.693147;MQ0F=0.148936;AF1=1;AC1=1;DP4=0,0,47,0;MQ=18;FQ=-999",GT:PL,"1:99,0",YHL048C-A(-)
chrVIII,5806,.,C,T,68.0052,.,"DP=49;VDB=0.572467;SGB=-0.693143;RPB=0.126145;MQB=0.000742667;BQB=0.884305;MQ0F=0.142857;AF1=1;AC1=1;DP4=6,0,38,0;MQ=19;FQ=-999;PV4=1,1,1,1",GT:PL,"1:98,0",N/A
chrVIII,5830,.,C,T,64.0052,.,"DP=13;VDB=0.000272945;SGB=-0.683931;MQ0F=0.0769231;AF1=1;AC1=1;DP4=0,0,13,0;MQ=19;FQ=-999",GT:PL,"1:94,0",N/A
chrVIII,5837,.,A,C,64.0052,.,"DP=13;VDB=9.03726e-05;SGB=-0.680642;MQ0F=0.0769231;AF1=1;AC1=1;DP4=0,0,12,0;MQ=19;FQ=-999",GT:PL,"1:94,0",N/A
chrVIII,5838,.,A,G,65.0052,.,"DP=13;VDB=8.11478e-05;SGB=-0.680642;MQ0F=0.0769231;AF1=1;AC1=1;DP4=0,0,12,0;MQ=19;FQ=-999",GT:PL,"1:95,0",N/A
chrVIII,5854,.,A,G,12.27,.,"DP=9;VDB=0.0408818;SGB=-0.556411;MQ0F=0;AF1=1;AC1=1;DP4=0,0,4,0;MQ=18;FQ=-999",GT:PL,"1:42,0",N/A
chrVIII,5856,.,G,A,4.7673,.,"DP=8;VDB=0.0411132;SGB=-0.511536;MQ0F=0;AF1=1;AC1=1;DP4=0,0,3,0;MQ=15;FQ=-999",GT:PL,"1:33,0",N/A
chrVIII,5896,.,T,G,3.54149,.,"DP=3;VDB=0.235765;SGB=-0.511536;MQ0F=0;AF1=1;AC1=1;DP4=0,0,0,3;MQ=15;FQ=-999",GT:PL,"1:31,0",N/A
chrVIII,5898,.,T,G,3.54149,.,"DP=3;VDB=0.235765;SGB=-0.511536;MQ0F=0;AF1=1;AC1=1;DP4=0,0,0,3;MQ=15;FQ=-999",GT:PL,"1:31,0",N/A
chrVIII,5942,.,G,A,94.0055,.,"DP=8;VDB=0.0309211;SGB=-0.651104;MQ0F=0;AF1=1;AC1=1;DP4=0,0,0,8;MQ=30;FQ=-999",GT:PL,"1:124,0",N/A
chrVIII,6105,.,A,C,65.0052,.,"DP=22;VDB=0.0833459;SGB=-0.688148;RPB=0.0101145;MQB=0.174694;MQSB=1;BQB=0.994426;MQ0F=0;AF1=0.501994;AC1=1;DP4=1,6,0,15;MQ=24;FQ=-999;PV4=0.318182,1,1,1",GT:PL,"1:116,21",N/A
chrVIII,6125,.,C,T,117.006,.,"DP=19;VDB=0.682974;SGB=-0.691153;MQ0F=0;AF1=1;AC1=1;DP4=0,0,0,18;MQ=26;FQ=-999",GT:PL,"1:147,0",N/A
chrVIII,6252,.,T,G,56.0051,.,"DP=25;VDB=0.000100117;SGB=-0.690438;RPB=0.64766;MQB=0.0577071;MQSB=0.576308;BQB=0.897092;MQ0F=0.08;AF1=1;AC1=1;DP4=1,7,5,12;MQ=14;FQ=-999;PV4=0.623715,0.166089,1,0.236556",GT:PL,"1:86,0",N/A
chrVIII,17534,.,ATTTTTTTTTTT,"ATTTTTTTTTTTT,ATTTTTTTTTTTTT",10.8397,.,"INDEL;IDV=71;IMF=0.788889;DP=90;VDB=0.00124173;SGB=-0.693147;MQSB=0.986525;MQ0F=0;AF1=1;AC1=1;DP4=13,5,41,31;MQ=41;FQ=-999;PV4=0.289652,1,1,1",GT:PL,"1:48,0,44",YHL041W(+)
chrVIII,216123,.,C,T,84.0054,.,"DP=229;VDB=0.999995;SGB=-0.693147;RPB=0.772797;MQB=1.12945e-19;MQSB=2.26041e-10;BQB=0.776922;MQ0F=0;AF1=1;AC1=1;DP4=38,122,50,6;MQ=19;FQ=-999;PV4=2.19476e-18,0.0379052,1,0.366495",GT:PL,"1:114,0",YHR056C(-)
chrVIII,417054,.,G,A,225.007,.,"DP=151;VDB=0.16764;SGB=-0.693147;MQSB=0.95891;MQ0F=0;AF1=1;AC1=1;DP4=0,0,71,71;MQ=42;FQ=-999",GT:PL,"1:255,0",YHR158C(-)
chrVIII,499958,.,C,T,225.007,.,"DP=216;VDB=8.47616e-06;SGB=-0.693147;MQSB=0.926615;MQ0F=0;AF1=1;AC1=1;DP4=0,0,159,45;MQ=42;FQ=-999",GT:PL,"1:255,0",YHR201C(-)
chrVIII,511255,.,C,T,225.007,.,"DP=163;VDB=0.270386;SGB=-0.693147;MQSB=1;MQ0F=0;AF1=1;AC1=1;DP4=0,0,23,121;MQ=42;FQ=-999",GT:PL,"1:255,0",YHR205W(+)
chrVIII,524447,.,C,G,225.007,.,"DP=98;VDB=0.889763;SGB=-0.693147;MQSB=1;MQ0F=0;AF1=1;AC1=1;DP4=0,0,43,47;MQ=42;FQ=-999",GT:PL,"1:255,0",N/A
chrIX,23185,.,CG,CGG,19.515,.,"INDEL;IDV=39;IMF=0.951219;DP=41;VDB=0.30435;SGB=-0.693145;MQSB=0.9426;MQ0F=0.0243902;AF1=1;AC1=1;DP4=0,0,29,12;MQ=9;FQ=-999",GT:PL,"1:57,123,0",YIL169C(-)
chrIX,23214,.,T,G,8.64278,.,"DP=26;VDB=0.22764;SGB=-0.692717;MQSB=0.261887;MQ0F=0.0384615;AF1=1;AC1=1;DP4=0,0,16,7;MQ=6;FQ=-999",GT:PL,"1:38,0",YIL169C(-)
chrIX,23282,.,TCC,TC,15.5878,.,"INDEL;IDV=69;IMF=0.841463;DP=82;VDB=0.0557669;SGB=-0.693147;MQ0F=0;AF1=0.500003;AC1=1;DP4=26,0,56,0;MQ=26;FQ=-999;PV4=1,1,1,8.15426e-07",GT:PL,"1:102,0,49",YIL169C(-)
chrIX,105433,.,AAATAATAAT,AAATAATAATAAT,217.469,.,"INDEL;IDV=49;IMF=0.720588;DP=68;VDB=0.699295;SGB=-0.693147;MQSB=0.313359;MQ0F=0;AF1=1;AC1=1;DP4=3,5,50,10;MQ=40;FQ=-999;PV4=0.0104968,1,1,1",GT:PL,"1:255,60,0",YIL130W(+)
chrIX,318694,.,T,A,225.007,.,"DP=172;VDB=0.000202367;SGB=-0.693147;MQSB=0.964725;MQ0F=0;AF1=1;AC1=1;DP4=0,0,82,80;MQ=42;FQ=-999",GT:PL,"1:255,0",YIL017C(-)
chrIX,439882,.,TGTGTG,TGTGTGGGTGTGGGTGTG,9.93137,.,"INDEL;IDV=3;IMF=0.0517241;DP=58;VDB=6.65008e-39;SGB=-0.69312;MQ0F=0.0517241;AF1=0.5;AC1=1;DP4=0,26,0,32;MQ=35;FQ=-999;PV4=1,1,0.191564,1",GT:PL,"1:178,0,131",N/A
chrX,97478,.,G,A,225.007,.,"DP=168;VDB=3.59392e-05;SGB=-0.693147;MQSB=0.995856;MQ0F=0;AF1=1;AC1=1;DP4=0,0,57,110;MQ=42;FQ=-999",GT:PL,"1:255,0",N/A
chrX,100335,.,C,T,225.007,.,"DP=238;VDB=0.000198837;SGB=-0.693147;RPB=1;MQB=1;MQSB=0.834989;BQB=1;MQ0F=0;AF1=1;AC1=1;DP4=0,1,107,111;MQ=42;FQ=-999;PV4=1,1,0.44472,1",GT:PL,"1:255,0",YJL171C(-)
chrX,199170,.,A,C,43.0051,.,"DP=51;VDB=0.33409;SGB=-0.693147;MQSB=0.746889;MQ0F=0;AF1=1;AC1=1;DP4=0,0,10,40;MQ=7;FQ=-999",GT:PL,"1:73,0",YJL113W(+)
chrX,200219,.,A,G,25.0184,.,"DP=68;VDB=0.87546;SGB=-0.693147;MQSB=0.969972;MQ0F=0;AF1=1;AC1=1;DP4=0,0,18,41;MQ=7;FQ=-999",GT:PL,"1:55,0",YJL113W(+)
chrX,278977,.,CAGAGAG,CAGAG,217.469,.,"INDEL;IDV=106;IMF=0.898305;DP=118;VDB=0.0178842;SGB=-0.693147;MQSB=0.958992;MQ0F=0;AF1=1;AC1=1;DP4=8,3,66,41;MQ=42;FQ=-999;PV4=0.534423,1,1,1",GT:PL,"1:255,69,0",YJL083W(+)
chrX,470130,.,GTAATAATAATAATAATAATAATAATAATAATAATAATAATAATAATAATA,GTAATAATAATAATAATAATAATAATAATAATAATAATAATAATAATA,20.5051,.,"INDEL;IDV=13;IMF=0.156627;DP=83;VDB=0.243879;SGB=-0.686358;MQSB=0.998856;MQ0F=0;AF1=0.5;AC1=1;DP4=0,69,5,9;MQ=42;FQ=-999;PV4=6.89527e-05,1,1,1",GT:PL,"1:159,0,101",YJR023C(-)
chrXI,3,.,CCACACCCACACACC,"CCACACACCCACACACC,CCACACCCACACACCCACACACC,CCCACACACCCACACACC",43.4667,.,"INDEL;IDV=7;IMF=0.538462;DP=13;VDB=5.52691e-08;SGB=-0.651104;MQ0F=0.153846;AF1=1;AC1=1;DP4=5,0,8,0;MQ=25;FQ=-999;PV4=1,1,1,0.316153",GT:PL,"1:104,27,23,84,2,79,84,0,54,75",N/A
chrXI,457,.,C,CA,217.469,.,"INDEL;IDV=212;IMF=0.921739;DP=230;VDB=0.717756;SGB=-0.693147;MQSB=4.13253e-05;MQ0F=0.00869565;AF1=1;AC1=1;DP4=3,5,132,90;MQ=26;FQ=-999;PV4=0.27994,1,1,1",GT:PL,"1:255,255,0",YKL225W(+)
chrXI,451568,.,GGAACACGAACACGAACA,GGAACACGAACA,133.468,.,"INDEL;IDV=62;IMF=0.688889;DP=90;VDB=0.0936862;SGB=-0.693147;MQSB=0.436178;MQ0F=0;AF1=0.5;AC1=1;DP4=7,7,34,42;MQ=39;FQ=-999;PV4=0.775655,1,0.0243513,1",GT:PL,"1:255,0,84",YKR007W(+)
chrXI,666554,.,AGG,AG,217.469,.,"INDEL;IDV=2;IMF=0.0101523;DP=197;VDB=0.00677242;SGB=-0.693147;MQSB=0.0114649;MQ0F=0;AF1=1;AC1=1;DP4=3,16,17,161;MQ=40;FQ=-999;PV4=0.41778,1,1,1",GT:PL,"1:255,210,0",N/A
chrXI,666556,.,GT,G,217.469,.,"INDEL;IDV=177;IMF=0.912371;DP=194;VDB=0.000605995;SGB=-0.693147;MQSB=0.00320223;MQ0F=0;AF1=1;AC1=1;DP4=3,13,17,161;MQ=40;FQ=-999;PV4=0.218514,1,1,1",GT:PL,"1:255,255,0",N/A
chrXI,666557,.,TG,T,217.469,.,"INDEL;IDV=4;IMF=0.0205128;DP=195;VDB=0.000871498;SGB=-0.693147;MQSB=0.00350423;MQ0F=0;AF1=1;AC1=1;DP4=3,14,17,161;MQ=40;FQ=-999;PV4=0.391382,1,1,1",GT:PL,"1:255,255,0",N/A
chrXII,552,.,ATT,AT,13.6574,.,"INDEL;IDV=106;IMF=0.954955;DP=111;VDB=2.65736e-19;SGB=-0.693147;MQSB=7.10352e-06;MQ0F=0;AF1=0.5;AC1=1;DP4=54,1,42,14;MQ=27;FQ=-999;PV4=0.000434883,1,1,1",GT:PL,"1:151,0,100",N/A
chrXII,590,.,ATG,ATGTACAGTG,63.4668,.,"INDEL;IDV=20;IMF=0.0909091;DP=220;VDB=0.939061;SGB=-0.693147;MQSB=0.0137615;MQ0F=0;AF1=0.5;AC1=1;DP4=74,2,144,0;MQ=30;FQ=-999;PV4=0.118306,1,1,1",GT:PL,"1:182,0,81",YLL067C(-)
chrXII,591,.,TGG,TGTACAGCGG,97.4672,.,"INDEL;IDV=164;IMF=0.75576;DP=217;VDB=0.831779;SGB=-0.693147;MQSB=1;MQ0F=0;AF1=1;AC1=1;DP4=52,1,164,0;MQ=30;FQ=-999;PV4=0.24424,1,1,1",GT:PL,"1:135,19,0",YLL067C(-)
chrXII,187137,.,ATTT,ATT,113.467,.,"INDEL;IDV=126;IMF=0.834437;DP=151;VDB=0.99961;SGB=-0.693147;MQSB=0.985144;MQ0F=0;AF1=0.555409;AC1=1;DP4=7,20,84,40;MQ=42;FQ=-999;PV4=0.000134694,1,1,1",GT:PL,"1:158,0,7",N/A
chrXII,220717,.,G,A,149.006,.,"DP=17;VDB=0.0080071;SGB=-0.690438;MQSB=1;MQ0F=0;AF1=1;AC1=1;DP4=0,0,16,1;MQ=40;FQ=-999",GT:PL,"1:179,0",N/A
chrXII,291384,.,A,G,225.007,.,"DP=127;VDB=0.0191046;SGB=-0.693147;MQSB=0.87778;MQ0F=0;AF1=1;AC1=1;DP4=0,0,37,87;MQ=42;FQ=-999",GT:PL,"1:255,0",YLR081W(+)
chrXII,291386,.,A,G,225.007,.,"DP=130;VDB=0.0103996;SGB=-0.693147;MQSB=0.879231;MQ0F=0;AF1=1;AC1=1;DP4=0,0,37,86;MQ=42;FQ=-999",GT:PL,"1:255,0",YLR081W(+)
chrXII,468701,.,T,C,6.19669,.,"DP=250;VDB=0.573839;SGB=-0.636426;RPB=0.666615;MQB=0.000571962;MQSB=0.879945;BQB=0.995123;MQ0F=0;AF1=1;AC1=1;DP4=149,92,7,0;MQ=7;FQ=-999;PV4=0.0484439,0.492633,1,1",GT:PL,"1:35,0",N/A
chrXII,474417,.,ACC,ACCC,23.4858,.,"INDEL;IDV=2;IMF=0.4;DP=5;VDB=0.9817;SGB=-0.453602;MQSB=1;MQ0F=0;AF1=1;AC1=1;DP4=0,3,1,1;MQ=27;FQ=-999;PV4=0.4,1,1,1",GT:PL,"1:61,1,0",N/A
chrXII,528749,.,T,A,225.007,.,"DP=223;VDB=0.86948;SGB=-0.693147;MQSB=0.995565;MQ0F=0;AF1=1;AC1=1;DP4=0,0,116,101;MQ=42;FQ=-999",GT:PL,"1:255,0",YLR188W(+)
chrXII,725936,.,G,A,225.007,.,"DP=225;VDB=0.0862378;SGB=-0.693147;MQSB=0.933359;MQ0F=0;AF1=1;AC1=1;DP4=0,0,174,25;MQ=42;FQ=-999",GT:PL,"1:255,0",N/A
chrXII,732281,.,CA,CAGGATCCTCAGA,80.467,.,"INDEL;IDV=12;IMF=0.461538;DP=26;VDB=4.86853e-09;SGB=-0.692831;MQ0F=0;AF1=1;AC1=1;DP4=0,2,0,24;MQ=25;FQ=-999;PV4=1,1,0.457283,1",GT:PL,"1:118,35,0",YLR302C(-)
chrXII,734703,.,T,A,159.006,.,"DP=20;VDB=1.28828e-09;SGB=-0.692067;MQ0F=0;AF1=1;AC1=1;DP4=0,0,20,0;MQ=42;FQ=-999",GT:PL,"1:189,0",N/A
chrXII,784382,.,GCC,GCCC,217.469,.,"INDEL;IDV=123;IMF=0.911111;DP=135;VDB=0.555789;SGB=-0.693147;MQSB=0.887042;MQ0F=0;AF1=1;AC1=1;DP4=6,7,80,42;MQ=41;FQ=-999;PV4=0.225226,1,1,1",GT:PL,"1:255,101,0",N/A
chrXII,818465,.,A,ATTT,21.4971,.,"INDEL;IDV=3;IMF=0.1875;DP=16;VDB=0.990114;SGB=-0.636426;MQSB=0.998397;MQ0F=0;AF1=0.5;AC1=1;DP4=4,5,7,0;MQ=32;FQ=-999;PV4=0.0336538,1,1,0.00910302",GT:PL,"1:126,0,67",N/A
chrXII,828903,.,C,T,225.007,.,"DP=128;VDB=0.192085;SGB=-0.693147;MQSB=1;MQ0F=0;AF1=1;AC1=1;DP4=0,0,89,33;MQ=42;FQ=-999",GT:PL,"1:255,0",YLR350W(+)
chrXII,1039435,.,T,A,225.007,.,"DP=158;VDB=0.00363829;SGB=-0.693147;MQSB=0.992567;MQ0F=0;AF1=1;AC1=1;DP4=0,0,84,61;MQ=42;FQ=-999",GT:PL,"1:255,0",YLR452C(-)
chrXII,1066742,.,A,G,35.0062,.,"DP=220;VDB=1.14055e-05;SGB=-0.693147;RPB=0.104337;MQB=0.0446426;MQSB=0.011853;BQB=0.999827;MQ0F=0.0318182;AF1=1;AC1=1;DP4=75,71,14,56;MQ=9;FQ=-999;PV4=8.77366e-06,1,1,1",GT:PL,"1:65,0","YLR463C(-),YLR464W(+)"
chrXIII,34473,.,T,G,225.007,.,"DP=183;VDB=0.634018;SGB=-0.693147;RPB=1;MQB=1;MQSB=0.995492;BQB=1;MQ0F=0;AF1=1;AC1=1;DP4=1,0,109,55;MQ=42;FQ=-999;PV4=1,1,0.469021,1",GT:PL,"1:255,0",YML117W(+)
chrXIII,325905,.,T,A,225.007,.,"DP=204;VDB=0.000947733;SGB=-0.693147;MQSB=0.988813;MQ0F=0;AF1=1;AC1=1;DP4=0,0,90,104;MQ=42;FQ=-999",GT:PL,"1:255,0",YMR027W(+)
chrXIII,448333,.,G,A,225.007,.,"DP=218;VDB=6.22231e-12;SGB=-0.693147;MQSB=0.964814;MQ0F=0;AF1=1;AC1=1;DP4=0,0,136,71;MQ=42;FQ=-999",GT:PL,"1:255,0",N/A
chrXIII,448334,.,A,G,225.007,.,"DP=217;VDB=2.97467e-12;SGB=-0.693147;MQSB=0.964814;MQ0F=0;AF1=1;AC1=1;DP4=0,0,136,71;MQ=42;FQ=-999",GT:PL,"1:255,0",N/A
chrXIII,573286,.,T,A,225.007,.,"DP=192;VDB=0.000778119;SGB=-0.693147;RPB=1;MQB=1;MQSB=0.164782;BQB=1;MQ0F=0;AF1=1;AC1=1;DP4=0,1,133,43;MQ=41;FQ=-999;PV4=0.248588,1,1,1",GT:PL,"1:255,0",YMR158C-A(-)
chrXIII,630505,.,A,G,225.007,.,"DP=129;VDB=0.441829;SGB=-0.693147;MQSB=1;MQ0F=0;AF1=1;AC1=1;DP4=0,0,68,54;MQ=42;FQ=-999",GT:PL,"1:255,0",YMR185W(+)
chrXIII,672129,.,T,C,225.007,.,"DP=114;VDB=0.0319357;SGB=-0.693147;MQSB=0.981866;MQ0F=0;AF1=1;AC1=1;DP4=0,0,45,56;MQ=42;FQ=-999",GT:PL,"1:255,0",YMR205C(-)
chrXIII,680936,.,T,C,225.007,.,"DP=98;VDB=0.0439711;SGB=-0.693147;RPB=1;MQB=1;MQSB=0.947033;BQB=1;MQ0F=0;AF1=1;AC1=1;DP4=1,0,48,40;MQ=42;FQ=-999;PV4=1,1,0.440251,1",GT:PL,"1:255,0",YMR207C(-)
chrXIII,680940,.,C,T,225.007,.,"DP=95;VDB=0.0488706;SGB=-0.693147;MQSB=0.945369;MQ0F=0;AF1=1;AC1=1;DP4=0,0,48,40;MQ=42;FQ=-999",GT:PL,"1:255,0",YMR207C(-)
chrXIII,708291,.,T,C,225.007,.,"DP=184;VDB=0.0834499;SGB=-0.693147;MQSB=0.993335;MQ0F=0;AF1=1;AC1=1;DP4=0,0,29,147;MQ=42;FQ=-999",GT:PL,"1:255,0",YMR219W(+)
chrXIII,809198,.,A,G,225.007,.,"DP=204;VDB=0.033458;SGB=-0.693147;MQSB=1;MQ0F=0;AF1=1;AC1=1;DP4=0,0,68,123;MQ=42;FQ=-999",GT:PL,"1:255,0",N/A
chrXIII,908177,.,A,G,3.01251,.,"DP=244;VDB=7.78617e-08;SGB=-0.693147;RPB=0.0048976;MQB=0.00125947;MQSB=4.02051e-12;BQB=0.0711813;MQ0F=0.102459;AF1=0.500125;AC1=1;DP4=19,29,90,44;MQ=20;FQ=-999;PV4=0.00108251,1,1.17408e-05,1",GT:PL,"1:63,33",YMR317W(+)
chrXIII,924341,.,G,T,119.006,.,"DP=84;VDB=0.0273345;SGB=-0.693139;RPB=0.965699;MQB=0.0140014;MQSB=0.255265;BQB=0.0697167;MQ0F=0.0952381;AF1=0.503167;AC1=1;DP4=5,18,2,34;MQ=26;FQ=-999;PV4=0.0979799,1,1,1",GT:PL,"1:168,19",N/A
chrXIV,7478,.,A,AT,217.469,.,"INDEL;IDV=198;IMF=0.895928;DP=221;VDB=5.30087e-14;SGB=-0.693147;MQSB=0.428893;MQ0F=0;AF1=1;AC1=1;DP4=0,2,48,171;MQ=20;FQ=-999;PV4=1,1,0.466824,1",GT:PL,"1:255,255,0",N/A
chrXIV,14333,.,GC,GCC,41.4668,.,"INDEL;IDV=77;IMF=0.950617;DP=81;VDB=0.000172755;SGB=-0.693147;MQSB=0.807501;MQ0F=0;AF1=1;AC1=1;DP4=3,0,1,77;MQ=12;FQ=-999;PV4=4.68823e-05,1,1,1",GT:PL,"1:79,195,0",N/A
chrXIV,140381,.,CATA,"CATAATAATA,CAATA",147.468,.,"INDEL;IDV=13;IMF=0.684211;DP=19;VDB=1.66547e-10;SGB=-0.690438;MQ0F=0;AF1=1;AC1=1;DP4=2,0,17,0;MQ=39;FQ=-999;PV4=1,1,0.204503,1",GT:PL,"1:234,74,49,174,0,167",YNL268W(+)
chrXIV,312328,.,AACGACGACG,AACGACG,217.469,.,"INDEL;IDV=102;IMF=0.902655;DP=113;VDB=0.264721;SGB=-0.693147;MQSB=0.976035;MQ0F=0;AF1=1;AC1=1;DP4=3,1,73,36;MQ=42;FQ=-999;PV4=1,1,0.332337,1",GT:PL,"1:255,209,0",YNL172W(+)
chrXIV,377887,.,G,T,225.007,.,"DP=156;VDB=0.879536;SGB=-0.693147;MQSB=0.949048;MQ0F=0;AF1=1;AC1=1;DP4=0,0,64,82;MQ=42;FQ=-999",GT:PL,"1:255,0",YNL132W(+)
chrXIV,415071,.,C,"T,A,G",6.19669,.,"DP=66;VDB=0.0228004;SGB=-0.683931;RPB=1;MQB=1;MQSB=0.973096;BQB=1;MQ0F=0;AF1=1;AC1=1;DP4=0,1,11,2;MQ=42;FQ=-999;PV4=0.214286,1,0.396903,1",GT:PL,"1:51,25,16,36,0,31,42,10,22,40",N/A
chrXIV,439397,.,GTTTTTT,GTTTTTTT,168.468,.,"INDEL;IDV=138;IMF=0.932432;DP=148;VDB=1.78989e-10;SGB=-0.693147;MQSB=0.985695;MQ0F=0;AF1=1;AC1=1;DP4=1,4,38,105;MQ=42;FQ=-999;PV4=1,1,0.418549,1",GT:PL,"1:206,255,0",N/A
chrXIV,471767,.,A,G,225.007,.,"DP=112;VDB=3.17676e-09;SGB=-0.693147;MQSB=0.981018;MQ0F=0;AF1=1;AC1=1;DP4=0,0,79,27;MQ=42;FQ=-999",GT:PL,"1:255,0",YNL083W(+)
chrXIV,520142,.,A,C,6.97679,.,"DP=44;VDB=5.63856e-05;SGB=-0.693144;RPB=0.0532102;MQB=0.126391;MQSB=0.956529;BQB=0.00208927;MQ0F=0;AF1=1;AC1=1;DP4=5,0,6,33;MQ=4;FQ=-999;PV4=0.000425411,1,0.00850645,1",GT:PL,"1:36,0","YNL054W-A(+),YNL054W-B(+)"
chrXV,90,.,CCCAC,CC,200.469,.,"INDEL;IDV=98;IMF=0.830508;DP=118;VDB=0.00898221;SGB=-0.693147;MQSB=0.0112272;MQ0F=0.0338983;AF1=1;AC1=1;DP4=19,3,95,1;MQ=38;FQ=-999;PV4=0.0202187,1,1,1",GT:PL,"1:238,87,0",N/A
chrXV,93,.,AC,ACC,58.4667,.,"INDEL;IDV=8;IMF=0.0625;DP=128;VDB=0.0147061;SGB=-0.686358;MQSB=0.00260669;MQ0F=0.03125;AF1=1;AC1=1;DP4=110,4,12,2;MQ=38;FQ=-999;PV4=0.129331,1,1,3.67387e-12",GT:PL,"1:96,164,0",N/A
chrXV,50002,.,C,T,225.007,.,"DP=123;VDB=0.947307;SGB=-0.693147;MQSB=0.999358;MQ0F=0;AF1=1;AC1=1;DP4=0,0,75,39;MQ=42;FQ=-999",GT:PL,"1:255,0",YOL145C(-)
chrXV,50010,.,A,T,225.007,.,"DP=111;VDB=0.956418;SGB=-0.693147;RPB=1;MQB=1;MQSB=0.995799;BQB=1;MQ0F=0;AF1=1;AC1=1;DP4=0,1,62,31;MQ=42;FQ=-999;PV4=0.340426,1,0.431011,0.125246",GT:PL,"1:255,0",YOL145C(-)
chrXV,50012,.,C,T,225.007,.,"DP=101;VDB=0.982348;SGB=-0.693147;MQSB=0.995799;MQ0F=0;AF1=1;AC1=1;DP4=0,0,62,32;MQ=42;FQ=-999",GT:PL,"1:255,0",YOL145C(-)
chrXV,60240,.,C,T,225.007,.,"DP=120;VDB=1.11193e-05;SGB=-0.693147;MQSB=0.00060976;MQ0F=0;AF1=1;AC1=1;DP4=0,0,9,66;MQ=38;FQ=-999",GT:PL,"1:255,0",N/A
chrXV,79297,.,C,G,225.007,.,"DP=197;VDB=0.631669;SGB=-0.693147;MQSB=0.973841;MQ0F=0;AF1=1;AC1=1;DP4=0,0,103,85;MQ=42;FQ=-999",GT:PL,"1:255,0",YOL128C(-)
chrXV,79304,.,A,T,225.007,.,"DP=219;VDB=0.332764;SGB=-0.693147;MQSB=0.987631;MQ0F=0;AF1=1;AC1=1;DP4=0,0,104,79;MQ=42;FQ=-999",GT:PL,"1:255,0",YOL128C(-)
chrXV,79305,.,T,A,225.007,.,"DP=217;VDB=0.321119;SGB=-0.693147;MQSB=0.987631;MQ0F=0;AF1=1;AC1=1;DP4=0,0,104,79;MQ=42;FQ=-999",GT:PL,"1:255,0",YOL128C(-)
chrXV,94815,.,ACCCCCCCCCCCCCC,AGGGGGGGCCCCCCCCCCCCCC,124.468,.,"INDEL;IDV=4;IMF=0.0533333;DP=75;VDB=0.00335375;SGB=-0.693054;MQSB=0.93729;MQ0F=0.0533333;AF1=1;AC1=1;DP4=26,21,28,0;MQ=34;FQ=-999;PV4=7.89262e-06,1,1,7.24762e-05",GT:PL,"1:162,2,0",N/A
chrXV,580195,.,G,A,225.007,.,"DP=99;VDB=0.556806;SGB=-0.693147;MQSB=0.996543;MQ0F=0;AF1=1;AC1=1;DP4=0,0,73,15;MQ=42;FQ=-999",GT:PL,"1:255,0",YOR135C(-)
chrXV,722438,.,G,GGT,154.468,.,"INDEL;IDV=9;IMF=0.5625;DP=16;VDB=1.85812e-08;SGB=-0.676189;MQSB=0.819936;MQ0F=0;AF1=1;AC1=1;DP4=3,2,5,6;MQ=34;FQ=-999;PV4=1,1,1,3.08853e-05",GT:PL,"1:192,11,0",YOR202W(+)
chrXV,773264,.,G,C,225.007,.,"DP=105;VDB=0.424012;SGB=-0.693147;MQSB=1;MQ0F=0;AF1=1;AC1=1;DP4=0,0,35,62;MQ=42;FQ=-999",GT:PL,"1:255,0","YOR231W(+),YOR231C-A(-)"
chrXV,951241,.,C,T,225.007,.,"DP=143;VDB=0.0503648;SGB=-0.693147;MQSB=0.987678;MQ0F=0;AF1=1;AC1=1;DP4=0,0,73,64;MQ=42;FQ=-999",GT:PL,"1:255,0",YOR336W(+)
chrXVI,191944,.,C,T,225.007,.,"DP=119;VDB=1;SGB=-0.693147;MQSB=1;MQ0F=0;AF1=1;AC1=1;DP4=0,0,60,55;MQ=42;FQ=-999",GT:PL,"1:255,0",YPL188W(+)
chrXVI,481304,.,ATTTTTTTTTTTTT,"ATTTTTTTTTTTT,ATTTTTTTTTTT",8.18204,.,"INDEL;IDV=52;IMF=0.945455;DP=55;VDB=8.16165e-16;SGB=-0.693147;MQSB=0.999681;MQ0F=0;AF1=1;AC1=1;DP4=2,6,26,21;MQ=41;FQ=-999;PV4=0.142952,1,1,1",GT:PL,"1:45,64,0,45,80,36",N/A
chrXVI,667520,.,T,G,225.007,.,"DP=187;VDB=0.48288;SGB=-0.693147;MQSB=1;MQ0F=0;AF1=1;AC1=1;DP4=0,0,103,67;MQ=42;FQ=-999",GT:PL,"1:255,0",N/A
chrXVI,677102,.,A,G,225.007,.,"DP=93;VDB=0.899207;SGB=-0.693147;MQSB=0.996227;MQ0F=0;AF1=1;AC1=1;DP4=0,0,32,49;MQ=42;FQ=-999",GT:PL,"1:255,0",N/A
chrXVI,759400,.,T,G,225.007,.,"DP=223;VDB=0.810776;SGB=-0.693147;MQSB=0.999247;MQ0F=0;AF1=1;AC1=1;DP4=0,0,89,122;MQ=42;FQ=-999",GT:PL,"1:255,0",YPR116W(+)
chrXVI,890346,.,T,A,225.007,.,"DP=161;VDB=0.999621;SGB=-0.693147;MQSB=0.995794;MQ0F=0;AF1=1;AC1=1;DP4=0,0,83,64;MQ=42;FQ=-999",GT:PL,"1:255,0",YPR175W(+)
chrmt,3287,.,A,T,10.418,.,"DP=2;SGB=-0.379885;MQ0F=0;AF1=1;AC1=1;DP4=0,0,1,0;MQ=40;FQ=-999",GT:PL,"1:40,0",N/A
chrmt,13802,.,T,A,225.007,.,"DP=148;VDB=1.72824e-35;SGB=-0.693147;RPB=1;MQB=1;MQSB=0.983387;BQB=1;MQ0F=0;AF1=1;AC1=1;DP4=1,0,129,4;MQ=42;FQ=-999;PV4=1,1,0.431735,0.226676",GT:PL,"1:255,0",N/A
chrmt,20345,.,GAAA,GAA,212.469,.,"INDEL;IDV=196;IMF=0.907407;DP=216;VDB=0.0247227;SGB=-0.693147;MQSB=0.0647717;MQ0F=0;AF1=1;AC1=1;DP4=11,24,97,84;MQ=40;FQ=-999;PV4=0.0256876,1,1,1",GT:PL,"1:250,137,0",N/A
chrmt,20934,.,T,G,225.007,.,"DP=209;VDB=0.915503;SGB=-0.693147;MQSB=0.998412;MQ0F=0;AF1=1;AC1=1;DP4=0,0,68,104;MQ=42;FQ=-999",GT:PL,"1:255,0","Q0065(+),Q0070(+),Q0045(+)"
chrmt,27587,.,A,T,174.007,.,"DP=17;VDB=0.00473159;SGB=-0.676189;MQSB=1;MQ0F=0;AF1=1;AC1=1;DP4=0,0,10,1;MQ=42;FQ=-999",GT:PL,"1:204,0",N/A
chrmt,33618,.,T,TTC,217.469,.,"INDEL;IDV=58;IMF=0.90625;DP=64;VDB=0.384534;SGB=-0.693147;MQSB=0.00270178;MQ0F=0;AF1=1;AC1=1;DP4=0,5,15,44;MQ=41;FQ=-999;PV4=0.329444,1,1,1",GT:PL,"1:255,124,0",N/A
chrmt,33743,.,T,A,212.007,.,"DP=80;VDB=1.07025e-08;SGB=-0.693147;RPB=0.046875;MQB=0.703125;MQSB=1;BQB=0.046875;MQ0F=0;AF1=1;AC1=1;DP4=2,0,63,1;MQ=41;FQ=-999;PV4=1,1,0.455001,1",GT:PL,"1:242,0",N/A
chrmt,39517,.,G,T,225.007,.,"DP=232;VDB=0.904008;SGB=-0.693147;MQSB=0.999389;MQ0F=0;AF1=1;AC1=1;DP4=0,0,184,15;MQ=42;FQ=-999",GT:PL,"1:255,0",Q0115(+)
chrmt,43084,.,ATTTTTTTT,ATTTTTTTTT,73.4669,.,"INDEL;IDV=125;IMF=0.886525;DP=141;VDB=0.000142348;SGB=-0.693147;MQSB=0.902327;MQ0F=0;AF1=1;AC1=1;DP4=4,23,26,88;MQ=42;FQ=-999;PV4=0.442002,1,1,1",GT:PL,"1:111,128,0",N/A
chrmt,44795,.,ATTTTTTTT,ATTTTTTTTT,12.7055,.,"INDEL;IDV=12;IMF=0.923077;DP=13;VDB=0.179577;SGB=-0.676189;MQSB=0.447727;MQ0F=0;AF1=1;AC1=1;DP4=1,1,9,2;MQ=37;FQ=-999;PV4=0.423077,1,1,1",GT:PL,"1:50,13,0",N/A
chrmt,51863,.,A,G,6.97679,.,"DP=1;SGB=-0.379885;MQ0F=0;AF1=1;AC1=1;DP4=0,0,1,0;MQ=42;FQ=-999",GT:PL,"1:36,0",N/A
chrmt,56443,.,T,G,6.97679,.,"DP=1;SGB=-0.379885;MQ0F=0;AF1=1;AC1=1;DP4=0,0,1,0;MQ=42;FQ=-999",GT:PL,"1:36,0",N/A
chrmt,73140,.,G,C,7.79382,.,"DP=14;VDB=0.591842;SGB=-0.556411;RPB=0.5;MQB=0.375;MQSB=0.28717;BQB=0.5;MQ0F=0;AF1=0.512849;AC1=1;DP4=2,0,1,3;MQ=20;FQ=-999;PV4=0.4,1,1,1",GT:PL,"1:50,13",N/A
chrmt,82507,.,T,A,225.007,.,"DP=39;VDB=0.00547764;SGB=-0.693132;MQSB=0.548616;MQ0F=0;AF1=1;AC1=1;DP4=0,0,30,4;MQ=33;FQ=-999",GT:PL,"1:255,0",N/A
