#CHROM,POS,ID,REF,ALT,QUAL,FILTER,INFO,FORMAT,/home/rothlab/dtabet/MGY360/output/mgyN12/mgyN12_S171_R1_001_sorted.bam,CDS(Orientation)
chrI,3,.,ACAC,ACACAC,4.41606,.,"INDEL;IDV=1;IMF=1;DP=1;SGB=-0.379885;MQ0F=0;AF1=1;AC1=1;DP4=0,0,1,0;MQ=40;FQ=-999",GT:PL,"1:40,3,0",N/A
chrI,19971,.,C,CCT,75.4669,.,"INDEL;IDV=23;IMF=0.92;DP=25;VDB=0.287128;SGB=-0.692831;MQSB=0.962269;MQ0F=0;AF1=1;AC1=1;DP4=0,1,10,14;MQ=16;FQ=-999;PV4=1,1,0.000850811,1",GT:PL,"1:113,61,0",N/A
chrI,25340,.,C,A,165.006,.,"DP=26;VDB=0.585454;SGB=-0.692914;MQSB=0.947483;MQ0F=0;AF1=1;AC1=1;DP4=0,0,14,11;MQ=20;FQ=-999",GT:PL,"1:195,0",YAL063C(-)
chrI,25488,.,G,A,22.0319,.,"DP=60;VDB=0.0270194;SGB=-0.693136;RPB=0.109985;MQB=0.641734;MQSB=0.10597;BQB=0.948237;MQ0F=0.2;AF1=0.500003;AC1=1;DP4=2,17,3,32;MQ=19;FQ=-999;PV4=1,0.217265,0.145104,0.000276778",GT:PL,"1:101,49",YAL063C(-)
chrI,25497,.,G,A,100.006,.,"DP=50;VDB=5.07957e-05;SGB=-0.693146;RPB=0.993551;MQB=0.0488679;MQSB=0.0518481;BQB=0.14102;MQ0F=0.18;AF1=1;AC1=1;DP4=2,1,2,40;MQ=18;FQ=-999;PV4=0.017618,4.66517e-06,1,0.253718",GT:PL,"1:130,0",YAL063C(-)
chrI,25509,.,G,A,79.0053,.,"DP=38;VDB=0.501692;SGB=-0.692831;RPB=0.875;MQB=0.208333;MQSB=0.0730989;BQB=0;MQ0F=0.184211;AF1=1;AC1=1;DP4=2,0,1,23;MQ=18;FQ=-999;PV4=0.00923077,1.97624e-11,1,1",GT:PL,"1:109,0",YAL063C(-)
chrI,25536,.,G,A,74.0053,.,"DP=37;VDB=0.280153;SGB=-0.692717;RPB=0.0117298;MQB=0.0006564;MQSB=0.000184859;BQB=0.762591;MQ0F=0.0540541;AF1=1;AC1=1;DP4=11,0,2,21;MQ=16;FQ=-999;PV4=2.72634e-07,0.438656,1,1",GT:PL,"1:104,0",YAL063C(-)
chrI,25542,.,A,G,58.0051,.,"DP=39;VDB=0.339332;SGB=-0.692717;RPB=0.00391115;MQB=4.69388e-05;MQSB=4.69388e-05;BQB=0.463938;MQ0F=0.0512821;AF1=1;AC1=1;DP4=15,0,0,23;MQ=15;FQ=-999;PV4=6.46359e-11,0.121244,1,1",GT:PL,"1:88,0",YAL063C(-)
chrI,25560,.,G,A,59.0051,.,"DP=49;VDB=0.0314848;SGB=-0.693021;RPB=0.671213;MQB=1.05458e-05;MQSB=1.13832e-06;BQB=0.93529;MQ0F=0.0612245;AF1=1;AC1=1;DP4=20,0,1,26;MQ=13;FQ=-999;PV4=2.15109e-12,1,1,0.468226",GT:PL,"1:89,0",YAL063C(-)
chrI,25584,.,A,G,58.0051,.,"DP=64;VDB=0.371257;SGB=-0.693143;RPB=0.105389;MQB=7.65647e-06;MQSB=3.43994e-08;BQB=0.595289;MQ0F=0.09375;AF1=1;AC1=1;DP4=25,0,5,33;MQ=12;FQ=-999;PV4=5.83126e-13,0.410791,1,1",GT:PL,"1:88,0",YAL063C(-)
chrI,26412,.,G,C,27.0133,.,"DP=49;VDB=0.702026;SGB=-0.693147;MQSB=0.00898718;MQ0F=0;AF1=1;AC1=1;DP4=0,0,15,30;MQ=6;FQ=-999",GT:PL,"1:57,0",YAL063C(-)
chrI,26778,.,C,T,5.45858,.,"DP=48;VDB=0.402344;SGB=-0.693054;RPB=0.796153;MQB=0.598746;MQSB=0.962848;BQB=0.72017;MQ0F=0.208333;AF1=1;AC1=1;DP4=10,8,24,4;MQ=7;FQ=-999;PV4=0.0382834,1,1,1",GT:PL,"1:34,0",YAL063C(-)
chrI,26793,.,A,G,7.79382,.,"DP=76;VDB=0.0201632;SGB=-0.692717;RPB=0.9706;MQB=0.258864;MQSB=0.934021;BQB=0.84468;MQ0F=0.197368;AF1=1;AC1=1;DP4=21,23,21,2;MQ=8;FQ=-999;PV4=0.000444667,1,1,1",GT:PL,"1:37,0",YAL063C(-)
chrI,26835,.,G,A,3.54149,.,"DP=87;VDB=8.77943e-06;SGB=-0.693097;RPB=0.173511;MQB=0.0279112;MQSB=0.464383;BQB=0.47073;MQ0F=0.264368;AF1=1;AC1=1;DP4=17,27,27,3;MQ=7;FQ=-999;PV4=8.72806e-06,0.0557858,1,1",GT:PL,"1:31,0",YAL063C(-)
chrI,26970,.,G,A,40.0053,.,"DP=79;VDB=3.87591e-06;SGB=-0.693144;RPB=0.39055;MQB=0.0887895;MQSB=0.441529;BQB=0.705708;MQ0F=0.329114;AF1=1;AC1=1;DP4=12,22,35,4;MQ=12;FQ=-999;PV4=1.45694e-06,1,1,1",GT:PL,"1:70,0",YAL063C(-)
chrI,26973,.,A,G,41.0052,.,"DP=81;VDB=2.36357e-07;SGB=-0.693147;RPB=0.250069;MQB=0.971382;MQSB=0.368597;BQB=0.998786;MQ0F=0.333333;AF1=1;AC1=1;DP4=5,23,43,4;MQ=12;FQ=-999;PV4=9.73396e-11,0.272884,1,1",GT:PL,"1:71,0",YAL063C(-)
chrI,26974,.,A,G,38.0055,.,"DP=81;VDB=4.55786e-06;SGB=-0.693144;RPB=0.997249;MQB=0.0761444;MQSB=0.385811;BQB=0.982927;MQ0F=0.333333;AF1=1;AC1=1;DP4=12,24,35,4;MQ=12;FQ=-999;PV4=3.61991e-07,1,1,1",GT:PL,"1:68,0",YAL063C(-)
chrI,26981,.,T,C,44.0051,.,"DP=83;VDB=9.18038e-09;SGB=-0.693147;RPB=0.246617;MQB=0.732253;MQSB=0.188314;BQB=0.342076;MQ0F=0.337349;AF1=1;AC1=1;DP4=3,25,49,4;MQ=12;FQ=-999;PV4=1.19106e-13,1,1,1",GT:PL,"1:74,0",YAL063C(-)
chrI,26982,.,G,A,43.0051,.,"DP=84;VDB=9.67093e-09;SGB=-0.693147;RPB=0.382216;MQB=0.801966;MQSB=0.152391;BQB=0.998825;MQ0F=0.333333;AF1=1;AC1=1;DP4=4,25,49,4;MQ=13;FQ=-999;PV4=5.59853e-13,1,1,1",GT:PL,"1:73,0",YAL063C(-)
chrI,26983,.,T,G,44.0051,.,"DP=93;VDB=6.43063e-08;SGB=-0.693147;RPB=0.194698;MQB=0.658382;MQSB=0.152391;BQB=0.998805;MQ0F=0.301075;AF1=1;AC1=1;DP4=3,25,50,4;MQ=13;FQ=-999;PV4=8.31269e-14,1,1,1",GT:PL,"1:74,0",YAL063C(-)
chrI,27027,.,A,T,56.0051,.,"DP=135;VDB=0.00322304;SGB=-0.693147;RPB=0.834544;MQB=0.00703563;MQSB=8.16187e-05;BQB=0.565609;MQ0F=0.244444;AF1=1;AC1=1;DP4=3,26,87,6;MQ=14;FQ=-999;PV4=1.11102e-17,1,1,1",GT:PL,"1:86,0",YAL063C(-)
chrI,27035,.,T,C,56.0051,.,"DP=125;VDB=2.75682e-11;SGB=-0.693147;RPB=0.369513;MQB=0.00587256;MQSB=2.21653e-07;BQB=0.869356;MQ0F=0.24;AF1=1;AC1=1;DP4=3,26,70,11;MQ=14;FQ=-999;PV4=1.746e-13,1,1,1",GT:PL,"1:86,0",YAL063C(-)
chrI,27036,.,G,A,56.0051,.,"DP=125;VDB=2.94207e-11;SGB=-0.693147;RPB=0.35204;MQB=0.00587256;MQSB=2.21653e-07;BQB=0.962056;MQ0F=0.24;AF1=1;AC1=1;DP4=3,26,70,11;MQ=14;FQ=-999;PV4=1.746e-13,0.427285,1,1",GT:PL,"1:86,0",YAL063C(-)
chrI,27044,.,C,T,55.0051,.,"DP=118;VDB=2.99504e-15;SGB=-0.693147;RPB=0.0250991;MQB=0.00698373;MQSB=7.78573e-09;BQB=0.257579;MQ0F=0.254237;AF1=1;AC1=1;DP4=4,28,65,14;MQ=14;FQ=-999;PV4=6.28391e-12,1,1,1",GT:PL,"1:85,0",YAL063C(-)
chrI,27081,.,G,"T,A",6.97679,.,"DP=56;VDB=1;SGB=-0.692717;RPB=0.970024;MQB=0.994426;MQSB=0.000128446;BQB=0.000223552;MQ0F=0.232143;AF1=1;AC1=1;DP4=2,19,12,11;MQ=11;FQ=-999;PV4=0.00337469,9.35138e-06,1,2.11297e-14",GT:PL,"1:36,0,33",YAL063C(-)
chrI,27090,.,T,C,5.45858,.,"DP=54;VDB=3.7214e-10;SGB=-0.692914;RPB=1.03907e-08;MQB=0.397582;MQSB=0.0118971;BQB=0.0794288;MQ0F=0.407407;AF1=1;AC1=1;DP4=2,23,6,19;MQ=7;FQ=-999;PV4=0.246719,0.0107721,1,4.9783e-05",GT:PL,"1:34,0",YAL063C(-)
chrI,27099,.,T,C,62.0051,.,"DP=54;VDB=4.28127e-09;SGB=-0.693132;RPB=2.3703e-08;MQB=0.951508;MQSB=2.52819e-05;BQB=0.0930465;MQ0F=0.444444;AF1=1;AC1=1;DP4=0,19,12,22;MQ=14;FQ=-999;PV4=0.00225951,0.0298575,1,0.310796",GT:PL,"1:92,0",YAL063C(-)
chrI,27105,.,A,G,100.006,.,"DP=59;VDB=9.80707e-09;SGB=-0.693146;RPB=1.90487e-07;MQB=0.995535;MQSB=3.78222e-05;BQB=0.278527;MQ0F=0.423729;AF1=1;AC1=1;DP4=0,14,12,30;MQ=14;FQ=-999;PV4=0.025677,0.0740833,1,1",GT:PL,"1:130,0",YAL063C(-)
chrI,27126,.,T,C,202.007,.,"DP=73;VDB=1.1838e-05;SGB=-0.693147;RPB=1.35659e-05;MQB=0.266093;MQSB=3.60826e-08;BQB=0.0300446;MQ0F=0.356164;AF1=1;AC1=1;DP4=0,9,22,36;MQ=21;FQ=-999;PV4=0.0250221,1,1,1",GT:PL,"1:232,0",YAL063C(-)
chrI,27129,.,C,G,212.007,.,"DP=69;VDB=0.00116023;SGB=-0.693147;RPB=0.0078125;MQB=0.8125;MQSB=7.27669e-08;BQB=0.679688;MQ0F=0.376812;AF1=1;AC1=1;DP4=0,2,22,42;MQ=21;FQ=-999;PV4=0.548718,1,1,1",GT:PL,"1:242,0",YAL063C(-)
chrI,41475,.,G,T,225.007,.,"DP=87;VDB=0.847097;SGB=-0.693147;MQSB=0.989921;MQ0F=0;AF1=1;AC1=1;DP4=0,0,26,50;MQ=42;FQ=-999",GT:PL,"1:255,0",YAL056W(+)
chrI,141030,.,T,A,143.006,.,"DP=27;VDB=0.297498;SGB=-0.692976;MQSB=0.0216374;MQ0F=0;AF1=1;AC1=1;DP4=0,0,23,3;MQ=30;FQ=-999",GT:PL,"1:173,0","YAL005C(-),YAL004W(+)"
chrI,141135,.,A,T,187.007,.,"DP=28;VDB=0.726449;SGB=-0.693054;MQSB=0.0206651;MQ0F=0;AF1=1;AC1=1;DP4=0,0,25,3;MQ=33;FQ=-999",GT:PL,"1:217,0","YAL005C(-),YAL004W(+)"
chrI,183387,.,ACC,AC,216.469,.,"INDEL;IDV=48;IMF=1;DP=48;VDB=0.00109382;SGB=-0.693147;MQSB=0.717071;MQ0F=0;AF1=1;AC1=1;DP4=0,3,28,17;MQ=24;FQ=-999;PV4=0.0659112,1,1,0.413802",GT:PL,"1:254,102,0",N/A
chrI,199811,.,T,G,225.007,.,"DP=29;VDB=0.291267;SGB=-0.692976;MQSB=1;MQ0F=0;AF1=1;AC1=1;DP4=0,0,15,11;MQ=42;FQ=-999",GT:PL,"1:255,0",N/A
chrI,204959,.,C,G,3.01251,.,"DP=25;VDB=0.333712;SGB=-0.692717;MQSB=1;MQ0F=0;AF1=1;AC1=1;DP4=0,0,11,12;MQ=1;FQ=-999",GT:PL,"1:30,0",YAR050W(+)
chrI,205499,.,C,G,14.1739,.,"DP=22;VDB=0.735183;SGB=-0.692352;MQSB=1;MQ0F=0.0909091;AF1=1;AC1=1;DP4=0,0,20,1;MQ=9;FQ=-999",GT:PL,"1:44,0",YAR050W(+)
chrI,205519,.,C,A,10.418,.,"DP=27;VDB=0.104081;SGB=-0.692976;RPB=1;MQB=1;BQB=1;MQ0F=0.0740741;AF1=1;AC1=1;DP4=1,0,26,0;MQ=10;FQ=-999;PV4=1,1,1,1",GT:PL,"1:40,0",YAR050W(+)
chrI,206177,.,G,C,52.005,.,"DP=21;VDB=0.000781616;SGB=-0.692352;MQSB=0.933295;MQ0F=0.047619;AF1=1;AC1=1;DP4=0,0,16,5;MQ=11;FQ=-999",GT:PL,"1:82,0",YAR050W(+)
chrI,206178,.,C,A,47.005,.,"DP=21;VDB=0.000891448;SGB=-0.692352;MQSB=0.933295;MQ0F=0.047619;AF1=1;AC1=1;DP4=0,0,16,5;MQ=11;FQ=-999",GT:PL,"1:77,0",YAR050W(+)
chrI,206179,.,A,C,54.005,.,"DP=23;VDB=0.00081963;SGB=-0.692352;MQSB=0.933295;MQ0F=0.0434783;AF1=1;AC1=1;DP4=0,0,16,5;MQ=11;FQ=-999",GT:PL,"1:84,0",YAR050W(+)
chrI,210818,.,A,T,85.0054,.,"DP=39;VDB=0.00988167;SGB=-0.693139;RPB=1;MQB=1;MQSB=0.000105385;BQB=1;MQ0F=0;AF1=1;AC1=1;DP4=1,0,7,29;MQ=14;FQ=-999;PV4=0.216216,1,1,0.168048",GT:PL,"1:115,0",N/A
chrI,211019,.,T,C,102.006,.,"DP=33;VDB=4.04634e-06;SGB=-0.69311;RPB=0.0967742;MQB=0.0322581;MQSB=0.00269295;BQB=0.806452;MQ0F=0;AF1=1;AC1=1;DP4=2,0,15,16;MQ=13;FQ=-999;PV4=0.484848,0.295207,1,0.071006",GT:PL,"1:132,0",N/A
chrII,6440,.,G,C,131.006,.,"DP=45;VDB=0.0355845;SGB=-0.693146;MQSB=0.00467709;MQ0F=0;AF1=1;AC1=1;DP4=0,0,14,30;MQ=15;FQ=-999",GT:PL,"1:161,0",N/A
chrII,7510,.,G,A,100.006,.,"DP=21;VDB=0.821091;SGB=-0.69168;MQSB=0.249459;MQ0F=0;AF1=1;AC1=1;DP4=0,0,6,13;MQ=16;FQ=-999",GT:PL,"1:130,0",N/A
chrII,7511,.,G,A,100.006,.,"DP=22;VDB=0.814724;SGB=-0.69168;MQSB=0.249459;MQ0F=0;AF1=1;AC1=1;DP4=0,0,6,13;MQ=16;FQ=-999",GT:PL,"1:130,0",N/A
chrII,7912,.,GAAA,GAA,14.6187,.,"INDEL;IDV=25;IMF=0.862069;DP=29;VDB=0.459929;SGB=-0.692976;MQSB=0.086209;MQ0F=0;AF1=1;AC1=1;DP4=2,1,15,11;MQ=13;FQ=-999;PV4=1,1,0.00194131,1",GT:PL,"1:52,21,0",N/A
chrII,15101,.,T,G,225.007,.,"DP=34;VDB=0.991858;SGB=-0.69311;MQSB=0.94467;MQ0F=0;AF1=1;AC1=1;DP4=0,0,14,17;MQ=42;FQ=-999",GT:PL,"1:255,0",YBL105C(-)
chrII,15510,.,G,T,225.007,.,"DP=31;VDB=0.122443;SGB=-0.69311;MQSB=1;MQ0F=0;AF1=1;AC1=1;DP4=0,0,12,19;MQ=42;FQ=-999",GT:PL,"1:255,0",YBL105C(-)
chrII,15518,.,A,G,225.007,.,"DP=39;VDB=0.701764;SGB=-0.693097;MQSB=1;MQ0F=0;AF1=1;AC1=1;DP4=0,0,13,17;MQ=42;FQ=-999",GT:PL,"1:255,0",YBL105C(-)
chrII,16380,.,C,T,225.007,.,"DP=58;VDB=0.37629;SGB=-0.693147;MQSB=0.975797;MQ0F=0;AF1=1;AC1=1;DP4=0,0,27,29;MQ=41;FQ=-999",GT:PL,"1:255,0",YBL105C(-)
chrII,16392,.,A,G,225.007,.,"DP=57;VDB=0.396104;SGB=-0.693147;MQSB=0.95248;MQ0F=0;AF1=1;AC1=1;DP4=0,0,28,24;MQ=41;FQ=-999",GT:PL,"1:255,0",YBL105C(-)
chrII,30012,.,C,T,24.0219,.,"DP=22;VDB=0.00475551;SGB=-0.691153;MQSB=1;MQ0F=0;AF1=1;AC1=1;DP4=0,0,17,1;MQ=12;FQ=-999",GT:PL,"1:54,0","YBL100W-A(+),YBL100W-B(+)"
chrII,30210,.,T,C,8.64278,.,"DP=13;VDB=0.0742138;SGB=-0.683931;MQSB=0.040184;MQ0F=0;AF1=1;AC1=1;DP4=0,0,10,3;MQ=5;FQ=-999",GT:PL,"1:38,0","YBL100W-A(+),YBL100W-B(+)"
chrII,30848,.,C,G,8.64278,.,"DP=38;VDB=0.973897;SGB=-0.692067;RPB=0.414933;MQB=0.000251643;MQSB=0.00940203;BQB=0.997289;MQ0F=0;AF1=1;AC1=1;DP4=10,3,5,15;MQ=7;FQ=-999;PV4=0.0051549,1,1,6.14153e-05",GT:PL,"1:38,0","YBL100W-A(+),YBL100W-B(+)"
chrII,35485,.,C,T,179.007,.,"DP=21;VDB=0.000363963;SGB=-0.692067;MQSB=0.0261774;MQ0F=0;AF1=1;AC1=1;DP4=0,0,17,3;MQ=36;FQ=-999",GT:PL,"1:209,0",N/A
chrII,59755,.,T,C,225.007,.,"DP=30;VDB=0.931034;SGB=-0.693054;MQSB=1;MQ0F=0;AF1=1;AC1=1;DP4=0,0,17,11;MQ=42;FQ=-999",GT:PL,"1:255,0",N/A
chrII,88481,.,TGAGGAGA,TGA,217.469,.,"INDEL;IDV=2;IMF=0.0307692;DP=65;VDB=1.13623e-05;SGB=-0.693147;MQSB=0.999627;MQ0F=0;AF1=1;AC1=1;DP4=1,1,60,3;MQ=38;FQ=-999;PV4=0.120192,1,0.181854,1",GT:PL,"1:255,132,0",N/A
chrII,88484,.,GGAGAAGAGAAGA,GGAGAAGA,206.469,.,"INDEL;IDV=58;IMF=0.892308;DP=65;VDB=1.18917e-05;SGB=-0.693147;MQSB=0.999627;MQ0F=0;AF1=1;AC1=1;DP4=1,2,60,2;MQ=38;FQ=-999;PV4=0.0084707,1,1,1",GT:PL,"1:244,114,0",N/A
chrII,221288,.,AGTGT,AGT,152.468,.,"INDEL;IDV=7;IMF=0.636364;DP=11;VDB=0.0556217;SGB=-0.670168;MQSB=0;MQ0F=0;AF1=1;AC1=1;DP4=1,0,1,9;MQ=38;FQ=-999;PV4=0.181818,1,1,1",GT:PL,"1:190,23,0",N/A
chrII,259764,.,C,T,134.006,.,"DP=11;VDB=0.933405;SGB=-0.670168;MQ0F=0;AF1=1;AC1=1;DP4=0,0,0,10;MQ=42;FQ=-999",GT:PL,"1:164,0",N/A
chrII,265382,.,G,T,153.006,.,"DP=18;VDB=0.00359444;SGB=-0.691153;MQ0F=0;AF1=1;AC1=1;DP4=0,0,18,0;MQ=41;FQ=-999",GT:PL,"1:183,0",N/A
chrII,383176,.,CGG,CGGG,217.469,.,"INDEL;IDV=46;IMF=0.938776;DP=49;VDB=0.116801;SGB=-0.693147;MQSB=0.9998;MQ0F=0;AF1=1;AC1=1;DP4=0,3,25,21;MQ=42;FQ=-999;PV4=0.109857,1,1,1",GT:PL,"1:255,90,0",YBR073W(+)
chrII,389421,.,GCTCTCT,GCTCT,217.469,.,"INDEL;IDV=29;IMF=0.90625;DP=32;VDB=0.307429;SGB=-0.69311;MQSB=0.999264;MQ0F=0.0625;AF1=1;AC1=1;DP4=0,1,13,18;MQ=37;FQ=-999;PV4=1,1,1,1",GT:PL,"1:255,81,0",N/A
chrII,746362,.,CATCTGCAATCTGCAATCT,CATCTGCAATCT,109.467,.,"INDEL;IDV=24;IMF=0.6;DP=40;VDB=0.261488;SGB=-0.69311;MQSB=0.768123;MQ0F=0;AF1=0.5;AC1=1;DP4=8,1,17,14;MQ=39;FQ=-999;PV4=0.116569,1,0.0395378,1",GT:PL,"1:255,0,108",YBR272C(-)
chrII,746372,.,CT,CTTAGTT,65.4668,.,"INDEL;IDV=2;IMF=0.0588235;DP=34;VDB=0.539635;SGB=-0.636426;MQSB=0.637533;MQ0F=0;AF1=0.829413;AC1=1;DP4=14,13,4,3;MQ=38;FQ=-999;PV4=1,1,0.370097,5.22133e-05",GT:PL,"1:104,0,1",YBR272C(-)
chrIII,84421,.,G,A,77.0053,.,"DP=35;VDB=0.00624546;SGB=-0.636426;RPB=0.703776;MQB=0.00131808;MQSB=0.945959;BQB=0.366805;MQ0F=0;AF1=0.555409;AC1=1;DP4=12,7,6,1;MQ=23;FQ=-999;PV4=0.374789,0.0308858,1,0.329533",GT:PL,"1:114,7",N/A
chrIII,84780,.,A,T,81.0054,.,"DP=5;VDB=0.0896691;SGB=-0.556411;MQSB=1;MQ0F=0;AF1=1;AC1=1;DP4=0,0,1,3;MQ=38;FQ=-999",GT:PL,"1:111,0",N/A
chrIII,143131,.,T,C,225.007,.,"DP=38;VDB=0.341447;SGB=-0.69311;MQSB=1;MQ0F=0;AF1=1;AC1=1;DP4=0,0,24,7;MQ=42;FQ=-999",GT:PL,"1:255,0",N/A
chrIII,148615,.,C,T,28.0116,.,"DP=3;VDB=0.0249187;SGB=-0.511536;MQ0F=0;AF1=1;AC1=1;DP4=0,0,0,3;MQ=23;FQ=-999",GT:PL,"1:58,0",YCR018C(-)
chrIII,151554,.,TA,TAA,3.80489,.,"INDEL;IDV=1;IMF=1;DP=1;SGB=-0.379885;MQ0F=0;AF1=1;AC1=1;DP4=0,0,1,0;MQ=42;FQ=-999",GT:PL,"1:39,3,0",N/A
chrIII,151628,.,A,T,81.0054,.,"DP=28;VDB=0.000379636;SGB=-0.680642;RPB=0.999583;MQB=0.000176887;BQB=0.530598;MQ0F=0;AF1=1;AC1=1;DP4=12,0,12,0;MQ=21;FQ=-999;PV4=1,0.0501516,1,1",GT:PL,"1:111,0",YCR018C-A(-)
chrIII,151645,.,G,A,76.0053,.,"DP=30;VDB=0.279539;SGB=-0.670168;RPB=0.924723;MQB=0.000399184;MQSB=0.5;BQB=0.0871893;MQ0F=0;AF1=1;AC1=1;DP4=10,2,10,0;MQ=21;FQ=-999;PV4=0.480519,0.00829576,1,0.464934",GT:PL,"1:106,0",YCR018C-A(-)
chrIII,151646,.,T,C,80.0054,.,"DP=30;VDB=0.279539;SGB=-0.670168;RPB=0.740818;MQB=0.000553084;MQSB=0.473684;BQB=0.0728902;MQ0F=0;AF1=1;AC1=1;DP4=9,2,10,0;MQ=22;FQ=-999;PV4=0.47619,0.00317586,1,0.276721",GT:PL,"1:110,0",YCR018C-A(-)
chrIII,162361,.,T,C,201.007,.,"DP=34;VDB=0.49031;SGB=-0.693132;MQSB=1;MQ0F=0;AF1=1;AC1=1;DP4=0,0,1,33;MQ=42;FQ=-999",GT:PL,"1:231,0",N/A
chrIII,162396,.,G,C,225.007,.,"DP=29;VDB=0.0883498;SGB=-0.693021;MQSB=1;MQ0F=0;AF1=1;AC1=1;DP4=0,0,6,21;MQ=42;FQ=-999",GT:PL,"1:255,0",N/A
chrIII,162640,.,T,G,222.007,.,"DP=25;VDB=1.69083e-06;SGB=-0.692831;MQSB=1;MQ0F=0;AF1=1;AC1=1;DP4=0,0,22,2;MQ=42;FQ=-999",GT:PL,"1:252,0",YCR024C-B(-)
chrIII,162694,.,G,A,225.007,.,"DP=37;VDB=0.0914506;SGB=-0.693097;MQSB=0.361993;MQ0F=0;AF1=1;AC1=1;DP4=0,0,21,9;MQ=40;FQ=-999",GT:PL,"1:255,0",YCR024C-B(-)
chrIII,162712,.,TAAAAAAAAAA,TAAAAAAAAA,6.55188,.,"INDEL;IDV=35;IMF=0.833333;DP=42;VDB=0.160251;SGB=-0.693079;MQSB=0.994845;MQ0F=0;AF1=1;AC1=1;DP4=5,8,19,10;MQ=40;FQ=-999;PV4=0.176647,1,1,1",GT:PL,"1:43,14,0",YCR024C-B(-)
chrIII,163059,.,T,C,225.007,.,"DP=40;VDB=0.844548;SGB=-0.693139;MQSB=0.974531;MQ0F=0;AF1=1;AC1=1;DP4=0,0,14,22;MQ=42;FQ=-999",GT:PL,"1:255,0",YCR024C-A(-)
chrIII,163192,.,ATTT,ATTTT,92.4671,.,"INDEL;IDV=26;IMF=0.962963;DP=27;VDB=0.219565;SGB=-0.692562;MQSB=0.877203;MQ0F=0;AF1=0.500003;AC1=1;DP4=0,5,4,18;MQ=42;FQ=-999;PV4=0.561254,1,1,1",GT:PL,"1:179,0,49",N/A
chrIII,199081,.,G,A,79.0053,.,"DP=57;VDB=0.343724;SGB=-0.693143;RPB=0.99627;MQB=0.174184;MQSB=0.747987;BQB=0.506062;MQ0F=0;AF1=1;AC1=1;DP4=5,8,15,23;MQ=17;FQ=-999;PV4=1,0.194899,1,0.0661222",GT:PL,"1:109,0",YCR038C(-)
chrIV,130,.,CACA,C,30.4702,.,"INDEL;IDV=9;IMF=0.818182;DP=11;VDB=0.0429982;SGB=-0.662043;MQ0F=0;AF1=1;AC1=1;DP4=2,0,9,0;MQ=16;FQ=-999;PV4=1,1,1,1",GT:PL,"1:68,16,0",N/A
chrIV,403511,.,GTTTTTTTTT,"GTTTTTTTTTT,GTTTTTTTTTTT",36.4674,.,"INDEL;IDV=35;IMF=0.897436;DP=39;VDB=0.00168038;SGB=-0.693136;MQSB=1;MQ0F=0;AF1=1;AC1=1;DP4=3,1,23,12;MQ=42;FQ=-999;PV4=1,1,1,1",GT:PL,"1:74,64,0,75,83,69",N/A
chrIV,688062,.,CTTTTTTTTTTTTTT,CTTTTTTTTTTTTTTTT,8.18204,.,"INDEL;IDV=26;IMF=0.666667;DP=39;VDB=0.352609;SGB=-0.693021;MQSB=0.775549;MQ0F=0;AF1=0.82941;AC1=1;DP4=6,6,2,25;MQ=40;FQ=-999;PV4=0.00562714,1,1,0.341296",GT:PL,"1:46,1",N/A
chrIV,736999,.,T,A,225.007,.,"DP=45;VDB=0.124359;SGB=-0.693145;RPB=1;MQB=1;MQSB=1;BQB=1;MQ0F=0;AF1=1;AC1=1;DP4=0,1,14,26;MQ=42;FQ=-999;PV4=1,1,1,1",GT:PL,"1:255,0",YDR141C(-)
chrIV,757631,.,G,"C,T,A",114.006,.,"DP=64;VDB=0.0414114;SGB=-0.693147;RPB=1;MQB=1;MQSB=0.882174;BQB=1;MQ0F=0;AF1=1;AC1=1;DP4=0,1,36,27;MQ=16;FQ=-999;PV4=0.4375,1,1,1",GT:PL,"1:144,131,0,147,28,116,144,116,137,140",YDR150W(+)
chrIV,758310,.,T,C,59.0051,.,"DP=37;VDB=0.3038;SGB=-0.693139;MQSB=0.738042;MQ0F=0;AF1=1;AC1=1;DP4=0,0,7,29;MQ=10;FQ=-999",GT:PL,"1:89,0",YDR150W(+)
chrIV,769328,.,G,A,225.007,.,"DP=28;VDB=0.0202842;SGB=-0.692976;MQSB=1;MQ0F=0;AF1=1;AC1=1;DP4=0,0,11,15;MQ=42;FQ=-999",GT:PL,"1:255,0",N/A
chrIV,783598,.,G,A,225.007,.,"DP=60;VDB=0.929994;SGB=-0.693147;MQSB=1;MQ0F=0;AF1=1;AC1=1;DP4=0,0,36,18;MQ=42;FQ=-999",GT:PL,"1:255,0",YDR164C(-)
chrIV,817531,.,TAAAAAAAAAA,"TAAAAAAAAAAA,TAAAAAAAAAAAA",23.4858,.,"INDEL;IDV=34;IMF=0.85;DP=40;VDB=0.0275987;SGB=-0.693139;MQSB=1;MQ0F=0;AF1=1;AC1=1;DP4=1,3,4,32;MQ=42;FQ=-999;PV4=0.427071,1,1,1",GT:PL,"1:61,59,0,43,37,40",N/A
chrIV,864219,.,A,G,225.007,.,"DP=36;VDB=0.570468;SGB=-0.693132;MQSB=1;MQ0F=0;AF1=1;AC1=1;DP4=0,0,19,15;MQ=42;FQ=-999",GT:PL,"1:255,0",YDR206W(+)
chrIV,880697,.,A,G,11.3361,.,"DP=68;VDB=0.00985865;SGB=-0.693127;RPB=0.241428;MQB=4.15734e-08;MQSB=2.91911e-06;BQB=0.960989;MQ0F=0;AF1=1;AC1=1;DP4=6,25,26,7;MQ=9;FQ=-999;PV4=3.64643e-06,0.461943,1,1",GT:PL,"1:41,0",YDR210C-D(-)
chrIV,987244,.,G,A,225.007,.,"DP=48;VDB=0.317815;SGB=-0.692914;RPB=0.865048;MQB=9.9295e-06;MQSB=0.594121;BQB=0.00568827;MQ0F=0;AF1=1;AC1=1;DP4=13,0,17,8;MQ=33;FQ=-999;PV4=0.0335469,3.04434e-06,1,0.238044",GT:PL,"1:255,0",N/A
chrIV,1150910,.,AGG,AGGG,217.469,.,"INDEL;IDV=22;IMF=1;DP=22;VDB=0.353191;SGB=-0.692562;MQSB=1;MQ0F=0;AF1=1;AC1=1;DP4=0,0,12,10;MQ=42;FQ=-999",GT:PL,"1:255,66,0",YDR340W(+)
chrIV,1185130,.,C,A,225.007,.,"DP=62;VDB=0.604964;SGB=-0.693147;MQSB=0.676305;MQ0F=0;AF1=1;AC1=1;DP4=0,0,27,22;MQ=41;FQ=-999",GT:PL,"1:255,0",YDR354W(+)
chrIV,1253397,.,T,C,225.007,.,"DP=54;VDB=0.210954;SGB=-0.693147;MQSB=1;MQ0F=0;AF1=1;AC1=1;DP4=0,0,35,13;MQ=42;FQ=-999",GT:PL,"1:255,0",YDR389W(+)
chrIV,1305680,.,TGG,TG,217.469,.,"INDEL;IDV=20;IMF=0.952381;DP=21;VDB=0.22046;SGB=-0.692067;MQSB=0.983744;MQ0F=0;AF1=1;AC1=1;DP4=1,0,12,8;MQ=40;FQ=-999;PV4=1,1,0.377327,1",GT:PL,"1:255,27,0",N/A
chrIV,1402305,.,C,T,225.007,.,"DP=51;VDB=0.534631;SGB=-0.693147;MQSB=0.435207;MQ0F=0;AF1=1;AC1=1;DP4=0,0,28,22;MQ=40;FQ=-999",GT:PL,"1:255,0",YDR471W(+)
chrIV,1433710,.,A,T,225.007,.,"DP=38;VDB=0.440943;SGB=-0.693054;MQSB=1;MQ0F=0;AF1=1;AC1=1;DP4=0,0,16,12;MQ=42;FQ=-999",GT:PL,"1:255,0",YDR490C(-)
chrIV,1524974,.,A,G,196.007,.,"DP=62;VDB=0.99775;SGB=-0.693147;MQSB=0.98816;MQ0F=0.016129;AF1=1;AC1=1;DP4=0,0,20,31;MQ=22;FQ=-999",GT:PL,"1:226,0",N/A
chrIV,1525313,.,T,G,121.006,.,"DP=26;VDB=0.00407243;SGB=-0.692562;MQSB=0.945479;MQ0F=0.0384615;AF1=1;AC1=1;DP4=0,0,3,19;MQ=19;FQ=-999",GT:PL,"1:151,0",YDR544C(-)
chrIV,1525335,.,C,G,71.0052,.,"DP=20;VDB=1.66571e-05;SGB=-0.69168;MQSB=1;MQ0F=0.05;AF1=1;AC1=1;DP4=0,0,1,18;MQ=16;FQ=-999",GT:PL,"1:101,0",YDR544C(-)
chrIV,1525340,.,C,A,55.0051,.,"DP=16;VDB=4.19072e-07;SGB=-0.689466;MQ0F=0.0625;AF1=1;AC1=1;DP4=0,0,0,16;MQ=16;FQ=-999",GT:PL,"1:85,0",YDR544C(-)
chrIV,1525345,.,C,G,49.005,.,"DP=16;VDB=1.01394e-06;SGB=-0.688148;MQ0F=0.0625;AF1=1;AC1=1;DP4=0,0,0,15;MQ=15;FQ=-999",GT:PL,"1:79,0",YDR544C(-)
chrIV,1525351,.,C,G,41.0052,.,"DP=15;VDB=8.92641e-05;SGB=-0.670168;MQ0F=0.0666667;AF1=1;AC1=1;DP4=0,0,0,10;MQ=16;FQ=-999",GT:PL,"1:71,0",YDR544C(-)
chrIV,1525357,.,C,G,14.1739,.,"DP=9;VDB=0.0481133;SGB=-0.511536;MQ0F=0.111111;AF1=1;AC1=1;DP4=0,0,0,3;MQ=19;FQ=-999",GT:PL,"1:44,0",YDR544C(-)
chrV,31696,.,ATG,A,4.41606,.,"INDEL;IDV=1;IMF=1;DP=1;SGB=-0.379885;MQ0F=0;AF1=1;AC1=1;DP4=0,0,0,1;MQ=40;FQ=-999",GT:PL,"1:40,3,0",YEL063C(-)
chrV,48384,.,T,C,225.007,.,"DP=64;VDB=0.869179;SGB=-0.693147;MQSB=1;MQ0F=0;AF1=1;AC1=1;DP4=0,0,41,16;MQ=42;FQ=-999",GT:PL,"1:255,0",N/A
chrV,115989,.,C,T,25.0184,.,"DP=2;VDB=0.64;SGB=-0.453602;MQ0F=0;AF1=1;AC1=1;DP4=0,0,2,0;MQ=33;FQ=-999",GT:PL,"1:55,0",N/A
chrV,115997,.,T,C,17.0903,.,"DP=2;VDB=0.64;SGB=-0.453602;MQ0F=0;AF1=1;AC1=1;DP4=0,0,2,0;MQ=33;FQ=-999",GT:PL,"1:47,0",N/A
chrV,116028,.,G,A,77.0053,.,"DP=4;VDB=0.751039;SGB=-0.556411;MQ0F=0;AF1=1;AC1=1;DP4=0,0,4,0;MQ=42;FQ=-999",GT:PL,"1:107,0",N/A
chrV,116086,.,G,A,178.007,.,"DP=35;VDB=0.0437075;SGB=-0.69311;MQ0F=0;AF1=1;AC1=1;DP4=0,0,31,0;MQ=42;FQ=-999",GT:PL,"1:208,0",N/A
chrV,116577,.,G,A,225.007,.,"DP=37;VDB=0.024332;SGB=-0.693132;MQSB=0.933111;MQ0F=0;AF1=1;AC1=1;DP4=0,0,21,13;MQ=42;FQ=-999",GT:PL,"1:255,0",YEL021W(+)
chrV,116644,.,G,T,225.007,.,"DP=44;VDB=0.489121;SGB=-0.693146;MQSB=0.906369;MQ0F=0;AF1=1;AC1=1;DP4=0,0,11,31;MQ=42;FQ=-999",GT:PL,"1:255,0",YEL021W(+)
chrV,116799,.,C,T,225.007,.,"DP=24;VDB=0.116437;SGB=-0.692562;MQSB=1;MQ0F=0;AF1=1;AC1=1;DP4=0,0,5,17;MQ=42;FQ=-999",GT:PL,"1:255,0",YEL021W(+)
chrV,116838,.,C,G,225.007,.,"DP=20;VDB=0.749777;SGB=-0.69168;MQSB=0.75484;MQ0F=0;AF1=1;AC1=1;DP4=0,0,4,15;MQ=41;FQ=-999",GT:PL,"1:255,0",YEL021W(+)
chrV,154531,.,T,A,225.007,.,"DP=55;VDB=0.00816007;SGB=-0.693147;MQSB=1;MQ0F=0;AF1=1;AC1=1;DP4=0,0,19,28;MQ=42;FQ=-999",GT:PL,"1:255,0",YER001W(+)
chrV,272558,.,GTTTTTTTTTTTT,"GTTTTTTTTTTT,GTTTTTTTTTT",11.7654,.,"INDEL;IDV=37;IMF=0.973684;DP=38;VDB=0.0010907;SGB=-0.693136;MQSB=0.892117;MQ0F=0;AF1=1;AC1=1;DP4=2,1,21,14;MQ=42;FQ=-999;PV4=1,1,1,0.203638",GT:PL,"1:49,70,0,47,70,42",N/A
chrV,352394,.,A,G,225.007,.,"DP=37;VDB=0.406803;SGB=-0.69312;MQSB=1;MQ0F=0;AF1=1;AC1=1;DP4=0,0,15,17;MQ=42;FQ=-999",GT:PL,"1:255,0",YER096W(+)
chrV,517529,.,T,C,225.007,.,"DP=69;VDB=3.54612e-06;SGB=-0.693147;RPB=1;MQB=1;MQSB=0.994867;BQB=1;MQ0F=0;AF1=1;AC1=1;DP4=1,0,52,12;MQ=42;FQ=-999;PV4=1,1,0.450841,0.239567",GT:PL,"1:255,0",N/A
chrVI,1732,.,T,C,35.0062,.,"DP=76;VDB=0.144314;SGB=-0.693079;RPB=0.88606;MQB=1.39359e-08;MQSB=2.06215e-05;BQB=0.998572;MQ0F=0;AF1=0.5;AC1=1;DP4=27,20,0,29;MQ=28;FQ=-999;PV4=4.30091e-08,0.446372,1,1",GT:PL,"1:136,71",YFL066C(-)
chrVI,97864,.,CTTTTTTTTTT,"CTTTTTTTTTTTT,CTTTTTTTTTTT",107.467,.,"INDEL;IDV=35;IMF=0.897436;DP=39;VDB=0.123297;SGB=-0.693139;MQSB=0.988493;MQ0F=0;AF1=1;AC1=1;DP4=1,2,26,10;MQ=41;FQ=-999;PV4=0.219061,1,1,1",GT:PL,"1:145,0,148",N/A
chrVII,9,.,ACAC,"ACACCAC,ACCAC",24.4818,.,"INDEL;IDV=7;IMF=0.777778;DP=9;VDB=6.45173e-05;SGB=-0.616816;MQ0F=0;AF1=0.501582;AC1=1;DP4=3,0,6,0;MQ=38;FQ=-999;PV4=1,1,1,0.231275",GT:PL,"1:115,53,84",N/A
chrVII,214,.,ACC,ACCC,138.468,.,"INDEL;IDV=48;IMF=0.872727;DP=55;VDB=0.633964;SGB=-0.693147;MQSB=0.000258554;MQ0F=0;AF1=1;AC1=1;DP4=2,2,29,22;MQ=23;FQ=-999;PV4=1,1,0.00286505,1",GT:PL,"1:176,47,0",N/A
chrVII,8151,.,GA,GAA,9.93137,.,"INDEL;IDV=18;IMF=0.818182;DP=22;VDB=0.0373707;SGB=-0.692352;MQSB=0.355835;MQ0F=0;AF1=1;AC1=1;DP4=0,1,6,15;MQ=7;FQ=-999;PV4=1,1,1,1",GT:PL,"1:47,53,0",N/A
chrVII,386978,.,C,G,207.007,.,"DP=36;VDB=0.209278;SGB=-0.693097;MQSB=0.0665583;MQ0F=0;AF1=1;AC1=1;DP4=0,0,16,14;MQ=24;FQ=-999",GT:PL,"1:237,0",YGL062W(+)
chrVII,386979,.,G,C,208.007,.,"DP=36;VDB=0.279014;SGB=-0.69311;MQSB=0.13637;MQ0F=0;AF1=1;AC1=1;DP4=0,0,16,15;MQ=25;FQ=-999",GT:PL,"1:238,0",YGL062W(+)
chrVII,401674,.,C,A,225.007,.,"DP=21;VDB=0.0831004;SGB=-0.692067;MQSB=0.198087;MQ0F=0;AF1=1;AC1=1;DP4=0,0,3,17;MQ=40;FQ=-999",GT:PL,"1:255,0",N/A
chrVII,401698,.,T,A,157.006,.,"DP=13;VDB=0.983466;SGB=-0.683931;MQSB=0.5;MQ0F=0;AF1=1;AC1=1;DP4=0,0,2,11;MQ=41;FQ=-999",GT:PL,"1:187,0",N/A
chrVII,404474,.,AG,AGG,9.04412,.,"INDEL;IDV=12;IMF=0.8;DP=15;VDB=0.255647;SGB=-0.686358;MQSB=0.697617;MQ0F=0;AF1=1;AC1=1;DP4=0,1,11,3;MQ=14;FQ=-999;PV4=0.266667,1,0.434997,1",GT:PL,"1:46,33,0",N/A
chrVII,404935,.,C,G,107.006,.,"DP=12;VDB=0.00360424;SGB=-0.676189;MQSB=1;MQ0F=0;AF1=1;AC1=1;DP4=0,0,10,1;MQ=30;FQ=-999",GT:PL,"1:137,0",N/A
chrVII,404936,.,G,C,105.006,.,"DP=11;VDB=0.00387234;SGB=-0.676189;MQSB=1;MQ0F=0;AF1=1;AC1=1;DP4=0,0,10,1;MQ=30;FQ=-999",GT:PL,"1:135,0",N/A
chrVII,405085,.,CGG,CG,154.468,.,"INDEL;IDV=22;IMF=0.916667;DP=24;VDB=0.00314507;SGB=-0.692717;MQSB=0.014717;MQ0F=0;AF1=1;AC1=1;DP4=0,1,20,3;MQ=37;FQ=-999;PV4=0.166667,1,1,0.226425",GT:PL,"1:192,58,0",N/A
chrVII,1006277,.,G,C,225.007,.,"DP=34;VDB=0.0104516;SGB=-0.693054;MQSB=0.722575;MQ0F=0;AF1=1;AC1=1;DP4=0,0,13,15;MQ=40;FQ=-999",GT:PL,"1:255,0",YGR257C(-)
chrVII,1006278,.,C,G,225.007,.,"DP=34;VDB=0.0101672;SGB=-0.693054;MQSB=0.722575;MQ0F=0;AF1=1;AC1=1;DP4=0,0,13,15;MQ=40;FQ=-999",GT:PL,"1:255,0",YGR257C(-)
chrVII,1006279,.,G,C,225.007,.,"DP=34;VDB=0.00975335;SGB=-0.693054;MQSB=0.722575;MQ0F=0;AF1=1;AC1=1;DP4=0,0,13,15;MQ=40;FQ=-999",GT:PL,"1:255,0",YGR257C(-)
chrVIII,1569,.,G,A,148.006,.,"DP=86;VDB=0.213342;SGB=-0.693147;RPB=1;MQB=1;MQSB=1;BQB=1;MQ0F=0.0348837;AF1=1;AC1=1;DP4=0,1,76,0;MQ=29;FQ=-999;PV4=0.012987,1,1,1",GT:PL,"1:178,0",YHL050C(-)
chrVIII,1672,.,A,G,13.2167,.,"DP=247;VDB=1;SGB=-0.693147;RPB=0.954365;MQB=8.22736e-06;MQSB=2.64149e-08;BQB=0.0241272;MQ0F=0.0323887;AF1=0.500001;AC1=1;DP4=52,24,155,4;MQ=25;FQ=-999;PV4=6.76269e-10,0.00048885,1,1",GT:PL,"1:97,54",YHL050C(-)
chrVIII,1846,.,A,G,7.79382,.,"DP=18;VDB=0.0691992;SGB=-0.691153;MQSB=1;MQ0F=0;AF1=1;AC1=1;DP4=0,0,1,17;MQ=8;FQ=-999",GT:PL,"1:37,0",YHL050C(-)
chrVIII,1918,.,GGTACTGGCGTTAGTACTGGC,GGTACTGGC,80.467,.,"INDEL;IDV=55;IMF=0.289474;DP=190;VDB=0.936311;SGB=-0.693147;MQSB=0.0116067;MQ0F=0.0473684;AF1=1;AC1=1;DP4=11,56,0,123;MQ=17;FQ=-999;PV4=5.91411e-06,1,1,1",GT:PL,"1:118,10,0",N/A
chrVIII,1927,.,G,A,89.0055,.,"DP=130;VDB=0.999365;SGB=-0.693147;RPB=0.0705026;MQB=0.0125793;MQSB=0.144898;BQB=0.948778;MQ0F=0.0692308;AF1=1;AC1=1;DP4=0,7,7,88;MQ=18;FQ=-999;PV4=1,0.276857,0.000639622,0.0470712",GT:PL,"1:119,0",N/A
chrVIII,1930,.,A,G,21.0389,.,"DP=128;VDB=5.8091e-12;SGB=-0.693147;RPB=2.44389e-17;MQB=7.32584e-06;MQSB=0.142298;BQB=0.710303;MQ0F=0.0703125;AF1=0.5;AC1=1;DP4=2,60,4,54;MQ=19;FQ=-999;PV4=0.428076,0.217956,1,1",GT:PL,"1:127,76",N/A
chrVIII,1997,.,T,C,174.007,.,"DP=211;VDB=0.0247097;SGB=-0.693147;RPB=0.775564;MQB=0.000381905;MQSB=0.126303;BQB=0.745197;MQ0F=0;AF1=1;AC1=1;DP4=3,12,0,191;MQ=32;FQ=-999;PV4=0.000316892,0.0527407,1,0.214289",GT:PL,"1:204,0",N/A
chrVIII,2068,.,A,T,96.0056,.,"DP=207;VDB=1.00899e-05;SGB=-0.693147;RPB=0.90956;MQB=0.118132;MQSB=0.0279926;BQB=0.154471;MQ0F=0.0772947;AF1=1;AC1=1;DP4=4,21,0,176;MQ=24;FQ=-999;PV4=0.000191671,8.38473e-06,1,0.359114",GT:PL,"1:126,0",N/A
chrVIII,4844,.,C,T,29.0102,.,"DP=3;VDB=0.0349627;SGB=-0.511536;MQ0F=0;AF1=1;AC1=1;DP4=0,0,3,0;MQ=24;FQ=-999",GT:PL,"1:59,0",N/A
chrVIII,5225,.,A,G,23.0263,.,"DP=4;VDB=0.121629;SGB=-0.511536;RPB=1;MQB=1;MQSB=1;BQB=1;MQ0F=0;AF1=1;AC1=1;DP4=1,0,0,3;MQ=21;FQ=-999;PV4=0.25,1,1,0.333333",GT:PL,"1:53,0",N/A
chrVIII,5232,.,C,T,23.0263,.,"DP=4;VDB=0.121629;SGB=-0.511536;RPB=1;MQB=1;MQSB=1;BQB=1;MQ0F=0;AF1=1;AC1=1;DP4=1,0,0,3;MQ=21;FQ=-999;PV4=0.25,0.333333,1,0.333333",GT:PL,"1:53,0",N/A
chrVIII,5556,.,C,T,3.01251,.,"DP=18;VDB=0.251186;SGB=-0.670168;RPB=1;MQB=1;MQSB=0.564628;BQB=1;MQ0F=0;AF1=1;AC1=1;DP4=1,0,5,5;MQ=6;FQ=-999;PV4=1,1,1,1",GT:PL,"1:30,0",N/A
chrVIII,5635,.,T,C,110.006,.,"DP=14;VDB=0.067912;SGB=-0.662043;RPB=0.933909;MQB=0.0443614;MQSB=1;BQB=0.151887;MQ0F=0;AF1=1;AC1=1;DP4=2,1,9,0;MQ=32;FQ=-999;PV4=0.25,0.00131556,1,0.252305",GT:PL,"1:140,0",N/A
chrVIII,5700,.,A,G,28.0116,.,"DP=3;VDB=0.0279572;SGB=-0.511536;MQ0F=0;AF1=1;AC1=1;DP4=0,0,3,0;MQ=23;FQ=-999",GT:PL,"1:58,0",YHL048C-A(-)
chrVIII,5706,.,C,G,28.0116,.,"DP=3;VDB=0.0312982;SGB=-0.511536;MQ0F=0;AF1=1;AC1=1;DP4=0,0,3,0;MQ=23;FQ=-999",GT:PL,"1:58,0",YHL048C-A(-)
chrVIII,5709,.,C,G,28.0116,.,"DP=3;VDB=0.0312982;SGB=-0.511536;MQ0F=0;AF1=1;AC1=1;DP4=0,0,3,0;MQ=23;FQ=-999",GT:PL,"1:58,0",YHL048C-A(-)
chrVIII,5759,.,G,A,31.0082,.,"DP=7;VDB=0.00118637;SGB=-0.636426;MQ0F=0;AF1=1;AC1=1;DP4=0,0,7,0;MQ=16;FQ=-999",GT:PL,"1:61,0",YHL048C-A(-)
chrVIII,5775,.,G,C,22.0319,.,"DP=7;VDB=0.0483573;SGB=-0.556411;RPB=0.810265;MQB=0.202566;BQB=1.01283;MQ0F=0;AF1=1;AC1=1;DP4=3,0,4,0;MQ=16;FQ=-999;PV4=1,1,1,0.218294",GT:PL,"1:52,0",YHL048C-A(-)
chrVIII,5777,.,G,A,37.0057,.,"DP=8;VDB=0.0357887;SGB=-0.651104;MQ0F=0;AF1=1;AC1=1;DP4=0,0,8,0;MQ=17;FQ=-999",GT:PL,"1:67,0",YHL048C-A(-)
chrVIII,5788,.,T,G,62.0051,.,"DP=11;VDB=0.66123;SGB=-0.676189;MQ0F=0;AF1=1;AC1=1;DP4=0,0,11,0;MQ=19;FQ=-999",GT:PL,"1:92,0",YHL048C-A(-)
chrVIII,5806,.,C,T,66.0052,.,"DP=12;VDB=0.798273;SGB=-0.662043;MQ0F=0;AF1=1;AC1=1;DP4=0,0,9,0;MQ=21;FQ=-999",GT:PL,"1:96,0",N/A
chrVIII,5830,.,C,T,42.0052,.,"DP=5;VDB=0.0161322;SGB=-0.590765;MQ0F=0;AF1=1;AC1=1;DP4=0,0,5,0;MQ=21;FQ=-999",GT:PL,"1:72,0",N/A
chrVIII,5837,.,A,C,42.0052,.,"DP=5;VDB=0.0165938;SGB=-0.590765;MQ0F=0;AF1=1;AC1=1;DP4=0,0,5,0;MQ=21;FQ=-999",GT:PL,"1:72,0",N/A
chrVIII,5838,.,A,G,42.0052,.,"DP=5;VDB=0.0175511;SGB=-0.590765;MQ0F=0;AF1=1;AC1=1;DP4=0,0,5,0;MQ=21;FQ=-999",GT:PL,"1:72,0",N/A
chrVIII,6105,.,A,C,22.0319,.,"DP=4;VDB=0.0249187;SGB=-0.511536;RPB=1;MQB=1;MQSB=1;BQB=1;MQ0F=0;AF1=1;AC1=1;DP4=1,0,0,3;MQ=20;FQ=-999;PV4=0.25,1,1,1",GT:PL,"1:52,0",N/A
chrVIII,6125,.,C,T,28.0116,.,"DP=3;VDB=0.0249187;SGB=-0.511536;MQ0F=0;AF1=1;AC1=1;DP4=0,0,0,3;MQ=23;FQ=-999",GT:PL,"1:58,0",N/A
chrVIII,6252,.,T,G,29.0102,.,"DP=9;VDB=0.0170667;SGB=-0.590765;RPB=0.900802;MQB=0.150134;MQSB=1;BQB=0.900802;MQ0F=0;AF1=1;AC1=1;DP4=1,2,0,5;MQ=17;FQ=-999;PV4=0.375,0.142626,1,1",GT:PL,"1:59,0",N/A
chrVIII,85508,.,TTATATATAT,TTATATAT,32.4688,.,"INDEL;IDV=16;IMF=0.432432;DP=37;VDB=0.993094;SGB=-0.692067;MQSB=0.642344;MQ0F=0;AF1=0.5;AC1=1;DP4=2,15,10,10;MQ=40;FQ=-999;PV4=0.0173048,1,1,1",GT:PL,"1:255,0,185",N/A
chrVIII,216123,.,C,T,63.0051,.,"DP=146;VDB=0.993692;SGB=-0.693079;RPB=0.567544;MQB=4.41717e-10;MQSB=7.75972e-07;BQB=0.998402;MQ0F=0;AF1=1;AC1=1;DP4=16,95,24,5;MQ=17;FQ=-999;PV4=5.66619e-12,1,1,0.38577",GT:PL,"1:93,0",YHR056C(-)
chrVIII,414983,.,C,A,225.007,.,"DP=60;VDB=0.999985;SGB=-0.693147;MQSB=1;MQ0F=0;AF1=1;AC1=1;DP4=0,0,30,26;MQ=42;FQ=-999",GT:PL,"1:255,0",YHR158C(-)
chrVIII,417054,.,G,A,225.007,.,"DP=34;VDB=0.0103778;SGB=-0.693127;MQSB=1;MQ0F=0;AF1=1;AC1=1;DP4=0,0,16,17;MQ=42;FQ=-999",GT:PL,"1:255,0",YHR158C(-)
chrVIII,499958,.,C,T,225.007,.,"DP=82;VDB=0.00255198;SGB=-0.693147;MQSB=1;MQ0F=0;AF1=1;AC1=1;DP4=0,0,58,11;MQ=42;FQ=-999",GT:PL,"1:255,0",YHR201C(-)
chrVIII,511255,.,C,T,225.007,.,"DP=55;VDB=0.377583;SGB=-0.693147;MQSB=1;MQ0F=0;AF1=1;AC1=1;DP4=0,0,8,42;MQ=42;FQ=-999",GT:PL,"1:255,0",YHR205W(+)
chrVIII,524447,.,C,G,225.007,.,"DP=32;VDB=0.91391;SGB=-0.693021;MQSB=0.94394;MQ0F=0;AF1=1;AC1=1;DP4=0,0,14,13;MQ=42;FQ=-999",GT:PL,"1:255,0",N/A
chrIX,23185,.,CG,CGG,32.4688,.,"INDEL;IDV=15;IMF=1;DP=15;VDB=0.0109266;SGB=-0.688148;MQSB=0.351229;MQ0F=0;AF1=1;AC1=1;DP4=0,0,8,7;MQ=12;FQ=-999",GT:PL,"1:70,45,0",YIL169C(-)
chrIX,23214,.,T,G,31.0082,.,"DP=16;VDB=0.00394945;SGB=-0.683931;MQSB=0.470358;MQ0F=0;AF1=1;AC1=1;DP4=0,0,6,7;MQ=13;FQ=-999",GT:PL,"1:61,0",YIL169C(-)
chrIX,23282,.,TCC,TC,60.4667,.,"INDEL;IDV=28;IMF=0.823529;DP=34;VDB=0.193791;SGB=-0.692352;MQ0F=0;AF1=0.520679;AC1=1;DP4=13,0,21,0;MQ=26;FQ=-999;PV4=1,1,1,0.00348251",GT:PL,"1:109,0,11",YIL169C(-)
chrIX,105433,.,AAATAATAAT,AAATAATAATAAT,217.469,.,"INDEL;IDV=14;IMF=0.636364;DP=22;VDB=0.795782;SGB=-0.691153;MQSB=0.550519;MQ0F=0;AF1=1;AC1=1;DP4=2,2,13,5;MQ=42;FQ=-999;PV4=0.564593,1,1,1",GT:PL,"1:255,17,0",YIL130W(+)
chrIX,318694,.,T,A,225.007,.,"DP=45;VDB=0.00235858;SGB=-0.693145;MQSB=1;MQ0F=0;AF1=1;AC1=1;DP4=0,0,27,13;MQ=42;FQ=-999",GT:PL,"1:255,0",YIL017C(-)
chrIX,439882,.,TGTGTG,TGTGTGGGTGTG,74.4669,.,"INDEL;IDV=1;IMF=0.1;DP=10;VDB=3.25288e-06;SGB=-0.636426;MQ0F=0.1;AF1=0.500315;AC1=1;DP4=0,3,0,7;MQ=36;FQ=-999;PV4=1,1,1,1",GT:PL,"1:141,0,29",N/A
chrX,60684,.,T,G,3.01251,.,"DP=14;VDB=0.052865;SGB=-0.636426;RPB=1;MQB=1;MQSB=1;BQB=1;MQ0F=0;AF1=0.516272;AC1=1;DP4=0,1,7,0;MQ=40;FQ=-999;PV4=0.125,0.0184814,0.367882,0.0812236",GT:PL,"1:42,12",N/A
chrX,97478,.,G,A,225.007,.,"DP=40;VDB=0.0053881;SGB=-0.693139;MQSB=1;MQ0F=0;AF1=1;AC1=1;DP4=0,0,8,28;MQ=42;FQ=-999",GT:PL,"1:255,0",N/A
chrX,100335,.,C,T,225.007,.,"DP=60;VDB=0.00205455;SGB=-0.693147;MQSB=1;MQ0F=0;AF1=1;AC1=1;DP4=0,0,34,22;MQ=42;FQ=-999",GT:PL,"1:255,0",YJL171C(-)
chrX,199170,.,A,C,19.0589,.,"DP=26;VDB=0.376492;SGB=-0.692976;MQSB=0.875;MQ0F=0;AF1=1;AC1=1;DP4=0,0,2,24;MQ=8;FQ=-999",GT:PL,"1:49,0",YJL113W(+)
chrX,200219,.,A,G,9.51895,.,"DP=20;VDB=0.79373;SGB=-0.686358;MQSB=0.823708;MQ0F=0;AF1=1;AC1=1;DP4=0,0,3,11;MQ=6;FQ=-999",GT:PL,"1:39,0",YJL113W(+)
chrX,278977,.,CAGAGAG,CAGAG,217.469,.,"INDEL;IDV=28;IMF=0.875;DP=32;VDB=0.00494198;SGB=-0.693054;MQSB=0.817507;MQ0F=0;AF1=1;AC1=1;DP4=0,4,21,7;MQ=41;FQ=-999;PV4=0.00917686,1,1,1",GT:PL,"1:255,50,0",YJL083W(+)
chrXI,457,.,CG,CAG,217.469,.,"INDEL;IDV=81;IMF=0.9;DP=90;VDB=0.685486;SGB=-0.693147;MQSB=0.464141;MQ0F=0;AF1=1;AC1=1;DP4=3,3,41,43;MQ=24;FQ=-999;PV4=1,1,1,1",GT:PL,"1:255,148,0",YKL225W(+)
chrXI,451568,.,GGAACACGAACACGAACA,GGAACACGAACA,212.469,.,"INDEL;IDV=26;IMF=0.684211;DP=38;VDB=0.126414;SGB=-0.693132;MQSB=0.37302;MQ0F=0;AF1=0.593902;AC1=1;DP4=2,2,14,20;MQ=38;FQ=-999;PV4=1,1,0.137288,1",GT:PL,"1:255,0,5",YKR007W(+)
chrXI,666554,.,AGG,AG,216.469,.,"INDEL;IDV=1;IMF=0.012987;DP=77;VDB=0.0216358;SGB=-0.693147;MQSB=0.411572;MQ0F=0;AF1=1;AC1=1;DP4=4,10,17,46;MQ=40;FQ=-999;PV4=1,1,0.423435,1",GT:PL,"1:254,17,0",N/A
chrXI,666556,.,GT,G,217.469,.,"INDEL;IDV=67;IMF=0.87013;DP=77;VDB=0.0174954;SGB=-0.693147;MQSB=0.411572;MQ0F=0;AF1=1;AC1=1;DP4=4,10,17,46;MQ=40;FQ=-999;PV4=1,1,0.423435,1",GT:PL,"1:255,41,0",N/A
chrXI,666557,.,TG,T,217.469,.,"INDEL;IDV=3;IMF=0.038961;DP=77;VDB=0.0187219;SGB=-0.693147;MQSB=0.411572;MQ0F=0;AF1=1;AC1=1;DP4=4,9,17,47;MQ=40;FQ=-999;PV4=0.742268,1,0.467931,1",GT:PL,"1:255,89,0",N/A
chrXII,590,.,ATG,ATGTACAGTG,45.4667,.,"INDEL;IDV=10;IMF=0.238095;DP=42;VDB=0.866445;SGB=-0.692914;MQ0F=0;AF1=0.5;AC1=1;DP4=17,0,25,0;MQ=30;FQ=-999;PV4=1,1,1,1",GT:PL,"1:172,0,89",YLL067C(-)
chrXII,591,.,TGG,TGTACAGCGG,89.4671,.,"INDEL;IDV=26;IMF=0.619048;DP=42;VDB=0.715999;SGB=-0.69312;MQ0F=0;AF1=0.500397;AC1=1;DP4=10,0,32,0;MQ=30;FQ=-999;PV4=1,1,1,1",GT:PL,"1:155,0,28",YLL067C(-)
chrXII,641,.,C,G,3.54149,.,"DP=36;VDB=0.0100411;SGB=-0.616816;RPB=0.00101029;MQB=0.00173498;MQSB=0.997108;BQB=0.878333;MQ0F=0;AF1=1;AC1=1;DP4=23,7,5,1;MQ=12;FQ=-999;PV4=1,1,1,0.106302",GT:PL,"1:31,0",YLL067C(-)
chrXII,187137,.,ATTT,ATT,217.469,.,"INDEL;IDV=40;IMF=0.930233;DP=43;VDB=0.284065;SGB=-0.693145;MQSB=0.931441;MQ0F=0;AF1=1;AC1=1;DP4=1,2,26,14;MQ=41;FQ=-999;PV4=0.544932,1,1,0.0737878",GT:PL,"1:255,89,0",N/A
chrXII,220717,.,G,A,107.006,.,"DP=6;VDB=0.302039;SGB=-0.616816;MQ0F=0;AF1=1;AC1=1;DP4=0,0,6,0;MQ=42;FQ=-999",GT:PL,"1:137,0",N/A
chrXII,291384,.,A,G,225.007,.,"DP=40;VDB=0.0395015;SGB=-0.693143;MQSB=0.826922;MQ0F=0;AF1=1;AC1=1;DP4=0,0,17,21;MQ=42;FQ=-999",GT:PL,"1:255,0",YLR081W(+)
chrXII,291386,.,A,G,225.007,.,"DP=40;VDB=0.0374334;SGB=-0.693143;MQSB=0.826922;MQ0F=0;AF1=1;AC1=1;DP4=0,0,17,21;MQ=42;FQ=-999",GT:PL,"1:255,0",YLR081W(+)
chrXII,528749,.,T,A,225.007,.,"DP=48;VDB=0.893662;SGB=-0.693146;RPB=1;MQB=1;MQSB=1;BQB=1;MQ0F=0;AF1=1;AC1=1;DP4=0,1,24,19;MQ=42;FQ=-999;PV4=0.454545,1,1,0.121452",GT:PL,"1:255,0",YLR188W(+)
chrXII,725936,.,G,A,225.007,.,"DP=66;VDB=0.248121;SGB=-0.693147;MQSB=0.97823;MQ0F=0;AF1=1;AC1=1;DP4=0,0,47,10;MQ=42;FQ=-999",GT:PL,"1:255,0",N/A
chrXII,732281,.,CA,CAGGATCCTCAGA,15.5878,.,"INDEL;IDV=2;IMF=0.285714;DP=7;VDB=0.00599576;SGB=-0.616816;MQ0F=0;AF1=0.520679;AC1=1;DP4=0,1,0,6;MQ=25;FQ=-999;PV4=1,1,0.0123206,1",GT:PL,"1:64,0,11",YLR302C(-)
chrXII,734703,.,T,A,57.0051,.,"DP=4;VDB=0.154358;SGB=-0.511536;MQ0F=0;AF1=1;AC1=1;DP4=0,0,3,0;MQ=37;FQ=-999",GT:PL,"1:87,0",N/A
chrXII,784382,.,GCC,GCCC,210.469,.,"INDEL;IDV=36;IMF=0.947368;DP=38;VDB=0.689346;SGB=-0.693127;MQSB=0.983103;MQ0F=0;AF1=0.555409;AC1=1;DP4=2,3,23,10;MQ=41;FQ=-999;PV4=0.314961,1,1,1",GT:PL,"1:255,0,7",N/A
chrXII,828903,.,C,T,225.007,.,"DP=50;VDB=0.141604;SGB=-0.693147;MQSB=0.993273;MQ0F=0;AF1=1;AC1=1;DP4=0,0,40,9;MQ=42;FQ=-999",GT:PL,"1:255,0",YLR350W(+)
chrXII,868042,.,G,T,225.007,.,"DP=45;VDB=0.0133765;SGB=-0.693146;MQSB=0.980807;MQ0F=0;AF1=1;AC1=1;DP4=0,0,27,15;MQ=42;FQ=-999",GT:PL,"1:255,0",YLR372W(+)
chrXII,1039435,.,T,A,225.007,.,"DP=52;VDB=0.0274395;SGB=-0.693147;MQSB=1;MQ0F=0;AF1=1;AC1=1;DP4=0,0,34,13;MQ=42;FQ=-999",GT:PL,"1:255,0",YLR452C(-)
chrXIII,34473,.,T,G,225.007,.,"DP=71;VDB=0.0351892;SGB=-0.693147;MQSB=0.978161;MQ0F=0;AF1=1;AC1=1;DP4=0,0,49,11;MQ=42;FQ=-999",GT:PL,"1:255,0",YML117W(+)
chrXIII,325905,.,T,A,225.007,.,"DP=50;VDB=0.0626764;SGB=-0.693146;MQSB=1;MQ0F=0;AF1=1;AC1=1;DP4=0,0,21,22;MQ=42;FQ=-999",GT:PL,"1:255,0",YMR027W(+)
chrXIII,448333,.,G,A,225.007,.,"DP=72;VDB=6.35397e-05;SGB=-0.693147;MQSB=0.698981;MQ0F=0;AF1=1;AC1=1;DP4=0,0,34,34;MQ=41;FQ=-999",GT:PL,"1:255,0",N/A
chrXIII,448334,.,A,G,225.007,.,"DP=71;VDB=5.50001e-05;SGB=-0.693147;MQSB=0.698981;MQ0F=0;AF1=1;AC1=1;DP4=0,0,34,34;MQ=41;FQ=-999",GT:PL,"1:255,0",N/A
chrXIII,630505,.,A,G,225.007,.,"DP=50;VDB=0.871633;SGB=-0.693146;MQSB=1;MQ0F=0;AF1=1;AC1=1;DP4=0,0,32,11;MQ=42;FQ=-999",GT:PL,"1:255,0",YMR185W(+)
chrXIII,672129,.,T,C,225.007,.,"DP=41;VDB=0.147523;SGB=-0.693136;MQSB=1;MQ0F=0;AF1=1;AC1=1;DP4=0,0,16,19;MQ=42;FQ=-999",GT:PL,"1:255,0",YMR205C(-)
chrXIII,680936,.,T,C,225.007,.,"DP=45;VDB=0.517991;SGB=-0.693145;MQSB=0.907047;MQ0F=0;AF1=1;AC1=1;DP4=0,0,24,16;MQ=42;FQ=-999",GT:PL,"1:255,0",YMR207C(-)
chrXIII,680940,.,C,T,225.007,.,"DP=44;VDB=0.498977;SGB=-0.693145;MQSB=0.907047;MQ0F=0;AF1=1;AC1=1;DP4=0,0,24,16;MQ=42;FQ=-999",GT:PL,"1:255,0",YMR207C(-)
chrXIII,708291,.,T,C,225.007,.,"DP=50;VDB=0.536393;SGB=-0.693146;MQSB=1;MQ0F=0;AF1=1;AC1=1;DP4=0,0,14,30;MQ=42;FQ=-999",GT:PL,"1:255,0",YMR219W(+)
chrXIII,809198,.,A,G,225.007,.,"DP=66;VDB=0.0324076;SGB=-0.693147;MQSB=1;MQ0F=0;AF1=1;AC1=1;DP4=0,0,22,38;MQ=42;FQ=-999",GT:PL,"1:255,0",N/A
chrXIII,908177,.,A,G,3.01251,.,"DP=78;VDB=0.000769094;SGB=-0.693144;RPB=0.0746686;MQB=0.0494839;MQSB=0.00240253;BQB=0.0180784;MQ0F=0.192308;AF1=0.5;AC1=1;DP4=10,9,25,14;MQ=18;FQ=-999;PV4=0.5681,1,0.00433082,1",GT:PL,"1:90,60",YMR317W(+)
chrXIII,924341,.,G,T,73.0053,.,"DP=21;VDB=0.0350745;SGB=-0.680642;RPB=0.818731;MQB=0.479639;MQSB=0.5;BQB=0.79079;MQ0F=0.0952381;AF1=0.50025;AC1=1;DP4=1,4,1,11;MQ=30;FQ=-999;PV4=0.514706,1,1,1",GT:PL,"1:133,30",N/A
chrXIV,6650,.,A,C,12.27,.,"DP=25;VDB=0.69494;SGB=-0.616816;RPB=0.398338;MQB=0.0775511;MQSB=0.715702;BQB=0.573029;MQ0F=0.12;AF1=0.508032;AC1=1;DP4=4,7,4,2;MQ=21;FQ=-999;PV4=0.334842,0.0740554,1,0.0488947",GT:PL,"1:57,15",YNL338W(+)
chrXIV,6652,.,C,A,24.0219,.,"DP=24;VDB=0.565335;SGB=-0.636426;RPB=0.333524;MQB=0.118807;MQSB=0.763211;BQB=0.892753;MQ0F=0.125;AF1=0.510155;AC1=1;DP4=3,6,5,2;MQ=22;FQ=-999;PV4=0.314685,1,1,0.202486",GT:PL,"1:68,14",YNL338W(+)
chrXIV,7478,.,A,AT,217.469,.,"INDEL;IDV=45;IMF=0.865385;DP=52;VDB=0.00300141;SGB=-0.693147;MQSB=0.340645;MQ0F=0;AF1=1;AC1=1;DP4=0,1,11,40;MQ=22;FQ=-999;PV4=1,1,1,1",GT:PL,"1:255,139,0",N/A
chrXIV,138574,.,A,AT,47.4666,.,"INDEL;IDV=1;IMF=0.2;DP=5;VDB=0.00306499;SGB=-0.556411;MQ0F=0;AF1=0.624261;AC1=1;DP4=0,1,0,4;MQ=42;FQ=-999;PV4=1,1,1,1",GT:PL,"1:89,0,4",YNL268W(+)
chrXIV,140381,.,CATA,"CATAATAATA,CAATA",83.467,.,"INDEL;IDV=7;IMF=0.7;DP=10;VDB=2.49147e-06;SGB=-0.670168;MQ0F=0;AF1=1;AC1=1;DP4=0,0,10,0;MQ=35;FQ=-999",GT:PL,"1:169,69,48,121,0,112",YNL268W(+)
chrXIV,312328,.,AACGACGACG,AACGACG,217.469,.,"INDEL;IDV=40;IMF=0.909091;DP=44;VDB=0.206025;SGB=-0.693146;MQSB=0.985093;MQ0F=0;AF1=1;AC1=1;DP4=2,0,27,15;MQ=41;FQ=-999;PV4=0.540169,1,0.366627,1",GT:PL,"1:255,64,0",YNL172W(+)
chrXIV,377887,.,G,T,225.007,.,"DP=46;VDB=0.136529;SGB=-0.693146;MQSB=1;MQ0F=0;AF1=1;AC1=1;DP4=0,0,12,30;MQ=42;FQ=-999",GT:PL,"1:255,0",YNL132W(+)
chrXIV,415071,.,C,"A,T",5.45858,.,"DP=14;VDB=0.811811;SGB=-0.556411;MQSB=1;MQ0F=0;AF1=1;AC1=1;DP4=0,0,2,2;MQ=42;FQ=-999",GT:PL,"1:36,2,28",N/A
chrXIV,439397,.,GTTTTTT,GTTTTTTT,120.467,.,"INDEL;IDV=30;IMF=0.9375;DP=32;VDB=0.0691357;SGB=-0.69311;MQSB=1;MQ0F=0;AF1=1;AC1=1;DP4=1,0,6,25;MQ=42;FQ=-999;PV4=0.21875,1,1,1",GT:PL,"1:158,78,0",N/A
chrXIV,471767,.,A,G,225.007,.,"DP=23;VDB=0.00501669;SGB=-0.692352;MQSB=1;MQ0F=0;AF1=1;AC1=1;DP4=0,0,17,4;MQ=42;FQ=-999",GT:PL,"1:255,0",YNL083W(+)
chrXIV,520142,.,A,C,9.51895,.,"DP=18;VDB=0.105604;SGB=-0.689466;MQSB=0.19218;MQ0F=0;AF1=1;AC1=1;DP4=0,0,3,13;MQ=5;FQ=-999",GT:PL,"1:39,0","YNL054W-A(+),YNL054W-B(+)"
chrXIV,522483,.,T,C,32.0075,.,"DP=130;VDB=0.971005;SGB=-0.693147;RPB=0.548004;MQB=5.26247e-16;MQSB=0.000451499;BQB=0.0137547;MQ0F=0;AF1=0.5;AC1=1;DP4=12,41,0,77;MQ=33;FQ=-999;PV4=9.25695e-06,0.000219311,1,0.0794171",GT:PL,"1:165,103",YNL054W-B(+)
chrXV,90,.,CCCAC,CC,202.469,.,"INDEL;IDV=21;IMF=0.807692;DP=26;VDB=0.305898;SGB=-0.692352;MQSB=0.0194477;MQ0F=0.0769231;AF1=1;AC1=1;DP4=2,3,20,1;MQ=37;FQ=-999;PV4=0.0143813,1,1,1",GT:PL,"1:240,28,0",N/A
chrXV,50002,.,C,T,225.007,.,"DP=28;VDB=0.410911;SGB=-0.693021;MQSB=1;MQ0F=0;AF1=1;AC1=1;DP4=0,0,22,5;MQ=42;FQ=-999",GT:PL,"1:255,0",YOL145C(-)
chrXV,50010,.,A,T,225.007,.,"DP=31;VDB=0.371761;SGB=-0.692914;MQSB=1;MQ0F=0;AF1=1;AC1=1;DP4=0,0,20,5;MQ=42;FQ=-999",GT:PL,"1:255,0",YOL145C(-)
chrXV,50012,.,C,T,225.007,.,"DP=29;VDB=0.388302;SGB=-0.692914;MQSB=1;MQ0F=0;AF1=1;AC1=1;DP4=0,0,20,5;MQ=42;FQ=-999",GT:PL,"1:255,0",YOL145C(-)
chrXV,60240,.,C,T,195.007,.,"DP=34;VDB=0.0461046;SGB=-0.688148;MQSB=0.692463;MQ0F=0;AF1=1;AC1=1;DP4=0,0,5,10;MQ=36;FQ=-999",GT:PL,"1:225,0",N/A
chrXV,79297,.,C,G,225.007,.,"DP=62;VDB=0.773145;SGB=-0.693147;MQSB=0.505564;MQ0F=0;AF1=1;AC1=1;DP4=0,0,33,26;MQ=41;FQ=-999",GT:PL,"1:255,0",YOL128C(-)
chrXV,79304,.,A,T,225.007,.,"DP=68;VDB=0.632617;SGB=-0.693147;MQSB=0.582561;MQ0F=0;AF1=1;AC1=1;DP4=0,0,30,25;MQ=41;FQ=-999",GT:PL,"1:255,0",YOL128C(-)
chrXV,79305,.,T,A,225.007,.,"DP=67;VDB=0.586435;SGB=-0.693147;MQSB=0.582561;MQ0F=0;AF1=1;AC1=1;DP4=0,0,30,25;MQ=41;FQ=-999",GT:PL,"1:255,0",YOL128C(-)
chrXV,580195,.,G,A,225.007,.,"DP=29;VDB=8.20765e-05;SGB=-0.692717;MQSB=1;MQ0F=0;AF1=1;AC1=1;DP4=0,0,19,4;MQ=42;FQ=-999",GT:PL,"1:255,0",YOR135C(-)
chrXV,722438,.,G,GGT,69.4668,.,"INDEL;IDV=3;IMF=0.428571;DP=7;VDB=0.000709792;SGB=-0.556411;MQSB=0.8;MQ0F=0;AF1=1;AC1=1;DP4=1,2,1,3;MQ=36;FQ=-999;PV4=1,1,1,0.0037426",GT:PL,"1:107,3,0",YOR202W(+)
chrXV,773264,.,G,C,225.007,.,"DP=45;VDB=0.696011;SGB=-0.693146;MQSB=1;MQ0F=0;AF1=1;AC1=1;DP4=0,0,17,26;MQ=42;FQ=-999",GT:PL,"1:255,0","YOR231W(+),YOR231C-A(-)"
chrXV,951241,.,C,T,225.007,.,"DP=47;VDB=0.16147;SGB=-0.693145;MQSB=1;MQ0F=0;AF1=1;AC1=1;DP4=0,0,22,19;MQ=42;FQ=-999",GT:PL,"1:255,0",YOR336W(+)
chrXVI,191944,.,C,T,225.007,.,"DP=34;VDB=0.98315;SGB=-0.693097;MQSB=1;MQ0F=0;AF1=1;AC1=1;DP4=0,0,13,17;MQ=42;FQ=-999",GT:PL,"1:255,0",YPL188W(+)
chrXVI,667520,.,T,G,225.007,.,"DP=54;VDB=0.813698;SGB=-0.693147;MQSB=0.949645;MQ0F=0;AF1=1;AC1=1;DP4=0,0,31,18;MQ=42;FQ=-999",GT:PL,"1:255,0",N/A
chrXVI,677102,.,A,G,225.007,.,"DP=26;VDB=0.2852;SGB=-0.692562;MQSB=0.97584;MQ0F=0;AF1=1;AC1=1;DP4=0,0,6,16;MQ=42;FQ=-999",GT:PL,"1:255,0",N/A
chrXVI,759400,.,T,G,225.007,.,"DP=66;VDB=0.0938145;SGB=-0.693147;MQSB=0.991659;MQ0F=0;AF1=1;AC1=1;DP4=0,0,21,37;MQ=42;FQ=-999",GT:PL,"1:255,0",YPR116W(+)
chrXVI,890346,.,T,A,225.007,.,"DP=48;VDB=0.999967;SGB=-0.693145;MQSB=1;MQ0F=0;AF1=1;AC1=1;DP4=0,0,20,21;MQ=42;FQ=-999",GT:PL,"1:255,0",YPR175W(+)
chrmt,13802,.,T,A,163.006,.,"DP=24;VDB=2.30925e-07;SGB=-0.692562;MQ0F=0;AF1=1;AC1=1;DP4=0,0,22,0;MQ=42;FQ=-999",GT:PL,"1:193,0",N/A
chrmt,20345,.,GAAA,GAA,217.469,.,"INDEL;IDV=103;IMF=0.944954;DP=109;VDB=1.00038e-08;SGB=-0.693147;MQSB=0.831905;MQ0F=0;AF1=1;AC1=1;DP4=3,29,37,40;MQ=40;FQ=-999;PV4=8.06503e-05,1,1,1",GT:PL,"1:255,12,0",N/A
chrmt,20934,.,T,G,225.007,.,"DP=232;VDB=0.996686;SGB=-0.693147;MQSB=0.982697;MQ0F=0;AF1=1;AC1=1;DP4=0,0,72,125;MQ=42;FQ=-999",GT:PL,"1:255,0","Q0065(+),Q0070(+),Q0045(+)"
chrmt,33618,.,T,TTC,217.469,.,"INDEL;IDV=29;IMF=0.783784;DP=37;VDB=0.95481;SGB=-0.693079;MQSB=0.0102512;MQ0F=0;AF1=1;AC1=1;DP4=0,8,9,20;MQ=38;FQ=-999;PV4=0.158866,1,1,1",GT:PL,"1:255,15,0",N/A
chrmt,33743,.,T,A,128.006,.,"DP=13;VDB=0.000231971;SGB=-0.662043;RPB=1;MQB=1;BQB=1;MQ0F=0;AF1=1;AC1=1;DP4=1,0,9,0;MQ=40;FQ=-999;PV4=1,1,0.372493,0.135192",GT:PL,"1:158,0",N/A
chrmt,39517,.,G,T,225.007,.,"DP=69;VDB=0.756517;SGB=-0.693147;MQSB=1;MQ0F=0;AF1=1;AC1=1;DP4=0,0,47,3;MQ=42;FQ=-999",GT:PL,"1:255,0",Q0115(+)
chrmt,43084,.,ATTTTTTTT,ATTTTTTTTT,55.4667,.,"INDEL;IDV=30;IMF=0.810811;DP=37;VDB=0.0152809;SGB=-0.693097;MQSB=0.243244;MQ0F=0;AF1=1;AC1=1;DP4=2,5,7,23;MQ=41;FQ=-999;PV4=1,1,1,1",GT:PL,"1:93,40,0",N/A
chrmt,55712,.,T,A,6.97679,.,"DP=1;SGB=-0.379885;MQ0F=0;AF1=1;AC1=1;DP4=0,0,0,1;MQ=42;FQ=-999",GT:PL,"1:36,0",N/A
chrmt,65291,.,T,A,6.97679,.,"DP=1;SGB=-0.379885;MQ0F=0;AF1=1;AC1=1;DP4=0,0,0,1;MQ=42;FQ=-999",GT:PL,"1:36,0",N/A
chrmt,73114,.,AGGGGGG,AGGGGG,3.24957,.,"INDEL;IDV=6;IMF=0.666667;DP=9;VDB=0.513454;SGB=-0.590765;MQSB=0.462292;MQ0F=0;AF1=0.624247;AC1=1;DP4=1,3,2,3;MQ=33;FQ=-999;PV4=1,1,1,1",GT:PL,"1:42,0,4",N/A
chrmt,82507,.,T,A,144.006,.,"DP=13;VDB=0.469713;SGB=-0.683931;MQSB=1;MQ0F=0;AF1=1;AC1=1;DP4=0,0,12,1;MQ=30;FQ=-999",GT:PL,"1:174,0",N/A
