#CHROM,POS,ID,REF,ALT,QUAL,FILTER,INFO,FORMAT,/home/rothlab/dtabet/MGY360/output/mgyN21b/mgyN21b_S123_R1_001_sorted.bam,CDS(Orientation)
chrI,3,.,ACAC,ACACAC,38.4671,.,"INDEL;IDV=3;IMF=0.75;DP=4;VDB=0.00671048;SGB=-0.511536;MQ0F=0;AF1=1;AC1=1;DP4=1,0,3,0;MQ=36;FQ=-999;PV4=1,1,0.333333,1",GT:PL,"1:76,5,0",N/A
chrI,5,.,AC,ACACAC,7.34966,.,"INDEL;IDV=1;IMF=0.111111;DP=9;VDB=5.50003e-05;SGB=-0.556411;MQ0F=0;AF1=0.500013;AC1=1;DP4=5,0,4,0;MQ=35;FQ=-999;PV4=1,1,1,1",GT:PL,"1:87,0,43",N/A
chrI,19971,.,CTTT,CCTTTT,119.467,.,"INDEL;IDV=77;IMF=0.927711;DP=83;VDB=0.0340579;SGB=-0.693147;MQSB=0.605374;MQ0F=0;AF1=1;AC1=1;DP4=1,1,41,40;MQ=14;FQ=-999;PV4=1,1,0.00432894,1",GT:PL,"1:157,0",N/A
chrI,25340,.,C,A,143.006,.,"DP=80;VDB=0.179696;SGB=-0.693147;MQSB=0.00069364;MQ0F=0.0875;AF1=1;AC1=1;DP4=0,0,45,32;MQ=15;FQ=-999",GT:PL,"1:173,0",YAL063C(-)
chrI,25497,.,G,A,100.006,.,"DP=131;VDB=0.00225003;SGB=-0.693147;RPB=0.584255;MQB=0.961379;MQSB=0.0229082;BQB=0.931037;MQ0F=0.0610687;AF1=1;AC1=1;DP4=0,6,4,116;MQ=19;FQ=-999;PV4=1,0.357777,0.40062,0.351188",GT:PL,"1:130,0",YAL063C(-)
chrI,25509,.,G,A,80.0054,.,"DP=112;VDB=0.114914;SGB=-0.693147;RPB=0.0377262;MQB=0.959549;MQSB=0.0673609;BQB=0.760369;MQ0F=0.0625;AF1=1;AC1=1;DP4=0,5,3,83;MQ=20;FQ=-999;PV4=1,0.186271,0.22668,1",GT:PL,"1:110,0",YAL063C(-)
chrI,25536,.,G,A,110.006,.,"DP=137;VDB=0.843245;SGB=-0.693147;RPB=0.000532952;MQB=4.83952e-10;MQSB=4.48434e-12;BQB=0.342036;MQ0F=0.145985;AF1=1;AC1=1;DP4=33,1,4,93;MQ=16;FQ=-999;PV4=2.08379e-25,1,1,1",GT:PL,"1:140,0",YAL063C(-)
chrI,25542,.,A,G,72.0053,.,"DP=158;VDB=0.873674;SGB=-0.693147;RPB=0.000449026;MQB=2.6166e-14;MQSB=6.96767e-15;BQB=2.10983e-05;MQ0F=0.126582;AF1=1;AC1=1;DP4=43,1,1,100;MQ=16;FQ=-999;PV4=1.38392e-34,1.55094e-06,1,1",GT:PL,"1:102,0",YAL063C(-)
chrI,25560,.,G,A,92.0055,.,"DP=173;VDB=3.88075e-06;SGB=-0.693147;RPB=0.559477;MQB=3.19779e-15;MQSB=5.75746e-16;BQB=0.956666;MQ0F=0.144509;AF1=1;AC1=1;DP4=51,3,2,111;MQ=14;FQ=-999;PV4=1.13623e-36,1,1,0.112873",GT:PL,"1:122,0",YAL063C(-)
chrI,25584,.,A,G,88.0055,.,"DP=213;VDB=0.0446213;SGB=-0.693147;RPB=0.804814;MQB=2.81532e-16;MQSB=6.59537e-21;BQB=0.382423;MQ0F=0.169014;AF1=1;AC1=1;DP4=65,4,10,126;MQ=12;FQ=-999;PV4=2.17915e-37,1,1,1",GT:PL,"1:118,0",YAL063C(-)
chrI,26412,.,G,C,8.64278,.,"DP=87;VDB=0.981653;SGB=-0.693147;MQSB=5.44344e-07;MQ0F=0.0344828;AF1=1;AC1=1;DP4=0,0,35,51;MQ=5;FQ=-999",GT:PL,"1:38,0",YAL063C(-)
chrI,26778,.,C,T,38.0055,.,"DP=145;VDB=0.0562478;SGB=-0.693147;RPB=0.0648861;MQB=0.629313;MQSB=0.353246;BQB=0.955624;MQ0F=0.213793;AF1=1;AC1=1;DP4=25,22,90,5;MQ=8;FQ=-999;PV4=1.07902e-08,1,1,0.38831",GT:PL,"1:68,0",YAL063C(-)
chrI,26793,.,A,G,27.0133,.,"DP=184;VDB=3.19993e-11;SGB=-0.693147;RPB=0.0726904;MQB=0.787098;MQSB=0.80602;BQB=0.999811;MQ0F=0.206522;AF1=1;AC1=1;DP4=49,56,63,1;MQ=8;FQ=-999;PV4=3.37646e-14,0.237136,1,1",GT:PL,"1:57,0",YAL063C(-)
chrI,26937,.,G,A,15.1396,.,"DP=111;VDB=0.0577536;SGB=-0.693146;RPB=1.87722e-06;MQB=1.31442e-09;MQSB=1.23623e-10;BQB=0.0316015;MQ0F=0.0630631;AF1=1;AC1=1;DP4=2,58,39,5;MQ=9;FQ=-999;PV4=1.24313e-20,0.000289097,1,8.31355e-06",GT:PL,"1:45,0",YAL063C(-)
chrI,26940,.,A,G,15.1396,.,"DP=118;VDB=0.0236288;SGB=-0.693147;RPB=1.05649e-06;MQB=1.36082e-09;MQSB=3.17388e-10;BQB=0.713129;MQ0F=0.0677966;AF1=1;AC1=1;DP4=3,57,43,5;MQ=9;FQ=-999;PV4=7.70515e-21,1,1,2.16281e-06",GT:PL,"1:45,0",YAL063C(-)
chrI,26970,.,G,A,36.0059,.,"DP=192;VDB=7.29912e-21;SGB=-0.693147;RPB=0.00225328;MQB=1.10366e-11;MQSB=8.43516e-08;BQB=0.154135;MQ0F=0.192708;AF1=1;AC1=1;DP4=12,69,105,2;MQ=13;FQ=-999;PV4=5.03971e-36,1,1,1",GT:PL,"1:66,0",YAL063C(-)
chrI,26973,.,A,G,47.005,.,"DP=193;VDB=1.39706e-19;SGB=-0.693147;RPB=0.000659589;MQB=5.79595e-07;MQSB=1.20983e-07;BQB=0.388336;MQ0F=0.19171;AF1=1;AC1=1;DP4=2,66,115,2;MQ=13;FQ=-999;PV4=4.2039e-45,1,1,1",GT:PL,"1:77,0",YAL063C(-)
chrI,26974,.,A,G,37.0057,.,"DP=192;VDB=8.62632e-21;SGB=-0.693147;RPB=0.133346;MQB=1.69835e-11;MQSB=3.54052e-07;BQB=0.0581144;MQ0F=0.192708;AF1=1;AC1=1;DP4=13,65,105,2;MQ=13;FQ=-999;PV4=5.20147e-34,1,1,1",GT:PL,"1:67,0",YAL063C(-)
chrI,26981,.,T,C,44.0051,.,"DP=199;VDB=1.71695e-13;SGB=-0.693147;RPB=0.00203339;MQB=2.69246e-06;MQSB=6.46072e-07;BQB=0.0146799;MQ0F=0.201005;AF1=1;AC1=1;DP4=2,57,127,2;MQ=13;FQ=-999;PV4=3.61535e-43,1,1,1",GT:PL,"1:74,0",YAL063C(-)
chrI,26982,.,G,A,50.005,.,"DP=201;VDB=1.53278e-13;SGB=-0.693147;RPB=0.0072768;MQB=9.18217e-06;MQSB=3.77957e-07;BQB=0.856477;MQ0F=0.199005;AF1=1;AC1=1;DP4=4,57,127,2;MQ=13;FQ=-999;PV4=5.23469e-41,1,1,1",GT:PL,"1:80,0",YAL063C(-)
chrI,26983,.,T,G,43.0051,.,"DP=242;VDB=2.20623e-12;SGB=-0.693147;RPB=0.00454355;MQB=1.2085e-06;MQSB=2.83737e-07;BQB=0.466843;MQ0F=0.165289;AF1=1;AC1=1;DP4=2,59,129,2;MQ=13;FQ=-999;PV4=1.82169e-44,1,1,1",GT:PL,"1:73,0",YAL063C(-)
chrI,27027,.,A,T,141.006,.,"DP=207;VDB=2.40993e-05;SGB=-0.693147;RPB=0.898706;MQB=1.99315e-06;MQSB=2.22441e-09;BQB=0.000511277;MQ0F=0.198068;AF1=1;AC1=1;DP4=1,40,151,6;MQ=18;FQ=-999;PV4=2.82201e-34,1,1,1",GT:PL,"1:171,0",YAL063C(-)
chrI,27035,.,T,C,134.006,.,"DP=180;VDB=4.06497e-13;SGB=-0.693147;RPB=0.000543366;MQB=4.36802e-08;MQSB=3.61583e-13;BQB=0.913401;MQ0F=0.161111;AF1=1;AC1=1;DP4=2,43,112,10;MQ=18;FQ=-999;PV4=9.90668e-28,0.324592,1,1",GT:PL,"1:164,0",YAL063C(-)
chrI,27036,.,G,A,131.006,.,"DP=178;VDB=1.03695e-12;SGB=-0.693147;RPB=0.000177362;MQB=5.65966e-08;MQSB=4.97372e-13;BQB=0.794288;MQ0F=0.162921;AF1=1;AC1=1;DP4=2,42,112,10;MQ=18;FQ=-999;PV4=2.98308e-27,1,1,1",GT:PL,"1:161,0",YAL063C(-)
chrI,27044,.,C,T,133.006,.,"DP=162;VDB=2.78202e-10;SGB=-0.693147;RPB=8.43532e-10;MQB=1.50417e-07;MQSB=2.22792e-11;BQB=0.000645213;MQ0F=0.160494;AF1=1;AC1=1;DP4=2,37,111,8;MQ=18;FQ=-999;PV4=8.40063e-26,1,1,1",GT:PL,"1:163,0",YAL063C(-)
chrI,27060,.,A,"C,T",4.12714,.,"DP=108;VDB=1.35198e-10;SGB=-0.693147;RPB=2.55856e-10;MQB=0.0362101;MQSB=1.55239e-09;BQB=0.00206244;MQ0F=0.157407;AF1=1;AC1=1;DP4=5,49,37,9;MQ=13;FQ=-999;PV4=2.46944e-13,0.000102513,1,1",GT:PL,"1:32,0,20",YAL063C(-)
chrI,27081,.,G,"A,T",4.7673,.,"DP=131;VDB=1;SGB=-0.693147;RPB=0.0184277;MQB=0.590833;MQSB=2.43514e-10;BQB=1.41979e-10;MQ0F=0.267176;AF1=1;AC1=1;DP4=3,53,33,34;MQ=10;FQ=-999;PV4=3.06211e-08,8.32169e-12,1,4.78377e-30",GT:PL,"1:53,20,14",YAL063C(-)
chrI,27090,.,T,C,15.1396,.,"DP=134;VDB=3.55625e-27;SGB=-0.693147;RPB=1.92287e-21;MQB=0.66856;MQSB=2.62563e-07;BQB=0.0035804;MQ0F=0.373134;AF1=1;AC1=1;DP4=6,59,14,50;MQ=8;FQ=-999;PV4=0.0547346,0.000115091,1,1.18557e-08",GT:PL,"1:45,0",YAL063C(-)
chrI,27099,.,T,C,36.0059,.,"DP=133;VDB=8.22967e-21;SGB=-0.693147;RPB=1.6097e-20;MQB=0.848955;MQSB=4.15586e-13;BQB=0.00336432;MQ0F=0.398496;AF1=1;AC1=1;DP4=2,47,25,58;MQ=10;FQ=-999;PV4=0.000239375,8.37042e-05,1,0.0143105",GT:PL,"1:66,0",YAL063C(-)
chrI,27105,.,A,G,85.0054,.,"DP=157;VDB=2.68028e-21;SGB=-0.693147;RPB=3.40198e-19;MQB=0.712933;MQSB=8.9975e-14;BQB=0.0151515;MQ0F=0.369427;AF1=1;AC1=1;DP4=0,39,26,90;MQ=10;FQ=-999;PV4=0.000334702,2.1702e-05,1,1",GT:PL,"1:115,0",YAL063C(-)
chrI,27126,.,T,C,207.007,.,"DP=191;VDB=3.10434e-09;SGB=-0.693147;RPB=1.8568e-14;MQB=0.00207605;MQSB=1.9982e-16;BQB=0.000905828;MQ0F=0.308901;AF1=1;AC1=1;DP4=0,28,39,109;MQ=17;FQ=-999;PV4=0.000792062,1,1,1",GT:PL,"1:237,0",YAL063C(-)
chrI,27129,.,C,G,214.007,.,"DP=181;VDB=0.000166868;SGB=-0.693147;RPB=2.90232e-06;MQB=0.199518;MQSB=2.70695e-15;BQB=0.984243;MQ0F=0.325967;AF1=1;AC1=1;DP4=0,9,39,131;MQ=17;FQ=-999;PV4=0.208903,0.152729,1,1",GT:PL,"1:244,0",YAL063C(-)
chrI,41475,.,G,T,225.007,.,"DP=160;VDB=0.998509;SGB=-0.693147;MQSB=1;MQ0F=0;AF1=1;AC1=1;DP4=0,0,45,108;MQ=42;FQ=-999",GT:PL,"1:255,0",YAL056W(+)
chrI,141030,.,T,A,136.006,.,"DP=36;VDB=0.0664915;SGB=-0.693127;MQSB=0.000787176;MQ0F=0;AF1=1;AC1=1;DP4=0,0,27,6;MQ=27;FQ=-999",GT:PL,"1:166,0","YAL005C(-),YAL004W(+)"
chrI,141135,.,A,T,225.007,.,"DP=30;VDB=0.898209;SGB=-0.693097;MQSB=0.000731439;MQ0F=0;AF1=1;AC1=1;DP4=0,0,23,7;MQ=36;FQ=-999",GT:PL,"1:255,0","YAL005C(-),YAL004W(+)"
chrI,183387,.,ACC,AC,217.469,.,"INDEL;IDV=49;IMF=0.960784;DP=51;VDB=0.00095154;SGB=-0.693147;MQSB=0.99351;MQ0F=0;AF1=1;AC1=1;DP4=0,2,29,20;MQ=30;FQ=-999;PV4=0.181176,1,0.0409122,1",GT:PL,"1:255,122,0",N/A
chrI,199811,.,T,G,225.007,.,"DP=17;VDB=0.646535;SGB=-0.689466;MQSB=1;MQ0F=0;AF1=1;AC1=1;DP4=0,0,9,7;MQ=42;FQ=-999",GT:PL,"1:255,0",N/A
chrI,204677,.,T,A,6.97679,.,"DP=85;VDB=0.0184162;SGB=-0.693147;RPB=0.000621876;MQB=0.0015478;MQSB=0.595787;BQB=0.463562;MQ0F=0.141176;AF1=1;AC1=1;DP4=5,8,6,54;MQ=5;FQ=-999;PV4=0.0209881,0.0256508,1,1",GT:PL,"1:36,0",YAR050W(+)
chrI,205499,.,C,G,23.0263,.,"DP=55;VDB=0.00275094;SGB=-0.693147;RPB=1;MQB=1;MQSB=1;BQB=1;MQ0F=0.109091;AF1=1;AC1=1;DP4=1,0,51,1;MQ=10;FQ=-999;PV4=1,1,1,0.128344",GT:PL,"1:53,0",YAR050W(+)
chrI,205519,.,C,A,62.0051,.,"DP=99;VDB=0.00108084;SGB=-0.693147;RPB=0.233686;MQB=0.165203;MQSB=0.494681;BQB=0.0135279;MQ0F=0.0707071;AF1=1;AC1=1;DP4=3,1,91,1;MQ=12;FQ=-999;PV4=0.0820175,1,1,1",GT:PL,"1:92,0",YAR050W(+)
chrI,206126,.,T,C,65.0052,.,"DP=27;VDB=2.1278e-10;SGB=-0.692914;RPB=1;MQB=1;MQSB=0.510999;BQB=1;MQ0F=0.037037;AF1=1;AC1=1;DP4=1,0,8,17;MQ=12;FQ=-999;PV4=0.346154,0.0163122,1,0.476175",GT:PL,"1:95,0",YAR050W(+)
chrI,206129,.,A,C,23.0263,.,"DP=19;VDB=0.000110318;SGB=-0.689466;RPB=1;MQB=1;MQSB=0.0661209;BQB=1;MQ0F=0.105263;AF1=1;AC1=1;DP4=1,0,2,14;MQ=9;FQ=-999;PV4=0.176471,0.019812,1,0.0609782",GT:PL,"1:53,0",YAR050W(+)
chrI,206132,.,G,T,16.1122,.,"DP=17;VDB=0.00365353;SGB=-0.686358;RPB=1;MQB=1;MQSB=0.0818715;BQB=1;MQ0F=0.117647;AF1=1;AC1=1;DP4=1,0,2,12;MQ=8;FQ=-999;PV4=0.2,0.0365002,1,4.62737e-08",GT:PL,"1:46,0",YAR050W(+)
chrI,206144,.,C,T,4.7673,.,"DP=10;VDB=0.000398124;SGB=-0.662043;RPB=1;MQB=1;MQSB=0.916482;BQB=1;MQ0F=0.2;AF1=1;AC1=1;DP4=1,0,6,3;MQ=7;FQ=-999;PV4=1,0.288818,1,0.0055335",GT:PL,"1:33,0",YAR050W(+)
chrI,206177,.,G,C,9.51895,.,"DP=40;VDB=0.000138814;SGB=-0.693143;MQSB=0.970158;MQ0F=0.075;AF1=1;AC1=1;DP4=0,0,25,13;MQ=7;FQ=-999",GT:PL,"1:39,0",YAR050W(+)
chrI,206178,.,C,A,9.51895,.,"DP=40;VDB=0.000137084;SGB=-0.693143;MQSB=0.970158;MQ0F=0.075;AF1=1;AC1=1;DP4=0,0,25,13;MQ=7;FQ=-999",GT:PL,"1:39,0",YAR050W(+)
chrI,206179,.,A,C,7.79382,.,"DP=49;VDB=0.000150882;SGB=-0.693143;RPB=1;MQB=1;MQSB=0.870352;BQB=1;MQ0F=0.0612245;AF1=1;AC1=1;DP4=0,1,25,13;MQ=7;FQ=-999;PV4=0.358974,1,0.0817959,1",GT:PL,"1:37,0",YAR050W(+)
chrI,210818,.,A,T,104.006,.,"DP=65;VDB=0.000464801;SGB=-0.693147;RPB=0.157895;MQB=0.0350877;MQSB=5.29204e-05;BQB=0.982456;MQ0F=0;AF1=1;AC1=1;DP4=2,0,7,50;MQ=15;FQ=-999;PV4=0.0210403,1,1,0.0717456",GT:PL,"1:134,0",N/A
chrI,211019,.,T,C,104.006,.,"DP=70;VDB=4.27805e-15;SGB=-0.693147;RPB=0.021612;MQB=0.405997;MQSB=1.48522e-07;BQB=0.880945;MQ0F=0;AF1=1;AC1=1;DP4=4,2,21,43;MQ=14;FQ=-999;PV4=0.177221,0.229847,1,0.00549841",GT:PL,"1:134,0",N/A
chrII,6440,.,G,C,158.006,.,"DP=74;VDB=0.296924;SGB=-0.693147;MQSB=5.20278e-08;MQ0F=0;AF1=1;AC1=1;DP4=0,0,18,52;MQ=17;FQ=-999",GT:PL,"1:188,0",N/A
chrII,7510,.,G,"A,T",40.0053,.,"DP=12;VDB=0.850567;SGB=-0.680642;MQSB=0.811069;MQ0F=0.0833333;AF1=1;AC1=1;DP4=0,0,3,9;MQ=17;FQ=-999",GT:PL,"1:77,7,52",N/A
chrII,7511,.,G,A,72.0053,.,"DP=12;VDB=0.855984;SGB=-0.680642;MQSB=0.811069;MQ0F=0.0833333;AF1=1;AC1=1;DP4=0,0,3,9;MQ=17;FQ=-999",GT:PL,"1:102,0",N/A
chrII,15101,.,T,G,225.007,.,"DP=33;VDB=0.715524;SGB=-0.693127;MQSB=1;MQ0F=0;AF1=1;AC1=1;DP4=0,0,11,22;MQ=42;FQ=-999",GT:PL,"1:255,0",YBL105C(-)
chrII,15510,.,G,T,225.007,.,"DP=25;VDB=0.88575;SGB=-0.692914;MQSB=0.948139;MQ0F=0;AF1=1;AC1=1;DP4=0,0,12,13;MQ=41;FQ=-999",GT:PL,"1:255,0",YBL105C(-)
chrII,15518,.,A,G,225.007,.,"DP=31;VDB=0.97207;SGB=-0.693054;MQSB=0.942064;MQ0F=0;AF1=1;AC1=1;DP4=0,0,15,13;MQ=41;FQ=-999",GT:PL,"1:255,0",YBL105C(-)
chrII,16380,.,C,T,225.007,.,"DP=60;VDB=0.111072;SGB=-0.693147;MQSB=0.948729;MQ0F=0;AF1=1;AC1=1;DP4=0,0,19,40;MQ=42;FQ=-999",GT:PL,"1:255,0",YBL105C(-)
chrII,16392,.,A,G,225.007,.,"DP=66;VDB=0.752132;SGB=-0.693147;MQSB=1;MQ0F=0;AF1=1;AC1=1;DP4=0,0,18,41;MQ=42;FQ=-999",GT:PL,"1:255,0",YBL105C(-)
chrII,30012,.,C,T,13.2167,.,"DP=51;VDB=0.00455124;SGB=-0.693147;MQSB=0.244444;MQ0F=0;AF1=1;AC1=1;DP4=0,0,45,2;MQ=10;FQ=-999",GT:PL,"1:43,0","YBL100W-A(+),YBL100W-B(+)"
chrII,30050,.,A,G,81.0054,.,"DP=27;VDB=0.379466;SGB=-0.692831;MQSB=0.757465;MQ0F=0;AF1=1;AC1=1;DP4=0,0,15,9;MQ=15;FQ=-999",GT:PL,"1:111,0","YBL100W-A(+),YBL100W-B(+)"
chrII,30848,.,C,G,4.12714,.,"DP=46;VDB=0.568207;SGB=-0.69311;RPB=0.0141795;MQB=1.75357e-06;MQSB=2.31866e-05;BQB=0.964288;MQ0F=0;AF1=1;AC1=1;DP4=11,3,1,30;MQ=8;FQ=-999;PV4=3.95514e-07,1,1,0.0175867",GT:PL,"1:32,0","YBL100W-A(+),YBL100W-B(+)"
chrII,34298,.,G,A,9.51895,.,"DP=21;VDB=0.0098411;SGB=-0.690438;MQSB=0.328812;MQ0F=0;AF1=1;AC1=1;DP4=0,0,9,8;MQ=5;FQ=-999",GT:PL,"1:39,0",YBL100W-B(+)
chrII,35485,.,C,T,164.006,.,"DP=20;VDB=6.18505e-05;SGB=-0.691153;MQSB=0.0108952;MQ0F=0;AF1=1;AC1=1;DP4=0,0,13,5;MQ=30;FQ=-999",GT:PL,"1:194,0",N/A
chrII,59755,.,T,C,225.007,.,"DP=19;VDB=0.889539;SGB=-0.691153;MQSB=1;MQ0F=0;AF1=1;AC1=1;DP4=0,0,8,10;MQ=42;FQ=-999",GT:PL,"1:255,0",N/A
chrII,88484,.,GGAGAAGAGAAGA,GGAGAAGA,203.469,.,"INDEL;IDV=50;IMF=0.892857;DP=56;VDB=8.91545e-12;SGB=-0.693147;MQSB=1;MQ0F=0;AF1=1;AC1=1;DP4=1,0,54,1;MQ=40;FQ=-999;PV4=1,1,2.63641e-06,1",GT:PL,"1:241,133,0",N/A
chrII,259764,.,C,T,91.0055,.,"DP=6;VDB=0.631784;SGB=-0.590765;MQ0F=0;AF1=1;AC1=1;DP4=0,0,0,5;MQ=42;FQ=-999",GT:PL,"1:121,0",N/A
chrII,265382,.,G,T,144.006,.,"DP=13;VDB=0.668189;SGB=-0.683931;MQ0F=0;AF1=1;AC1=1;DP4=0,0,13,0;MQ=42;FQ=-999",GT:PL,"1:174,0",N/A
chrII,383176,.,CGG,CGGG,217.469,.,"INDEL;IDV=37;IMF=0.973684;DP=38;VDB=0.487344;SGB=-0.693141;MQSB=1;MQ0F=0;AF1=1;AC1=1;DP4=1,0,22,15;MQ=42;FQ=-999;PV4=1,1,1,0.202688",GT:PL,"1:255,78,0",YBR073W(+)
chrII,389421,.,GCTCTCT,GCTCT,217.469,.,"INDEL;IDV=26;IMF=0.896552;DP=29;VDB=0.249227;SGB=-0.693021;MQSB=0.802118;MQ0F=0;AF1=1;AC1=1;DP4=2,0,23,4;MQ=39;FQ=-999;PV4=1,1,1,1",GT:PL,"1:255,37,0",N/A
chrII,746362,.,CATCTGCAATCTGCAATCT,CATCTGCAATCT,132.468,.,"INDEL;IDV=30;IMF=0.625;DP=48;VDB=0.463941;SGB=-0.693144;MQSB=0.962458;MQ0F=0;AF1=0.5;AC1=1;DP4=8,1,32,7;MQ=39;FQ=-999;PV4=1,1,0.0217885,1",GT:PL,"1:255,0,85",YBR272C(-)
chrIII,84421,.,G,A,128.006,.,"DP=18;VDB=0.00281728;SGB=-0.651104;RPB=0.161524;MQB=0.00524752;MQSB=0.579578;BQB=0.898397;MQ0F=0;AF1=1;AC1=1;DP4=4,3,7,1;MQ=31;FQ=-999;PV4=0.282051,0.0745543,1,0.159218",GT:PL,"1:158,0",N/A
chrIII,84780,.,A,T,77.0053,.,"DP=4;VDB=0.0550934;SGB=-0.556411;MQ0F=0;AF1=1;AC1=1;DP4=0,0,0,4;MQ=42;FQ=-999",GT:PL,"1:107,0",N/A
chrIII,143131,.,T,C,225.007,.,"DP=32;VDB=0.803712;SGB=-0.693021;MQSB=1;MQ0F=0;AF1=1;AC1=1;DP4=0,0,21,6;MQ=42;FQ=-999",GT:PL,"1:255,0",N/A
chrIII,151554,.,TA,TAA,4.41606,.,"INDEL;IDV=1;IMF=1;DP=1;SGB=-0.379885;MQ0F=0;AF1=1;AC1=1;DP4=0,0,1,0;MQ=42;FQ=-999",GT:PL,"1:40,3,0",N/A
chrIII,151628,.,A,T,119.006,.,"DP=15;VDB=0.000184727;SGB=-0.676189;RPB=0.996974;MQB=0.0368832;BQB=0.599223;MQ0F=0;AF1=1;AC1=1;DP4=3,0,11,0;MQ=32;FQ=-999;PV4=1,0.0229558,1,0.430472",GT:PL,"1:149,0",YCR018C-A(-)
chrIII,151645,.,G,A,71.0052,.,"DP=14;VDB=0.00254716;SGB=-0.636426;RPB=0.733186;MQB=0.0916482;BQB=0.274945;MQ0F=0;AF1=1;AC1=1;DP4=3,0,7,0;MQ=30;FQ=-999;PV4=1,0.0404077,1,1",GT:PL,"1:101,0",YCR018C-A(-)
chrIII,151646,.,T,C,90.0055,.,"DP=12;VDB=0.00254716;SGB=-0.636426;RPB=0.733186;MQB=0.0916482;MQSB=1;BQB=0.916482;MQ0F=0;AF1=1;AC1=1;DP4=2,1,7,0;MQ=30;FQ=-999;PV4=0.3,0.365601,1,1",GT:PL,"1:120,0",YCR018C-A(-)
chrIII,162361,.,T,C,210.007,.,"DP=41;VDB=0.380758;SGB=-0.693145;MQSB=1;MQ0F=0;AF1=1;AC1=1;DP4=0,0,1,39;MQ=42;FQ=-999",GT:PL,"1:240,0",N/A
chrIII,162396,.,G,C,225.007,.,"DP=33;VDB=0.222965;SGB=-0.69311;MQSB=0.983828;MQ0F=0;AF1=1;AC1=1;DP4=0,0,8,23;MQ=42;FQ=-999",GT:PL,"1:255,0",N/A
chrIII,162640,.,T,G,192.007,.,"DP=25;VDB=4.73664e-05;SGB=-0.692831;MQSB=1;MQ0F=0;AF1=1;AC1=1;DP4=0,0,23,1;MQ=41;FQ=-999",GT:PL,"1:222,0",YCR024C-B(-)
chrIII,162694,.,G,A,225.007,.,"DP=16;VDB=0.00209892;SGB=-0.689466;MQSB=0.851779;MQ0F=0;AF1=1;AC1=1;DP4=0,0,11,5;MQ=42;FQ=-999",GT:PL,"1:255,0",YCR024C-B(-)
chrIII,162712,.,TAAAAAAAAAA,TAAAAAAAAA,33.4683,.,"INDEL;IDV=19;IMF=1;DP=19;VDB=0.0998288;SGB=-0.69168;MQSB=0.870697;MQ0F=0;AF1=1;AC1=1;DP4=0,0,13,6;MQ=42;FQ=-999",GT:PL,"1:71,57,0",YCR024C-B(-)
chrIII,163059,.,T,C,225.007,.,"DP=31;VDB=0.710433;SGB=-0.69311;MQSB=0.699673;MQ0F=0;AF1=1;AC1=1;DP4=0,0,10,21;MQ=41;FQ=-999",GT:PL,"1:255,0",YCR024C-A(-)
chrIII,199081,.,G,A,158.006,.,"DP=66;VDB=0.911848;SGB=-0.693146;RPB=0.940361;MQB=1.50003e-05;MQSB=2.11231e-06;BQB=0.758534;MQ0F=0;AF1=1;AC1=1;DP4=16,5,14,30;MQ=24;FQ=-999;PV4=0.00122461,1,1,0.340296",GT:PL,"1:188,0",YCR038C(-)
chrIV,130,.,CACA,C,5.79377,.,"INDEL;IDV=9;IMF=0.529412;DP=17;VDB=0.461241;SGB=-0.651104;MQSB=1;MQ0F=0;AF1=0.5001;AC1=1;DP4=8,1,8,0;MQ=23;FQ=-999;PV4=1,1,1,0.0024265",GT:PL,"1:76,0,34",N/A
chrIV,403511,.,GTTTTTTTTT,GTTTTTTTTTT,23.4858,.,"INDEL;IDV=18;IMF=0.75;DP=24;VDB=0.228048;SGB=-0.69168;MQSB=0.96464;MQ0F=0;AF1=1;AC1=1;DP4=2,3,7,12;MQ=42;FQ=-999;PV4=1,1,0.309425,1",GT:PL,"1:61,0",N/A
chrIV,736999,.,T,A,225.007,.,"DP=53;VDB=0.818529;SGB=-0.693147;MQSB=1;MQ0F=0;AF1=1;AC1=1;DP4=0,0,27,20;MQ=42;FQ=-999",GT:PL,"1:255,0",YDR141C(-)
chrIV,757631,.,G,"C,T",147.006,.,"DP=136;VDB=1.62647e-05;SGB=-0.693147;RPB=1;MQB=1;MQSB=0.72141;BQB=1;MQ0F=0.0147059;AF1=1;AC1=1;DP4=0,1,65,70;MQ=18;FQ=-999;PV4=1,1,1,1",GT:PL,"1:179,2,118",YDR150W(+)
chrIV,758310,.,T,C,87.0054,.,"DP=73;VDB=3.21437e-05;SGB=-0.693147;MQSB=0.638263;MQ0F=0;AF1=1;AC1=1;DP4=0,0,12,54;MQ=12;FQ=-999",GT:PL,"1:117,0",YDR150W(+)
chrIV,769328,.,G,A,225.007,.,"DP=37;VDB=0.0381252;SGB=-0.693136;MQSB=0.939413;MQ0F=0;AF1=1;AC1=1;DP4=0,0,14,21;MQ=42;FQ=-999",GT:PL,"1:255,0",N/A
chrIV,783598,.,G,A,225.007,.,"DP=79;VDB=0.025982;SGB=-0.693147;MQSB=1;MQ0F=0;AF1=1;AC1=1;DP4=0,0,34,43;MQ=42;FQ=-999",GT:PL,"1:255,0",YDR164C(-)
chrIV,817531,.,TAAAAAAAAAA,TAAAAAAAAAAA,16.5631,.,"INDEL;IDV=32;IMF=0.727273;DP=44;VDB=0.00379534;SGB=-0.693132;MQSB=1;MQ0F=0;AF1=1;AC1=1;DP4=0,10,4,30;MQ=42;FQ=-999;PV4=0.559193,1,1,1",GT:PL,"1:54,32,0",N/A
chrIV,864219,.,A,G,225.007,.,"DP=46;VDB=0.0111525;SGB=-0.693147;MQSB=1;MQ0F=0;AF1=1;AC1=1;DP4=0,0,21,25;MQ=42;FQ=-999",GT:PL,"1:255,0",YDR206W(+)
chrIV,880697,.,A,G,5.45858,.,"DP=72;VDB=0.00519526;SGB=-0.693054;RPB=0.194276;MQB=1.62152e-11;MQSB=2.73857e-10;BQB=0.835563;MQ0F=0;AF1=1;AC1=1;DP4=1,41,26,2;MQ=9;FQ=-999;PV4=8.73435e-16,1,1,0.207784",GT:PL,"1:34,0",YDR210C-D(-)
chrIV,987244,.,G,A,200.007,.,"DP=25;VDB=0.0193221;SGB=-0.683931;RPB=0.611214;MQB=0.000296045;MQSB=0.211072;BQB=0.792397;MQ0F=0;AF1=1;AC1=1;DP4=9,1,5,8;MQ=30;FQ=-999;PV4=0.028806,0.0417455,1,1",GT:PL,"1:230,0",N/A
chrIV,1150910,.,AGG,AGGG,217.469,.,"INDEL;IDV=16;IMF=0.842105;DP=19;VDB=0.696084;SGB=-0.690438;MQSB=0.898397;MQ0F=0;AF1=1;AC1=1;DP4=0,2,5,12;MQ=41;FQ=-999;PV4=1,1,1,1",GT:PL,"1:255,13,0",YDR340W(+)
chrIV,1185130,.,C,A,225.007,.,"DP=73;VDB=0.604672;SGB=-0.693147;MQSB=0.999891;MQ0F=0;AF1=1;AC1=1;DP4=0,0,31,29;MQ=42;FQ=-999",GT:PL,"1:255,0",YDR354W(+)
chrIV,1253397,.,T,C,225.007,.,"DP=46;VDB=0.376591;SGB=-0.693146;MQSB=0.96415;MQ0F=0;AF1=1;AC1=1;DP4=0,0,23,21;MQ=42;FQ=-999",GT:PL,"1:255,0",YDR389W(+)
chrIV,1305680,.,TGG,TG,203.469,.,"INDEL;IDV=13;IMF=1;DP=13;VDB=0.526917;SGB=-0.683931;MQSB=1;MQ0F=0;AF1=1;AC1=1;DP4=0,0,10,3;MQ=42;FQ=-999",GT:PL,"1:241,39,0",N/A
chrIV,1402305,.,C,T,225.007,.,"DP=36;VDB=0.00375622;SGB=-0.693136;MQSB=0.945959;MQ0F=0;AF1=1;AC1=1;DP4=0,0,15,20;MQ=42;FQ=-999",GT:PL,"1:255,0",YDR471W(+)
chrIV,1433710,.,A,T,225.007,.,"DP=27;VDB=0.338612;SGB=-0.692914;MQSB=1;MQ0F=0;AF1=1;AC1=1;DP4=0,0,15,10;MQ=42;FQ=-999",GT:PL,"1:255,0",YDR490C(-)
chrIV,1524974,.,A,G,190.007,.,"DP=57;VDB=0.994498;SGB=-0.693147;MQSB=0.9711;MQ0F=0;AF1=1;AC1=1;DP4=0,0,16,37;MQ=22;FQ=-999",GT:PL,"1:220,0",N/A
chrIV,1525313,.,T,G,87.0054,.,"DP=32;VDB=0.000370292;SGB=-0.69311;RPB=1;MQB=1;MQSB=1;BQB=1;MQ0F=0;AF1=1;AC1=1;DP4=0,1,1,30;MQ=19;FQ=-999;PV4=1,1,0.000838703,1",GT:PL,"1:117,0",YDR544C(-)
chrIV,1525335,.,C,G,68.0052,.,"DP=24;VDB=2.52366e-08;SGB=-0.692717;MQ0F=0;AF1=1;AC1=1;DP4=0,0,0,23;MQ=17;FQ=-999",GT:PL,"1:98,0",YDR544C(-)
chrIV,1525340,.,C,A,68.0052,.,"DP=23;VDB=3.6646e-08;SGB=-0.692717;MQ0F=0;AF1=1;AC1=1;DP4=0,0,0,23;MQ=17;FQ=-999",GT:PL,"1:98,0",YDR544C(-)
chrIV,1525345,.,C,G,64.0052,.,"DP=21;VDB=4.53903e-07;SGB=-0.691153;MQ0F=0;AF1=1;AC1=1;DP4=0,0,0,18;MQ=17;FQ=-999",GT:PL,"1:94,0",YDR544C(-)
chrIV,1525351,.,C,G,49.005,.,"DP=13;VDB=3.28613e-06;SGB=-0.676189;MQ0F=0;AF1=1;AC1=1;DP4=0,0,0,11;MQ=16;FQ=-999",GT:PL,"1:79,0",YDR544C(-)
chrIV,1525357,.,C,G,28.0116,.,"DP=9;VDB=0.0221621;SGB=-0.511536;MQ0F=0;AF1=1;AC1=1;DP4=0,0,0,3;MQ=23;FQ=-999",GT:PL,"1:58,0",YDR544C(-)
chrIV,1525363,.,C,G,7.79382,.,"DP=3;VDB=0.0221621;SGB=-0.511536;MQ0F=0;AF1=1;AC1=1;DP4=0,0,0,3;MQ=23;FQ=-999",GT:PL,"1:37,0",YDR544C(-)
chrV,5109,.,TTG,TTGGTATG,6.55188,.,"INDEL;IDV=13;IMF=0.146067;DP=89;VDB=0.456808;SGB=-0.691153;MQSB=0.00101763;MQ0F=0.0786517;AF1=0.502512;AC1=1;DP4=30,41,18,0;MQ=19;FQ=-999;PV4=4.87776e-06,1,1,5.66789e-08",GT:PL,"1:63,0,20","YEL076C-A(-),YEL076C(-),YEL075W-A(+)"
chrV,5494,.,C,T,27.0133,.,"DP=127;VDB=2.03215e-19;SGB=-0.693147;RPB=9.86361e-05;MQB=3.07959e-05;MQSB=0.00833952;BQB=0.983874;MQ0F=0.0551181;AF1=0.5;AC1=1;DP4=10,42,0,73;MQ=30;FQ=-999;PV4=8.91937e-05,0.342033,1,1",GT:PL,"1:151,94",YEL075C(-)
chrV,31696,.,ATG,A,104.467,.,"INDEL;IDV=3;IMF=0.428571;DP=7;VDB=0.000176421;SGB=-0.616816;MQ0F=0;AF1=1;AC1=1;DP4=0,1,0,6;MQ=38;FQ=-999;PV4=1,1,1,0.0758806",GT:PL,"1:142,10,0",YEL063C(-)
chrV,48384,.,T,C,225.007,.,"DP=39;VDB=0.356457;SGB=-0.69312;MQSB=1;MQ0F=0;AF1=1;AC1=1;DP4=0,0,19,13;MQ=42;FQ=-999",GT:PL,"1:255,0",N/A
chrV,115946,.,G,C,4.12714,.,"DP=27;VDB=0.06;SGB=-0.453602;MQ0F=0;AF1=1;AC1=1;DP4=0,0,2,0;MQ=23;FQ=-999",GT:PL,"1:32,0",N/A
chrV,115973,.,G,A,94.0055,.,"DP=47;VDB=1.75874e-05;SGB=-0.670168;MQ0F=0;AF1=1;AC1=1;DP4=0,0,10,0;MQ=40;FQ=-999",GT:PL,"1:124,0",N/A
chrV,115989,.,C,T,150.006,.,"DP=52;VDB=1.01676e-07;SGB=-0.693147;MQ0F=0;AF1=1;AC1=1;DP4=0,0,52,0;MQ=30;FQ=-999",GT:PL,"1:180,0",N/A
chrV,115997,.,T,C,147.006,.,"DP=61;VDB=0.013062;SGB=-0.693147;MQ0F=0;AF1=1;AC1=1;DP4=0,0,57,0;MQ=31;FQ=-999",GT:PL,"1:177,0",N/A
chrV,116028,.,G,A,225.007,.,"DP=95;VDB=0.0513784;SGB=-0.693147;MQSB=0.0137291;MQ0F=0;AF1=1;AC1=1;DP4=0,0,81,3;MQ=41;FQ=-999",GT:PL,"1:255,0",N/A
chrV,116086,.,G,A,225.007,.,"DP=250;VDB=1.1737e-06;SGB=-0.693147;MQ0F=0;AF1=1;AC1=1;DP4=0,0,242,0;MQ=42;FQ=-999",GT:PL,"1:255,0",N/A
chrV,116577,.,G,A,225.007,.,"DP=246;VDB=0.761623;SGB=-0.693147;MQSB=0.914069;MQ0F=0;AF1=1;AC1=1;DP4=0,0,123,115;MQ=42;FQ=-999",GT:PL,"1:255,0",YEL021W(+)
chrV,116644,.,G,T,225.007,.,"DP=242;VDB=0.537719;SGB=-0.693147;MQSB=0.212124;MQ0F=0;AF1=1;AC1=1;DP4=0,0,119,111;MQ=41;FQ=-999",GT:PL,"1:255,0",YEL021W(+)
chrV,116799,.,C,T,225.007,.,"DP=242;VDB=0.936839;SGB=-0.693147;MQSB=0.59959;MQ0F=0;AF1=1;AC1=1;DP4=0,0,40,196;MQ=42;FQ=-999",GT:PL,"1:255,0",YEL021W(+)
chrV,116838,.,C,G,225.007,.,"DP=249;VDB=0.719354;SGB=-0.693147;MQSB=0.364219;MQ0F=0;AF1=1;AC1=1;DP4=0,0,45,187;MQ=42;FQ=-999",GT:PL,"1:255,0",YEL021W(+)
chrV,117048,.,C,CTAT,27.4741,.,"INDEL;IDV=48;IMF=0.761905;DP=63;VDB=0.00498588;SGB=-0.693147;MQSB=0.978824;MQ0F=0;AF1=0.5;AC1=1;DP4=10,5,0,48;MQ=28;FQ=-999;PV4=2.34966e-08,1,0.0951587,0.216064",GT:PL,"1:154,89",N/A
chrV,154531,.,T,A,225.007,.,"DP=46;VDB=0.000550517;SGB=-0.693146;MQSB=0.965718;MQ0F=0;AF1=1;AC1=1;DP4=0,0,21,21;MQ=42;FQ=-999",GT:PL,"1:255,0",YER001W(+)
chrV,352394,.,A,G,225.007,.,"DP=40;VDB=0.357699;SGB=-0.693143;MQSB=1;MQ0F=0;AF1=1;AC1=1;DP4=0,0,18,20;MQ=42;FQ=-999",GT:PL,"1:255,0",YER096W(+)
chrV,517529,.,T,C,225.007,.,"DP=37;VDB=0.377578;SGB=-0.693139;MQSB=1;MQ0F=0;AF1=1;AC1=1;DP4=0,0,22,14;MQ=42;FQ=-999",GT:PL,"1:255,0",N/A
chrVI,1732,.,T,C,5.45858,.,"DP=122;VDB=0.555875;SGB=-0.693147;RPB=0.0131064;MQB=6.66698e-08;MQSB=4.2371e-09;BQB=0.842095;MQ0F=0;AF1=0.5;AC1=1;DP4=23,35,0,63;MQ=35;FQ=-999;PV4=2.64928e-09,0.0740279,1,1",GT:PL,"1:163,129",YFL066C(-)
chrVI,97864,.,CTTTTTTTTTT,"CTTTTTTTTTTTT,CTTTTTTTTTTTTT",57.4667,.,"INDEL;IDV=37;IMF=0.711538;DP=52;VDB=0.00295292;SGB=-0.693146;MQSB=0.978997;MQ0F=0;AF1=1;AC1=1;DP4=9,0,39,4;MQ=42;FQ=-999;PV4=1,1,1,1",GT:PL,"1:102,7,46",N/A
chrVI,270153,.,GGTGTGTG,GGTGTGTGTG,6.55188,.,"INDEL;IDV=4;IMF=0.444444;DP=9;VDB=7.8601e-05;SGB=-0.556411;MQ0F=0;AF1=0.5;AC1=1;DP4=0,5,0,4;MQ=40;FQ=-999;PV4=1,1,1,1",GT:PL,"1:104,0,61",N/A
chrVI,270155,.,TGTG,TGTGGGTG,76.4669,.,"INDEL;IDV=2;IMF=0.222222;DP=9;VDB=0.000140209;SGB=-0.616816;MQ0F=0;AF1=0.500397;AC1=1;DP4=0,3,0,6;MQ=40;FQ=-999;PV4=1,1,1,1",GT:PL,"1:142,0,28",N/A
chrVI,270157,.,TG,TGGGTGTGG,130.468,.,"INDEL;IDV=1;IMF=0.142857;DP=7;VDB=0.000355303;SGB=-0.636426;MQ0F=0;AF1=1;AC1=1;DP4=0,0,0,7;MQ=40;FQ=-999",GT:PL,"1:168,21,0",N/A
chrVII,9,.,ACAC,"ACACCAC,ACACCCACACCAC",18.5276,.,"INDEL;IDV=10;IMF=0.47619;DP=21;VDB=8.43247e-11;SGB=-0.636426;MQ0F=0.0952381;AF1=1;AC1=1;DP4=14,0,7,0;MQ=34;FQ=-999;PV4=1,1,0.337239,0.291275",GT:PL,"1:84,36,28,70,0,65",N/A
chrVII,214,.,ACC,ACCC,203.469,.,"INDEL;IDV=65;IMF=0.902778;DP=72;VDB=0.226823;SGB=-0.693147;MQSB=3.94855e-05;MQ0F=0.0138889;AF1=1;AC1=1;DP4=0,1,58,13;MQ=20;FQ=-999;PV4=0.194444,1,0.273109,0.199891",GT:PL,"1:241,192,0",N/A
chrVII,331955,.,C,G,225.007,.,"DP=57;VDB=1.41954e-09;SGB=-0.693147;MQSB=1;MQ0F=0;AF1=1;AC1=1;DP4=0,0,34,21;MQ=42;FQ=-999",GT:PL,"1:255,0",YGL094C(-)
chrVII,386978,.,C,G,212.007,.,"DP=51;VDB=0.000180829;SGB=-0.693146;MQSB=2.67003e-06;MQ0F=0;AF1=1;AC1=1;DP4=0,0,15,27;MQ=24;FQ=-999",GT:PL,"1:242,0",YGL062W(+)
chrVII,386979,.,G,C,205.007,.,"DP=50;VDB=0.00020248;SGB=-0.693146;MQSB=2.67003e-06;MQ0F=0;AF1=1;AC1=1;DP4=0,0,15,27;MQ=24;FQ=-999",GT:PL,"1:235,0",YGL062W(+)
chrVII,401674,.,C,A,225.007,.,"DP=26;VDB=0.238332;SGB=-0.692914;MQSB=0.0249144;MQ0F=0;AF1=1;AC1=1;DP4=0,0,9,16;MQ=37;FQ=-999",GT:PL,"1:255,0",N/A
chrVII,401698,.,T,A,225.007,.,"DP=27;VDB=0.542624;SGB=-0.692976;MQSB=0.096972;MQ0F=0;AF1=1;AC1=1;DP4=0,0,14,12;MQ=36;FQ=-999",GT:PL,"1:255,0",N/A
chrVII,404935,.,C,G,57.0051,.,"DP=12;VDB=0.316685;SGB=-0.680642;MQSB=0.331306;MQ0F=0;AF1=1;AC1=1;DP4=0,0,7,5;MQ=21;FQ=-999",GT:PL,"1:87,0",N/A
chrVII,404936,.,G,C,73.0053,.,"DP=13;VDB=0.309523;SGB=-0.680642;MQSB=0.331306;MQ0F=0;AF1=1;AC1=1;DP4=0,0,7,5;MQ=21;FQ=-999",GT:PL,"1:103,0",N/A
chrVII,405085,.,CGG,CG,177.468,.,"INDEL;IDV=24;IMF=1;DP=24;VDB=4.77427e-07;SGB=-0.692831;MQSB=0.0363254;MQ0F=0;AF1=1;AC1=1;DP4=0,0,21,3;MQ=37;FQ=-999",GT:PL,"1:215,72,0",N/A
chrVII,1006277,.,G,C,225.007,.,"DP=38;VDB=0.602143;SGB=-0.693127;MQSB=0.963903;MQ0F=0;AF1=1;AC1=1;DP4=0,0,18,15;MQ=42;FQ=-999",GT:PL,"1:255,0",YGR257C(-)
chrVII,1006278,.,C,G,225.007,.,"DP=38;VDB=0.600489;SGB=-0.693127;MQSB=0.963903;MQ0F=0;AF1=1;AC1=1;DP4=0,0,18,15;MQ=42;FQ=-999",GT:PL,"1:255,0",YGR257C(-)
chrVII,1006279,.,G,C,225.007,.,"DP=38;VDB=0.598832;SGB=-0.693127;MQSB=0.963903;MQ0F=0;AF1=1;AC1=1;DP4=0,0,18,15;MQ=42;FQ=-999",GT:PL,"1:255,0",YGR257C(-)
chrVIII,1569,.,G,A,225.007,.,"DP=238;VDB=0.814038;SGB=-0.693147;MQ0F=0.0336134;AF1=1;AC1=1;DP4=0,0,216,0;MQ=31;FQ=-999",GT:PL,"1:255,0",YHL050C(-)
chrVIII,1672,.,A,G,44.0051,.,"DP=247;VDB=0.0260738;SGB=-0.693147;RPB=0.833762;MQB=2.54503e-09;MQSB=7.57162e-12;BQB=0.00750431;MQ0F=0.0364372;AF1=0.501256;AC1=1;DP4=55,24,164,0;MQ=25;FQ=-999;PV4=1.26881e-13,0.000154035,1,0.172922",GT:PL,"1:97,23",YHL050C(-)
chrVIII,1846,.,A,G,24.0219,.,"DP=62;VDB=4.16157e-05;SGB=-0.693147;MQSB=0.957656;MQ0F=0.016129;AF1=1;AC1=1;DP4=0,0,7,54;MQ=7;FQ=-999",GT:PL,"1:54,0",YHL050C(-)
chrVIII,1997,.,T,C,142.006,.,"DP=251;VDB=4.14179e-15;SGB=-0.693147;RPB=0.622662;MQB=0.0506779;MQSB=0.0128482;BQB=0.407929;MQ0F=0;AF1=1;AC1=1;DP4=3,23,0,220;MQ=32;FQ=-999;PV4=0.0010608,1,1,1",GT:PL,"1:172,0",N/A
chrVIII,2068,.,A,T,100.006,.,"DP=249;VDB=1.13864e-25;SGB=-0.693147;RPB=0.887845;MQB=0.335696;MQSB=1;BQB=0.86935;MQ0F=0.0803213;AF1=1;AC1=1;DP4=1,34,0,209;MQ=27;FQ=-999;PV4=0.143443,0.322791,1,1",GT:PL,"1:130,0",N/A
chrVIII,4844,.,C,T,14.1739,.,"DP=3;VDB=0.529687;SGB=-0.511536;MQ0F=0;AF1=1;AC1=1;DP4=0,0,3,0;MQ=19;FQ=-999",GT:PL,"1:44,0",N/A
chrVIII,4856,.,G,A,13.2167,.,"DP=2;VDB=0.38;SGB=-0.453602;MQ0F=0;AF1=1;AC1=1;DP4=0,0,2,0;MQ=24;FQ=-999",GT:PL,"1:43,0",N/A
chrVIII,4858,.,T,G,13.2167,.,"DP=2;VDB=0.38;SGB=-0.453602;MQ0F=0;AF1=1;AC1=1;DP4=0,0,2,0;MQ=24;FQ=-999",GT:PL,"1:43,0",N/A
chrVIII,5232,.,C,T,14.1739,.,"DP=3;VDB=0.411594;SGB=-0.511536;MQ0F=0;AF1=1;AC1=1;DP4=0,0,0,3;MQ=19;FQ=-999",GT:PL,"1:44,0",N/A
chrVIII,5283,.,T,C,3.01251,.,"DP=2;VDB=0.84;SGB=-0.453602;MQ0F=0;AF1=1;AC1=1;DP4=0,0,0,2;MQ=18;FQ=-999",GT:PL,"1:30,0",N/A
chrVIII,5292,.,C,A,3.54149,.,"DP=3;VDB=0.909987;SGB=-0.511536;MQ0F=0.333333;AF1=1;AC1=1;DP4=0,0,0,3;MQ=15;FQ=-999",GT:PL,"1:31,0",N/A
chrVIII,5298,.,C,T,3.54149,.,"DP=3;VDB=0.901652;SGB=-0.511536;MQ0F=0.333333;AF1=1;AC1=1;DP4=0,0,0,3;MQ=15;FQ=-999",GT:PL,"1:31,0",N/A
chrVIII,5556,.,C,T,32.0075,.,"DP=6;VDB=0.709369;SGB=-0.590765;MQ0F=0.166667;AF1=1;AC1=1;DP4=0,0,5,0;MQ=22;FQ=-999",GT:PL,"1:62,0",N/A
chrVIII,5635,.,T,C,94.0055,.,"DP=19;VDB=0.187918;SGB=-0.689466;RPB=0.40657;MQB=0.535261;MQSB=1;BQB=0.993769;MQ0F=0;AF1=1;AC1=1;DP4=2,1,16,0;MQ=31;FQ=-999;PV4=0.157895,0.308461,1,1",GT:PL,"1:124,0",N/A
chrVIII,5700,.,A,G,6.19669,.,"DP=8;VDB=0.934787;SGB=-0.616816;RPB=0.0833333;MQB=0.333333;BQB=0.833333;MQ0F=0;AF1=0.501993;AC1=1;DP4=2,0,6,0;MQ=21;FQ=-999;PV4=1,0.440747,0.189782,1",GT:PL,"1:56,21",YHL048C-A(-)
chrVIII,5706,.,C,G,9.51895,.,"DP=7;VDB=0.925817;SGB=-0.590765;RPB=1;MQB=1;BQB=1;MQ0F=0;AF1=0.571808;AC1=1;DP4=1,0,5,0;MQ=22;FQ=-999;PV4=1,0.449061,0.330478,1",GT:PL,"1:45,6",YHL048C-A(-)
chrVIII,5709,.,C,G,30.0091,.,"DP=5;VDB=0.922588;SGB=-0.590765;MQ0F=0;AF1=1;AC1=1;DP4=0,0,5,0;MQ=21;FQ=-999",GT:PL,"1:60,0",YHL048C-A(-)
chrVIII,5717,.,T,C,17.0903,.,"DP=5;VDB=0.681436;SGB=-0.511536;MQ0F=0;AF1=1;AC1=1;DP4=0,0,3,0;MQ=20;FQ=-999",GT:PL,"1:47,0",YHL048C-A(-)
chrVIII,5724,.,C,T,17.0903,.,"DP=3;VDB=0.663511;SGB=-0.511536;MQ0F=0;AF1=1;AC1=1;DP4=0,0,3,0;MQ=20;FQ=-999",GT:PL,"1:47,0",YHL048C-A(-)
chrVIII,5759,.,G,A,77.0053,.,"DP=14;VDB=0.0416248;SGB=-0.683931;RPB=1;MQB=1;BQB=1;MQ0F=0.142857;AF1=1;AC1=1;DP4=1,0,13,0;MQ=21;FQ=-999;PV4=1,0.330509,1,0.285928",GT:PL,"1:107,0",YHL048C-A(-)
chrVIII,5775,.,G,C,75.0053,.,"DP=13;VDB=0.00169638;SGB=-0.670168;RPB=0.968368;MQB=0.040184;BQB=1;MQ0F=0.153846;AF1=1;AC1=1;DP4=3,0,10,0;MQ=21;FQ=-999;PV4=1,1,1,0.236854",GT:PL,"1:105,0",YHL048C-A(-)
chrVIII,5777,.,G,A,80.0054,.,"DP=14;VDB=8.94586e-05;SGB=-0.683931;MQ0F=0.142857;AF1=1;AC1=1;DP4=0,0,13,0;MQ=21;FQ=-999",GT:PL,"1:110,0",YHL048C-A(-)
chrVIII,5788,.,T,G,83.0054,.,"DP=15;VDB=0.0139969;SGB=-0.688148;MQ0F=0.133333;AF1=1;AC1=1;DP4=0,0,15,0;MQ=22;FQ=-999",GT:PL,"1:113,0",YHL048C-A(-)
chrVIII,5806,.,C,T,80.0054,.,"DP=17;VDB=0.476193;SGB=-0.688148;RPB=0.666667;MQB=0;BQB=0.666667;MQ0F=0.117647;AF1=1;AC1=1;DP4=2,0,15,0;MQ=21;FQ=-999;PV4=1,1,1,1",GT:PL,"1:110,0",N/A
chrVIII,5830,.,C,T,32.0075,.,"DP=5;VDB=0.150948;SGB=-0.590765;MQ0F=0;AF1=1;AC1=1;DP4=0,0,5,0;MQ=19;FQ=-999",GT:PL,"1:62,0",N/A
chrVIII,5837,.,A,C,12.27,.,"DP=4;VDB=0.0949329;SGB=-0.556411;MQ0F=0;AF1=1;AC1=1;DP4=0,0,4,0;MQ=17;FQ=-999",GT:PL,"1:42,0",N/A
chrVIII,5838,.,A,G,19.0589,.,"DP=4;VDB=0.0949329;SGB=-0.556411;MQ0F=0;AF1=1;AC1=1;DP4=0,0,4,0;MQ=17;FQ=-999",GT:PL,"1:49,0",N/A
chrVIII,6105,.,A,C,9.51895,.,"DP=7;VDB=0.148314;SGB=-0.590765;RPB=0.4;MQB=0.8;BQB=0.8;MQ0F=0;AF1=0.500997;AC1=1;DP4=0,2,0,5;MQ=26;FQ=-999;PV4=1,0.288066,1,1",GT:PL,"1:63,24",N/A
chrVIII,6125,.,C,T,49.005,.,"DP=7;VDB=0.958847;SGB=-0.636426;MQ0F=0;AF1=1;AC1=1;DP4=0,0,0,7;MQ=20;FQ=-999",GT:PL,"1:79,0",N/A
chrVIII,6252,.,T,G,49.005,.,"DP=9;VDB=0.038698;SGB=-0.651104;RPB=1;MQB=1;MQSB=0.809011;BQB=1;MQ0F=0;AF1=1;AC1=1;DP4=0,1,3,5;MQ=15;FQ=-999;PV4=1,0.374322,1,0.221149",GT:PL,"1:79,0",N/A
chrVIII,6396,.,CGA,C,10.8397,.,"INDEL;IDV=11;IMF=0.647059;DP=17;VDB=0.0012617;SGB=-0.670168;MQSB=0.00408677;MQ0F=0;AF1=1;AC1=1;DP4=1,6,10,0;MQ=11;FQ=-999;PV4=0.000565611,0.277645,1,0.0080011",GT:PL,"1:48,6,0",N/A
chrVIII,85508,.,TTATATATAT,TTATATAT,62.4668,.,"INDEL;IDV=12;IMF=0.413793;DP=29;VDB=0.199784;SGB=-0.689466;MQSB=0.987702;MQ0F=0;AF1=0.5;AC1=1;DP4=2,11,9,7;MQ=41;FQ=-999;PV4=0.0523731,1,1,1",GT:PL,"1:255,0,155",N/A
chrVIII,216123,.,C,T,99.0056,.,"DP=71;VDB=0.987708;SGB=-0.692352;RPB=0.747707;MQB=2.73179e-09;MQSB=2.47645e-07;BQB=0.622285;MQ0F=0;AF1=1;AC1=1;DP4=5,44,20,1;MQ=22;FQ=-999;PV4=6.23574e-12,1,1,1",GT:PL,"1:129,0",YHR056C(-)
chrVIII,417054,.,G,A,225.007,.,"DP=42;VDB=0.00411496;SGB=-0.693145;MQSB=1;MQ0F=0;AF1=1;AC1=1;DP4=0,0,18,23;MQ=42;FQ=-999",GT:PL,"1:255,0",YHR158C(-)
chrVIII,499958,.,C,T,225.007,.,"DP=74;VDB=0.0654742;SGB=-0.693147;MQSB=1;MQ0F=0;AF1=1;AC1=1;DP4=0,0,66,5;MQ=42;FQ=-999",GT:PL,"1:255,0",YHR201C(-)
chrVIII,511255,.,C,T,225.007,.,"DP=67;VDB=0.151867;SGB=-0.693147;MQSB=0.978923;MQ0F=0;AF1=1;AC1=1;DP4=0,0,12,52;MQ=42;FQ=-999",GT:PL,"1:255,0",YHR205W(+)
chrVIII,524447,.,C,G,225.007,.,"DP=35;VDB=0.737658;SGB=-0.693136;MQSB=1;MQ0F=0;AF1=1;AC1=1;DP4=0,0,19,16;MQ=42;FQ=-999",GT:PL,"1:255,0",N/A
chrIX,23185,.,CG,CGG,6.55188,.,"INDEL;IDV=27;IMF=0.9;DP=30;VDB=0.833544;SGB=-0.693079;MQSB=0.2525;MQ0F=0;AF1=1;AC1=1;DP4=1,0,26,3;MQ=8;FQ=-999;PV4=1,1,1,1",GT:PL,"1:43,76,0",YIL169C(-)
chrIX,23282,.,TCC,TC,8.18204,.,"INDEL;IDV=30;IMF=0.857143;DP=35;VDB=0.665399;SGB=-0.692914;MQ0F=0.0285714;AF1=0.5;AC1=1;DP4=10,0,25,0;MQ=30;FQ=-999;PV4=1,1,1,0.138799",GT:PL,"1:104,0,59",YIL169C(-)
chrIX,105433,.,AAATAATAAT,AAATAATAATAAT,65.4668,.,"INDEL;IDV=5;IMF=0.333333;DP=15;VDB=0.660271;SGB=-0.590765;MQSB=0.954207;MQ0F=0;AF1=0.500397;AC1=1;DP4=6,4,4,1;MQ=42;FQ=-999;PV4=0.6004,1,0.0824117,1",GT:PL,"1:131,0,28",YIL130W(+)
chrIX,318694,.,T,A,225.007,.,"DP=37;VDB=0.0124811;SGB=-0.693139;MQSB=0.96027;MQ0F=0;AF1=1;AC1=1;DP4=0,0,18,18;MQ=42;FQ=-999",GT:PL,"1:255,0",YIL017C(-)
chrX,97478,.,G,A,225.007,.,"DP=62;VDB=2.55299e-05;SGB=-0.693147;MQSB=1;MQ0F=0;AF1=1;AC1=1;DP4=0,0,32,30;MQ=42;FQ=-999",GT:PL,"1:255,0",N/A
chrX,100335,.,C,T,225.007,.,"DP=67;VDB=0.0401755;SGB=-0.693147;MQSB=0.982211;MQ0F=0;AF1=1;AC1=1;DP4=0,0,28,36;MQ=42;FQ=-999",GT:PL,"1:255,0",YJL171C(-)
chrX,199170,.,A,C,14.1739,.,"DP=14;VDB=0.881642;SGB=-0.686358;MQSB=0.916667;MQ0F=0;AF1=1;AC1=1;DP4=0,0,2,12;MQ=7;FQ=-999",GT:PL,"1:44,0",YJL113W(+)
chrX,200219,.,A,G,9.51895,.,"DP=20;VDB=0.568203;SGB=-0.691153;MQSB=0.936488;MQ0F=0;AF1=1;AC1=1;DP4=0,0,7,11;MQ=5;FQ=-999",GT:PL,"1:39,0",YJL113W(+)
chrX,278977,.,CAGAGAG,CAGAG,217.469,.,"INDEL;IDV=29;IMF=0.805556;DP=36;VDB=0.771334;SGB=-0.693079;MQSB=1;MQ0F=0;AF1=1;AC1=1;DP4=3,4,15,14;MQ=42;FQ=-999;PV4=1,1,1,1",GT:PL,"1:255,13,0",YJL083W(+)
chrX,470130,.,GTAATAATAATAATAATAATAATAATAATAATAATAATAATAATAATAATA,GTAATAATAATAATAATAATAATAATAATAATAATAATAATAATAATA,5.79377,.,"INDEL;IDV=11;IMF=0.268293;DP=41;VDB=0.999982;SGB=-0.69168;MQSB=0.940093;MQ0F=0;AF1=0.5;AC1=1;DP4=1,21,3,16;MQ=41;FQ=-999;PV4=0.321013,1,1,1",GT:PL,"1:227,185",YJR023C(-)
chrXI,457,.,CG,CAG,217.469,.,"INDEL;IDV=107;IMF=0.972727;DP=110;VDB=0.0180069;SGB=-0.693147;MQSB=0.0234267;MQ0F=0.0454545;AF1=1;AC1=1;DP4=12,2,71,25;MQ=22;FQ=-999;PV4=0.510636,1,1,0.164943",GT:PL,"1:255,138,0",YKL225W(+)
chrXI,451568,.,GGAACACGAACACGAACA,GGAACACGAACA,170.468,.,"INDEL;IDV=28;IMF=0.756757;DP=37;VDB=0.31709;SGB=-0.69311;MQSB=0.0194866;MQ0F=0;AF1=0.500005;AC1=1;DP4=3,3,9,22;MQ=40;FQ=-999;PV4=0.366625,1,1,1",GT:PL,"1:255,0,47",YKR007W(+)
chrXI,666554,.,AGG,AG,207.469,.,"INDEL;IDV=1;IMF=0.0116279;DP=86;VDB=0.00265102;SGB=-0.693147;MQSB=0.0225631;MQ0F=0;AF1=1;AC1=1;DP4=0,4,3,79;MQ=39;FQ=-999;PV4=1,1,1,1",GT:PL,"1:245,190,0",N/A
chrXI,666556,.,GT,G,212.469,.,"INDEL;IDV=76;IMF=0.863636;DP=88;VDB=0.0041296;SGB=-0.693147;MQSB=0.0222146;MQ0F=0;AF1=1;AC1=1;DP4=0,5,3,80;MQ=39;FQ=-999;PV4=1,1,1,1",GT:PL,"1:250,189,0",N/A
chrXI,666557,.,TG,T,215.469,.,"INDEL;IDV=5;IMF=0.0568182;DP=88;VDB=0.00431482;SGB=-0.693147;MQSB=0.0222146;MQ0F=0;AF1=1;AC1=1;DP4=0,5,3,80;MQ=39;FQ=-999;PV4=1,1,1,1",GT:PL,"1:253,189,0",N/A
chrXII,590,.,ATG,ATGTACAGTG,20.5051,.,"INDEL;IDV=5;IMF=0.0609756;DP=82;VDB=0.821331;SGB=-0.693147;MQ0F=0;AF1=0.5;AC1=1;DP4=31,0,51,0;MQ=32;FQ=-999;PV4=1,1,1,1",GT:PL,"1:176,0,118",YLL067C(-)
chrXII,591,.,TGG,TGTACAGCGG,41.4668,.,"INDEL;IDV=62;IMF=0.765432;DP=81;VDB=0.715542;SGB=-0.693147;MQ0F=0;AF1=0.5;AC1=1;DP4=19,0,62,0;MQ=32;FQ=-999;PV4=1,1,0.458688,1",GT:PL,"1:144,0,65",YLL067C(-)
chrXII,187137,.,ATTT,ATT,217.469,.,"INDEL;IDV=26;IMF=0.8125;DP=32;VDB=0.897638;SGB=-0.693079;MQSB=1;MQ0F=0;AF1=1;AC1=1;DP4=0,3,19,10;MQ=42;FQ=-999;PV4=0.0576613,1,1,1",GT:PL,"1:255,10,0",N/A
chrXII,220717,.,G,A,52.005,.,"DP=4;VDB=0.43429;SGB=-0.556411;MQSB=1;MQ0F=0.25;AF1=1;AC1=1;DP4=0,0,3,1;MQ=36;FQ=-999",GT:PL,"1:82,0",N/A
chrXII,291384,.,A,G,225.007,.,"DP=54;VDB=0.899883;SGB=-0.693147;MQSB=0.918969;MQ0F=0;AF1=1;AC1=1;DP4=0,0,19,29;MQ=42;FQ=-999",GT:PL,"1:255,0",YLR081W(+)
chrXII,291386,.,A,G,225.007,.,"DP=50;VDB=0.797389;SGB=-0.693147;MQSB=0.93529;MQ0F=0;AF1=1;AC1=1;DP4=0,0,20,27;MQ=42;FQ=-999",GT:PL,"1:255,0",YLR081W(+)
chrXII,468701,.,T,C,34.0065,.,"DP=247;VDB=0.868329;SGB=-0.690438;RPB=0.636093;MQB=1.02667e-08;MQSB=0.181565;BQB=0.772852;MQ0F=0;AF1=1;AC1=1;DP4=94,133,15,2;MQ=10;FQ=-999;PV4=0.000190111,0.272314,1,0.487027",GT:PL,"1:64,0",N/A
chrXII,528749,.,T,A,225.007,.,"DP=91;VDB=0.126339;SGB=-0.693147;MQSB=1;MQ0F=0;AF1=1;AC1=1;DP4=0,0,47,43;MQ=42;FQ=-999",GT:PL,"1:255,0",YLR188W(+)
chrXII,725936,.,G,A,225.007,.,"DP=88;VDB=0.00988623;SGB=-0.693147;MQSB=0.995851;MQ0F=0;AF1=1;AC1=1;DP4=0,0,82,5;MQ=42;FQ=-999",GT:PL,"1:255,0",N/A
chrXII,734703,.,T,A,114.006,.,"DP=7;VDB=0.00026529;SGB=-0.636426;MQ0F=0;AF1=1;AC1=1;DP4=0,0,7,0;MQ=42;FQ=-999",GT:PL,"1:144,0",N/A
chrXII,757588,.,T,G,3.01251,.,"DP=14;VDB=0.00147557;SGB=-0.662043;RPB=0.857404;MQB=0.382304;MQSB=0.1;BQB=0.898672;MQ0F=0;AF1=0.50005;AC1=1;DP4=1,2,9,0;MQ=29;FQ=-999;PV4=0.0454545,0.27799,0.0303733,1",GT:PL,"1:67,37",YLR311C(-)
chrXII,784382,.,GCC,GCCC,217.469,.,"INDEL;IDV=57;IMF=0.966102;DP=59;VDB=0.939808;SGB=-0.693147;MQSB=0.99491;MQ0F=0;AF1=1;AC1=1;DP4=0,1,36,22;MQ=42;FQ=-999;PV4=0.38983,1,0.42665,1",GT:PL,"1:255,146,0",N/A
chrXII,818465,.,A,ATTT,7.34966,.,"INDEL;IDV=5;IMF=0.555556;DP=9;VDB=0.0404287;SGB=-0.511536;MQSB=1;MQ0F=0;AF1=0.501994;AC1=1;DP4=5,1,3,0;MQ=28;FQ=-999;PV4=1,1,1,0.0725289",GT:PL,"1:65,0,21",N/A
chrXII,828903,.,C,T,225.007,.,"DP=41;VDB=0.0427674;SGB=-0.693145;MQSB=0.501629;MQ0F=0;AF1=1;AC1=1;DP4=0,0,33,7;MQ=42;FQ=-999",GT:PL,"1:255,0",YLR350W(+)
chrXII,1039435,.,T,A,225.007,.,"DP=47;VDB=0.00255898;SGB=-0.693146;MQSB=1;MQ0F=0;AF1=1;AC1=1;DP4=0,0,32,10;MQ=42;FQ=-999",GT:PL,"1:255,0",YLR452C(-)
chrXII,1065039,.,T,G,188.007,.,"DP=37;VDB=0.0133465;SGB=-0.693097;RPB=0.0188623;MQB=0.0224587;MQSB=0.0683188;BQB=0.567414;MQ0F=0.027027;AF1=1;AC1=1;DP4=2,1,2,28;MQ=39;FQ=-999;PV4=0.0326246,1,1,1",GT:PL,"1:218,0",N/A
chrXII,1066742,.,A,G,79.0053,.,"DP=93;VDB=0.115771;SGB=-0.693146;RPB=0.989244;MQB=0.268484;MQSB=0.0189801;BQB=0.399098;MQ0F=0.0430108;AF1=0.667194;AC1=1;DP4=23,25,14,29;MQ=16;FQ=-999;PV4=0.199438,1,1,1",GT:PL,"1:112,3","YLR463C(-),YLR464W(+)"
chrXIII,34473,.,T,G,225.007,.,"DP=74;VDB=0.232875;SGB=-0.693147;MQSB=1;MQ0F=0;AF1=1;AC1=1;DP4=0,0,56,15;MQ=42;FQ=-999",GT:PL,"1:255,0",YML117W(+)
chrXIII,325905,.,T,A,225.007,.,"DP=60;VDB=0.687836;SGB=-0.693147;MQSB=0.985486;MQ0F=0;AF1=1;AC1=1;DP4=0,0,36,20;MQ=42;FQ=-999",GT:PL,"1:255,0",YMR027W(+)
chrXIII,448333,.,G,A,225.007,.,"DP=75;VDB=0.000748307;SGB=-0.693147;MQSB=0.980549;MQ0F=0;AF1=1;AC1=1;DP4=0,0,36,33;MQ=42;FQ=-999",GT:PL,"1:255,0",N/A
chrXIII,448334,.,A,G,225.007,.,"DP=73;VDB=0.000758138;SGB=-0.693147;MQSB=0.980549;MQ0F=0;AF1=1;AC1=1;DP4=0,0,36,33;MQ=42;FQ=-999",GT:PL,"1:255,0",N/A
chrXIII,630505,.,A,G,225.007,.,"DP=43;VDB=0.206548;SGB=-0.693141;MQSB=1;MQ0F=0;AF1=1;AC1=1;DP4=0,0,30,7;MQ=42;FQ=-999",GT:PL,"1:255,0",YMR185W(+)
chrXIII,672129,.,T,C,225.007,.,"DP=29;VDB=0.887403;SGB=-0.692717;MQSB=1;MQ0F=0;AF1=1;AC1=1;DP4=0,0,13,10;MQ=42;FQ=-999",GT:PL,"1:255,0",YMR205C(-)
chrXIII,680936,.,T,C,225.007,.,"DP=45;VDB=0.305712;SGB=-0.693146;MQSB=1;MQ0F=0;AF1=1;AC1=1;DP4=0,0,15,27;MQ=42;FQ=-999",GT:PL,"1:255,0",YMR207C(-)
chrXIII,680940,.,C,T,225.007,.,"DP=45;VDB=0.328742;SGB=-0.693146;MQSB=1;MQ0F=0;AF1=1;AC1=1;DP4=0,0,15,27;MQ=42;FQ=-999",GT:PL,"1:255,0",YMR207C(-)
chrXIII,708291,.,T,C,225.007,.,"DP=58;VDB=0.024614;SGB=-0.693147;MQSB=1;MQ0F=0;AF1=1;AC1=1;DP4=0,0,9,44;MQ=42;FQ=-999",GT:PL,"1:255,0",YMR219W(+)
chrXIII,809198,.,A,G,225.007,.,"DP=64;VDB=0.0473657;SGB=-0.693147;MQSB=1;MQ0F=0;AF1=1;AC1=1;DP4=0,0,24,38;MQ=42;FQ=-999",GT:PL,"1:255,0",N/A
chrXIII,908177,.,A,G,70.0052,.,"DP=127;VDB=0.198181;SGB=-0.693147;RPB=0.454124;MQB=0.610053;MQSB=4.35195e-08;BQB=0.0089436;MQ0F=0.0708661;AF1=1;AC1=1;DP4=1,23,26,46;MQ=25;FQ=-999;PV4=0.00163626,1,0.0621443,0.264438",GT:PL,"1:100,0",YMR317W(+)
chrXIII,908196,.,G,C,17.0903,.,"DP=137;VDB=0.953023;SGB=-0.693147;RPB=0.702634;MQB=0.0190591;MQSB=1.16565e-06;BQB=4.80578e-07;MQ0F=0.080292;AF1=0.5;AC1=1;DP4=2,38,17,57;MQ=25;FQ=-999;PV4=0.0166624,1,8.64007e-05,0.195896",GT:PL,"1:115,68",YMR317W(+)
chrXIII,924341,.,G,T,108.006,.,"DP=28;VDB=0.246519;SGB=-0.688148;RPB=0.0596692;MQB=0.0782001;MQSB=0.940006;BQB=0.782349;MQ0F=0.142857;AF1=1;AC1=1;DP4=1,5,2,13;MQ=25;FQ=-999;PV4=1,1,1,0.322989",GT:PL,"1:138,0",N/A
chrXIV,6652,.,C,A,32.0075,.,"DP=11;VDB=0.557348;SGB=-0.590765;RPB=0.89338;MQB=0.487298;MQSB=0.89338;BQB=0.730948;MQ0F=0;AF1=0.829413;AC1=1;DP4=2,2,3,2;MQ=22;FQ=-999;PV4=1,1,1,0.487423",GT:PL,"1:63,1",YNL338W(+)
chrXIV,7478,.,A,AT,217.469,.,"INDEL;IDV=66;IMF=0.942857;DP=70;VDB=0.00352143;SGB=-0.693147;MQSB=0.549768;MQ0F=0;AF1=1;AC1=1;DP4=0,1,14,55;MQ=22;FQ=-999;PV4=1,1,1,1",GT:PL,"1:255,192,0",N/A
chrXIV,14333,.,GC,GCC,29.4712,.,"INDEL;IDV=36;IMF=0.972973;DP=37;VDB=0.0171905;SGB=-0.693141;MQ0F=0;AF1=1;AC1=1;DP4=0,0,0,37;MQ=16;FQ=-999",GT:PL,"1:67,111,0",N/A
chrXIV,140381,.,CATA,"CATAATAATA,CAACATAATAATA",78.467,.,"INDEL;IDV=4;IMF=0.571429;DP=7;VDB=0.000176421;SGB=-0.636426;MQ0F=0;AF1=1;AC1=1;DP4=0,0,7,0;MQ=37;FQ=-999",GT:PL,"1:139,38,23,114,0,108",YNL268W(+)
chrXIV,312328,.,AACGACGACG,AACGACG,217.469,.,"INDEL;IDV=41;IMF=0.836735;DP=49;VDB=0.162421;SGB=-0.693147;MQSB=0.990955;MQ0F=0;AF1=1;AC1=1;DP4=2,2,29,16;MQ=42;FQ=-999;PV4=0.618126,1,0.337316,1",GT:PL,"1:255,26,0",YNL172W(+)
chrXIV,377887,.,G,T,225.007,.,"DP=49;VDB=0.306625;SGB=-0.693147;MQSB=1;MQ0F=0;AF1=1;AC1=1;DP4=0,0,16,31;MQ=42;FQ=-999",GT:PL,"1:255,0",YNL132W(+)
chrXIV,439397,.,GTTTTTT,GTTTTTTT,114.467,.,"INDEL;IDV=35;IMF=0.921053;DP=38;VDB=0.000319521;SGB=-0.693136;MQSB=1;MQ0F=0;AF1=1;AC1=1;DP4=2,1,10,25;MQ=42;FQ=-999;PV4=0.229493,1,1,1",GT:PL,"1:152,62,0",N/A
chrXIV,471767,.,A,G,225.007,.,"DP=40;VDB=0.084174;SGB=-0.693144;MQSB=1;MQ0F=0;AF1=1;AC1=1;DP4=0,0,27,12;MQ=42;FQ=-999",GT:PL,"1:255,0",YNL083W(+)
chrXIV,522483,.,T,C,61.0051,.,"DP=241;VDB=0.999955;SGB=-0.693147;RPB=0.0140024;MQB=3.57972e-17;MQSB=1.47408e-06;BQB=0.0418039;MQ0F=0.00414938;AF1=0.5;AC1=1;DP4=18,70,0,149;MQ=35;FQ=-999;PV4=5.39464e-09,0.000699775,1,0.000344447",GT:PL,"1:186,95",YNL054W-B(+)
chrXV,2,.,CACC,CACCCACACC,11.7654,.,"INDEL;IDV=2;IMF=1;DP=2;VDB=0.02;SGB=-0.453602;MQ0F=0;AF1=1;AC1=1;DP4=0,0,2,0;MQ=29;FQ=-999",GT:PL,"1:49,6,0",N/A
chrXV,90,.,CCCAC,CC,186.468,.,"INDEL;IDV=48;IMF=0.813559;DP=59;VDB=0.682379;SGB=-0.693147;MQ0F=0.0677966;AF1=1;AC1=1;DP4=11,0,48,0;MQ=37;FQ=-999;PV4=1,1,1,1",GT:PL,"1:224,58,0",N/A
chrXV,92,.,CACA,C,104.467,.,"INDEL;IDV=1;IMF=0.0166667;DP=60;VDB=0.726649;SGB=-0.693145;MQ0F=0.0666667;AF1=1;AC1=1;DP4=20,0,40,0;MQ=37;FQ=-999;PV4=1,1,1,1",GT:PL,"1:142,23,0",N/A
chrXV,50002,.,C,T,225.007,.,"DP=37;VDB=0.621235;SGB=-0.693139;MQSB=0.89996;MQ0F=0;AF1=1;AC1=1;DP4=0,0,26,10;MQ=42;FQ=-999",GT:PL,"1:255,0",YOL145C(-)
chrXV,50010,.,A,T,225.007,.,"DP=33;VDB=0.723035;SGB=-0.69311;MQSB=0.851535;MQ0F=0;AF1=1;AC1=1;DP4=0,0,24,7;MQ=42;FQ=-999",GT:PL,"1:255,0",YOL145C(-)
chrXV,50012,.,C,T,225.007,.,"DP=32;VDB=0.747405;SGB=-0.69311;MQSB=0.851535;MQ0F=0;AF1=1;AC1=1;DP4=0,0,24,7;MQ=42;FQ=-999",GT:PL,"1:255,0",YOL145C(-)
chrXV,60240,.,C,T,133.006,.,"DP=21;VDB=0.588386;SGB=-0.676189;MQSB=0;MQ0F=0.047619;AF1=1;AC1=1;DP4=0,0,2,9;MQ=36;FQ=-999",GT:PL,"1:163,0",N/A
chrXV,79297,.,C,G,225.007,.,"DP=60;VDB=0.952267;SGB=-0.693147;MQSB=0.813601;MQ0F=0;AF1=1;AC1=1;DP4=0,0,25,30;MQ=41;FQ=-999",GT:PL,"1:255,0",YOL128C(-)
chrXV,79304,.,A,T,225.007,.,"DP=81;VDB=0.784912;SGB=-0.693147;MQSB=0.904255;MQ0F=0;AF1=1;AC1=1;DP4=0,0,23,30;MQ=41;FQ=-999",GT:PL,"1:255,0",YOL128C(-)
chrXV,79305,.,T,A,225.007,.,"DP=79;VDB=0.771549;SGB=-0.693147;MQSB=0.904255;MQ0F=0;AF1=1;AC1=1;DP4=0,0,23,30;MQ=41;FQ=-999",GT:PL,"1:255,0",YOL128C(-)
chrXV,138227,.,G,A,225.007,.,"DP=35;VDB=0.872519;SGB=-0.693079;MQSB=1;MQ0F=0;AF1=1;AC1=1;DP4=0,0,20,9;MQ=42;FQ=-999",GT:PL,"1:255,0",YOL096C(-)
chrXV,580195,.,G,A,225.007,.,"DP=34;VDB=0.0365897;SGB=-0.693127;MQSB=1;MQ0F=0;AF1=1;AC1=1;DP4=0,0,29,4;MQ=42;FQ=-999",GT:PL,"1:255,0",YOR135C(-)
chrXV,773264,.,G,C,225.007,.,"DP=41;VDB=0.0422569;SGB=-0.693145;MQSB=1;MQ0F=0;AF1=1;AC1=1;DP4=0,0,13,27;MQ=42;FQ=-999",GT:PL,"1:255,0","YOR231W(+),YOR231C-A(-)"
chrXV,951241,.,C,T,225.007,.,"DP=36;VDB=0.797176;SGB=-0.693132;MQSB=1;MQ0F=0;AF1=1;AC1=1;DP4=0,0,21,13;MQ=42;FQ=-999",GT:PL,"1:255,0",YOR336W(+)
chrXVI,191944,.,C,T,225.007,.,"DP=33;VDB=0.999999;SGB=-0.69311;MQSB=1;MQ0F=0;AF1=1;AC1=1;DP4=0,0,19,12;MQ=42;FQ=-999",GT:PL,"1:255,0",YPL188W(+)
chrXVI,481304,.,ATTTTTTTTTTTTT,ATTTTTTTTTTTT,13.6574,.,"INDEL;IDV=9;IMF=1;DP=9;VDB=0.00246589;SGB=-0.662043;MQSB=0.924584;MQ0F=0;AF1=1;AC1=1;DP4=0,0,3,6;MQ=42;FQ=-999",GT:PL,"1:51,27,0",N/A
chrXVI,667520,.,T,G,225.007,.,"DP=62;VDB=0.936236;SGB=-0.693147;MQSB=0.980924;MQ0F=0;AF1=1;AC1=1;DP4=0,0,25,33;MQ=42;FQ=-999",GT:PL,"1:255,0",N/A
chrXVI,677102,.,A,G,225.007,.,"DP=30;VDB=0.953199;SGB=-0.692914;MQSB=0.884621;MQ0F=0;AF1=1;AC1=1;DP4=0,0,8,17;MQ=41;FQ=-999",GT:PL,"1:255,0",N/A
chrXVI,759400,.,T,G,225.007,.,"DP=75;VDB=0.0361199;SGB=-0.693147;MQSB=0.967948;MQ0F=0;AF1=1;AC1=1;DP4=0,0,28,45;MQ=42;FQ=-999",GT:PL,"1:255,0",YPR116W(+)
chrXVI,890346,.,T,A,225.007,.,"DP=51;VDB=0.989657;SGB=-0.693147;MQSB=0.722092;MQ0F=0;AF1=1;AC1=1;DP4=0,0,22,26;MQ=42;FQ=-999",GT:PL,"1:255,0",YPR175W(+)
chrmt,2,.,TCATA,TCATATTCATA,51.4666,.,"INDEL;IDV=1;IMF=0.333333;DP=3;VDB=0.0249187;SGB=-0.511536;MQ0F=0;AF1=1;AC1=1;DP4=0,0,3,0;MQ=35;FQ=-999",GT:PL,"1:89,9,0",N/A
chrmt,3,.,CATA,CATATTCATA,75.4669,.,"INDEL;IDV=1;IMF=0.25;DP=4;VDB=0.0182837;SGB=-0.556411;MQ0F=0;AF1=1;AC1=1;DP4=0,0,4,0;MQ=37;FQ=-999",GT:PL,"1:113,12,0",N/A
chrmt,4,.,AT,ATCAT,4.41606,.,"INDEL;IDV=2;IMF=0.5;DP=4;VDB=0.0190094;SGB=-0.453602;MQ0F=0;AF1=0.501582;AC1=1;DP4=2,0,2,0;MQ=37;FQ=-999;PV4=1,1,1,0.0194628",GT:PL,"1:62,0,22",N/A
chrmt,13802,.,T,A,225.007,.,"DP=194;VDB=1.16978e-32;SGB=-0.693147;MQ0F=0;AF1=1;AC1=1;DP4=0,0,183,0;MQ=41;FQ=-999",GT:PL,"1:255,0",N/A
chrmt,20345,.,GAAA,GAA,217.469,.,"INDEL;IDV=214;IMF=0.938596;DP=228;VDB=0.299223;SGB=-0.693147;MQSB=0.0909289;MQ0F=0;AF1=1;AC1=1;DP4=8,12,107,101;MQ=41;FQ=-999;PV4=0.35808,1,1,1",GT:PL,"1:255,255,0",N/A
chrmt,20934,.,T,G,225.007,.,"DP=238;VDB=0.407957;SGB=-0.693147;MQSB=0.99574;MQ0F=0;AF1=1;AC1=1;DP4=0,0,101,112;MQ=42;FQ=-999",GT:PL,"1:255,0","Q0065(+),Q0070(+),Q0045(+)"
chrmt,27587,.,A,T,60.0051,.,"DP=3;VDB=0.0822145;SGB=-0.511536;MQ0F=0;AF1=1;AC1=1;DP4=0,0,3,0;MQ=42;FQ=-999",GT:PL,"1:90,0",N/A
chrmt,33618,.,T,TTC,217.469,.,"INDEL;IDV=56;IMF=0.918033;DP=61;VDB=0.983893;SGB=-0.693147;MQSB=0.0194878;MQ0F=0;AF1=1;AC1=1;DP4=0,5,9,47;MQ=41;FQ=-999;PV4=1,1,1,1",GT:PL,"1:255,116,0",N/A
chrmt,33743,.,T,A,225.007,.,"DP=146;VDB=3.81995e-05;SGB=-0.693147;RPB=1;MQB=1;MQSB=0.698022;BQB=1;MQ0F=0;AF1=1;AC1=1;DP4=1,0,115,4;MQ=40;FQ=-999;PV4=1,1,0.353631,1",GT:PL,"1:255,0",N/A
chrmt,39517,.,G,T,225.007,.,"DP=42;VDB=0.801691;SGB=-0.693139;MQSB=1;MQ0F=0;AF1=1;AC1=1;DP4=0,0,31,5;MQ=42;FQ=-999",GT:PL,"1:255,0",Q0115(+)
chrmt,43084,.,ATTTTTTTT,ATTTTTTTTT,117.467,.,"INDEL;IDV=216;IMF=0.870968;DP=248;VDB=0.315184;SGB=-0.693147;MQSB=0.851909;MQ0F=0;AF1=1;AC1=1;DP4=17,11,56,164;MQ=42;FQ=-999;PV4=0.000282405,1,1,1",GT:PL,"1:155,255,0",N/A
chrmt,44795,.,ATTTTTTTT,ATTTTTTTTT,9.04412,.,"INDEL;IDV=31;IMF=0.939394;DP=33;VDB=0.245214;SGB=-0.69312;MQSB=0.129032;MQ0F=0;AF1=1;AC1=1;DP4=1,0,30,2;MQ=29;FQ=-999;PV4=1,1,0.0966902,1",GT:PL,"1:46,84,0",N/A
chrmt,55685,.,A,T,6.97679,.,"DP=1;SGB=-0.379885;MQ0F=0;AF1=1;AC1=1;DP4=0,0,0,1;MQ=42;FQ=-999",GT:PL,"1:36,0",N/A
chrmt,66594,.,A,G,6.97679,.,"DP=1;SGB=-0.379885;MQ0F=0;AF1=1;AC1=1;DP4=0,0,1,0;MQ=42;FQ=-999",GT:PL,"1:36,0",N/A
chrmt,82507,.,T,A,38.0055,.,"DP=5;VDB=0.0422968;SGB=-0.556411;MQ0F=0;AF1=1;AC1=1;DP4=0,0,4,0;MQ=22;FQ=-999",GT:PL,"1:68,0",N/A
