#CHROM,POS,ID,REF,ALT,QUAL,FILTER,INFO,FORMAT,/home/rothlab/dtabet/MGY360/output/mgyP32/mgyP32_S219_R1_001_sorted.bam,CDS(Orientation)
chrI,5,.,ACCACACCCACAC,ACACACCACACCCACAC,43.4667,.,"INDEL;IDV=9;IMF=0.409091;DP=22;VDB=1.56869e-13;SGB=-0.688148;MQSB=1;MQ0F=0;AF1=0.5;AC1=1;DP4=6,1,15,0;MQ=36;FQ=-999;PV4=0.318182,1,0.314653,1",GT:PL,"1:166,85",N/A
chrI,19971,.,CTTT,"CCTTTT,CTTTT",193.468,.,"INDEL;IDV=145;IMF=0.923567;DP=157;VDB=0.0222912;SGB=-0.693147;MQSB=0.0903289;MQ0F=0;AF1=1;AC1=1;DP4=0,1,75,81;MQ=15;FQ=-999;PV4=1,1,1,1",GT:PL,"1:231,255,0,250,255,222",N/A
chrI,25340,.,C,A,189.007,.,"DP=209;VDB=5.00727e-05;SGB=-0.693147;MQSB=1.87632e-10;MQ0F=0.100478;AF1=1;AC1=1;DP4=0,0,122,85;MQ=14;FQ=-999",GT:PL,"1:219,0",YAL063C(-)
chrI,25488,.,G,A,117.006,.,"DP=248;VDB=0.279821;SGB=-0.693147;RPB=1.94231e-08;MQB=0.758213;MQSB=0.00173465;BQB=0.230791;MQ0F=0.120968;AF1=1;AC1=1;DP4=11,38,16,170;MQ=16;FQ=-999;PV4=0.0112435,1,1,0.175802",GT:PL,"1:147,0",YAL063C(-)
chrI,25497,.,G,A,211.007,.,"DP=231;VDB=0.076357;SGB=-0.693147;RPB=0.03962;MQB=0.364641;MQSB=0.00198357;BQB=0.643436;MQ0F=0.121212;AF1=1;AC1=1;DP4=1,3,21,196;MQ=17;FQ=-999;PV4=0.344572,1,1,1",GT:PL,"1:241,0",YAL063C(-)
chrI,25506,.,C,T,71.0052,.,"DP=213;VDB=1.39601e-07;SGB=-0.693147;RPB=6.99504e-10;MQB=0.354152;MQSB=0.00793312;BQB=0.544251;MQ0F=0.131455;AF1=1;AC1=1;DP4=0,26,11,158;MQ=17;FQ=-999;PV4=0.365459,0.108463,0.0376368,1",GT:PL,"1:101,0",YAL063C(-)
chrI,25509,.,G,A,148.006,.,"DP=211;VDB=4.15429e-06;SGB=-0.693147;RPB=1;MQB=1;MQSB=0.0143523;BQB=1;MQ0F=0.127962;AF1=1;AC1=1;DP4=0,1,10,172;MQ=17;FQ=-999;PV4=1,1,1,1",GT:PL,"1:178,0",YAL063C(-)
chrI,25512,.,T,G,64.0052,.,"DP=205;VDB=1.42495e-06;SGB=-0.693147;RPB=4.60078e-14;MQB=0.54201;MQSB=0.00878651;BQB=0.903568;MQ0F=0.141463;AF1=1;AC1=1;DP4=0,25,8,161;MQ=17;FQ=-999;PV4=0.599449,0.0910035,0.0614433,1",GT:PL,"1:94,0",YAL063C(-)
chrI,25515,.,A,G,79.0053,.,"DP=229;VDB=2.3449e-05;SGB=-0.693147;RPB=9.34812e-15;MQB=0.597114;MQSB=0.008052;BQB=0.0305695;MQ0F=0.126638;AF1=1;AC1=1;DP4=0,25,8,164;MQ=17;FQ=-999;PV4=0.599299,1,0.0798393,1",GT:PL,"1:109,0",YAL063C(-)
chrI,25536,.,G,A,139.006,.,"DP=240;VDB=0.890152;SGB=-0.693147;RPB=8.18086e-14;MQB=6.55851e-11;MQSB=3.71158e-12;BQB=0.973416;MQ0F=0.141667;AF1=1;AC1=1;DP4=60,1,4,168;MQ=16;FQ=-999;PV4=0,0.130445,1,1",GT:PL,"1:169,0",YAL063C(-)
chrI,25542,.,A,G,104.006,.,"DP=245;VDB=0.558829;SGB=-0.693147;RPB=3.45297e-17;MQB=3.43909e-16;MQSB=4.75072e-16;BQB=0.00238319;MQ0F=0.130612;AF1=1;AC1=1;DP4=78,1,0,156;MQ=16;FQ=-999;PV4=0,6.24364e-06,1,1",GT:PL,"1:134,0",YAL063C(-)
chrI,25560,.,G,A,111.006,.,"DP=239;VDB=0.00295151;SGB=-0.693147;RPB=7.51249e-05;MQB=1.85232e-15;MQSB=8.50058e-18;BQB=0.999439;MQ0F=0.138075;AF1=1;AC1=1;DP4=100,2,6,129;MQ=14;FQ=-999;PV4=0,0.11432,1,0.478596",GT:PL,"1:141,0",YAL063C(-)
chrI,25584,.,A,G,80.0054,.,"DP=250;VDB=0.282955;SGB=-0.693147;RPB=0.0701614;MQB=1.90348e-10;MQSB=8.47048e-17;BQB=0.220894;MQ0F=0.136;AF1=1;AC1=1;DP4=117,3,16,110;MQ=12;FQ=-999;PV4=0,0.0825088,1,0.184531",GT:PL,"1:110,0",YAL063C(-)
chrI,26778,.,C,T,30.0091,.,"DP=248;VDB=0.105664;SGB=-0.693147;RPB=0.69893;MQB=0.969948;MQSB=0.67604;BQB=0.935174;MQ0F=0.241935;AF1=1;AC1=1;DP4=29,50,144,18;MQ=8;FQ=-999;PV4=1.1564e-16,0.27394,1,1",GT:PL,"1:60,0",YAL063C(-)
chrI,26793,.,A,G,28.0116,.,"DP=252;VDB=2.61799e-19;SGB=-0.693147;RPB=2.83596e-07;MQB=0.96049;MQSB=0.5394;BQB=0.325174;MQ0F=0.25;AF1=1;AC1=1;DP4=78,59,101,10;MQ=8;FQ=-999;PV4=9.13209e-10,1,1,1",GT:PL,"1:58,0",YAL063C(-)
chrI,26970,.,G,A,37.0057,.,"DP=231;VDB=1.34399e-22;SGB=-0.693147;RPB=2.61259e-15;MQB=1.61444e-06;MQSB=0.000138911;BQB=0.0884859;MQ0F=0.229437;AF1=1;AC1=1;DP4=10,73,129,2;MQ=12;FQ=-999;PV4=2.29813e-43,1,1,1",GT:PL,"1:67,0",YAL063C(-)
chrI,26973,.,A,G,50.005,.,"DP=249;VDB=8.29764e-20;SGB=-0.693147;RPB=1.87004e-09;MQB=0.00062576;MQSB=0.000224628;BQB=0.469442;MQ0F=0.216867;AF1=1;AC1=1;DP4=3,72,137,2;MQ=12;FQ=-999;PV4=0,1,1,1",GT:PL,"1:80,0",YAL063C(-)
chrI,26974,.,A,G,38.0055,.,"DP=246;VDB=7.96741e-22;SGB=-0.693147;RPB=0.000102026;MQB=1.45855e-06;MQSB=0.000837586;BQB=0.727863;MQ0F=0.231707;AF1=1;AC1=1;DP4=13,69,130,2;MQ=12;FQ=-999;PV4=5.87636e-40,1,1,1",GT:PL,"1:68,0",YAL063C(-)
chrI,26981,.,T,C,52.005,.,"DP=246;VDB=1.63967e-10;SGB=-0.693147;RPB=7.46856e-08;MQB=0.000352351;MQSB=3.32738e-06;BQB=4.61137e-05;MQ0F=0.264228;AF1=1;AC1=1;DP4=3,61,167,7;MQ=13;FQ=-999;PV4=8.40779e-45,1,1,1",GT:PL,"1:82,0",YAL063C(-)
chrI,26982,.,G,A,61.0051,.,"DP=250;VDB=1.42874e-10;SGB=-0.693147;RPB=1.00805e-05;MQB=0.000954567;MQSB=2.55804e-06;BQB=0.00732078;MQ0F=0.264;AF1=1;AC1=1;DP4=7,61,167,7;MQ=14;FQ=-999;PV4=5.54704e-41,1,1,1",GT:PL,"1:91,0",YAL063C(-)
chrI,26983,.,T,G,62.0051,.,"DP=250;VDB=3.7698e-09;SGB=-0.693147;RPB=6.68957e-08;MQB=0.000297323;MQSB=2.78365e-06;BQB=0.0107059;MQ0F=0.264;AF1=1;AC1=1;DP4=3,60,171,7;MQ=14;FQ=-999;PV4=9.80909e-45,1,1,1",GT:PL,"1:92,0",YAL063C(-)
chrI,27027,.,A,T,81.0054,.,"DP=236;VDB=0.11025;SGB=-0.693147;RPB=3.67323e-10;MQB=0.000187217;MQSB=2.73666e-10;BQB=0.00261492;MQ0F=0.262712;AF1=1;AC1=1;DP4=3,61,148,17;MQ=14;FQ=-999;PV4=7.23793e-36,1,1,1",GT:PL,"1:111,0",YAL063C(-)
chrI,27035,.,T,C,74.0053,.,"DP=233;VDB=0.00024828;SGB=-0.693147;RPB=2.13489e-17;MQB=3.11911e-06;MQSB=8.44191e-11;BQB=0.193187;MQ0F=0.23176;AF1=1;AC1=1;DP4=13,74,115,16;MQ=13;FQ=-999;PV4=1.95972e-28,0.0273286,1,1",GT:PL,"1:104,0",YAL063C(-)
chrI,27036,.,G,A,66.0052,.,"DP=233;VDB=0.000507152;SGB=-0.693147;RPB=7.12454e-17;MQB=7.24292e-06;MQSB=8.44191e-11;BQB=0.0317671;MQ0F=0.23176;AF1=1;AC1=1;DP4=13,73,115,17;MQ=13;FQ=-999;PV4=1.22515e-27,0.00177303,1,1",GT:PL,"1:96,0",YAL063C(-)
chrI,27044,.,C,T,61.0051,.,"DP=223;VDB=0.0328696;SGB=-0.693147;RPB=4.45408e-15;MQB=2.05416e-05;MQSB=2.26918e-11;BQB=1.54072e-07;MQ0F=0.219731;AF1=1;AC1=1;DP4=2,94,106,16;MQ=13;FQ=-999;PV4=8.53251e-42,1,1,1",GT:PL,"1:91,0",YAL063C(-)
chrI,27099,.,T,C,43.0051,.,"DP=231;VDB=1.2141e-12;SGB=-0.693147;RPB=2.57548e-31;MQB=0.150418;MQSB=6.81795e-12;BQB=0.000600639;MQ0F=0.333333;AF1=1;AC1=1;DP4=18,120,36,47;MQ=10;FQ=-999;PV4=7.13125e-07,1.21064e-06,1,1.20002e-06",GT:PL,"1:73,0",YAL063C(-)
chrI,27105,.,A,G,111.006,.,"DP=235;VDB=7.79198e-15;SGB=-0.693147;RPB=1.54633e-34;MQB=0.0386203;MQSB=3.54386e-17;BQB=0.000154611;MQ0F=0.331915;AF1=1;AC1=1;DP4=2,109,44,73;MQ=12;FQ=-999;PV4=5.50603e-13,5.16547e-07,1,0.0309518",GT:PL,"1:141,0",YAL063C(-)
chrI,27126,.,T,C,206.007,.,"DP=242;VDB=1.63463e-11;SGB=-0.693147;RPB=1.66604e-31;MQB=3.63406e-08;MQSB=2.4497e-22;BQB=8.9435e-06;MQ0F=0.289256;AF1=1;AC1=1;DP4=5,64,61,99;MQ=18;FQ=-999;PV4=5.28209e-07,1,1,1",GT:PL,"1:236,0",YAL063C(-)
chrI,27129,.,C,G,225.007,.,"DP=217;VDB=4.50953e-06;SGB=-0.693147;RPB=3.26792e-18;MQB=0.000279979;MQSB=9.24938e-21;BQB=0.209197;MQ0F=0.299539;AF1=1;AC1=1;DP4=0,32,64,117;MQ=19;FQ=-999;PV4=4.41392e-06,0.215482,1,1",GT:PL,"1:255,0",YAL063C(-)
chrI,41475,.,G,T,225.007,.,"DP=246;VDB=0.947035;SGB=-0.693147;MQSB=0.995069;MQ0F=0;AF1=1;AC1=1;DP4=0,0,72,170;MQ=42;FQ=-999",GT:PL,"1:255,0",YAL056W(+)
chrI,141030,.,T,A,225.007,.,"DP=194;VDB=0.926997;SGB=-0.693147;MQSB=2.66349e-14;MQ0F=0;AF1=1;AC1=1;DP4=0,0,166,24;MQ=22;FQ=-999",GT:PL,"1:255,0","YAL005C(-),YAL004W(+)"
chrI,141135,.,A,T,225.007,.,"DP=108;VDB=0.998929;SGB=-0.693147;MQSB=2.17588e-15;MQ0F=0;AF1=1;AC1=1;DP4=0,0,59,41;MQ=26;FQ=-999",GT:PL,"1:255,0","YAL005C(-),YAL004W(+)"
chrI,183387,.,ACC,AC,147.468,.,"INDEL;IDV=46;IMF=0.978723;DP=47;VDB=0.000199821;SGB=-0.693146;MQSB=0.242759;MQ0F=0;AF1=1;AC1=1;DP4=2,3,15,27;MQ=21;FQ=-999;PV4=1,1,1,1",GT:PL,"1:185,57,0",N/A
chrI,199811,.,T,G,225.007,.,"DP=31;VDB=0.0130115;SGB=-0.693079;MQSB=0.889237;MQ0F=0;AF1=1;AC1=1;DP4=0,0,23,6;MQ=41;FQ=-999",GT:PL,"1:255,0",N/A
chrI,205499,.,C,G,29.0102,.,"DP=225;VDB=4.41293e-15;SGB=-0.693147;RPB=0.0235849;MQB=0.0566038;MQSB=1;BQB=0.601415;MQ0F=0.0622222;AF1=1;AC1=1;DP4=2,0,211,1;MQ=9;FQ=-999;PV4=1,1,1,1",GT:PL,"1:59,0",YAR050W(+)
chrI,205519,.,C,A,63.0051,.,"DP=251;VDB=6.08079e-18;SGB=-0.693147;RPB=0.00610826;MQB=0.029003;MQSB=0.0314646;BQB=0.0016437;MQ0F=0.0557769;AF1=1;AC1=1;DP4=6,0,238,3;MQ=10;FQ=-999;PV4=1,1,1,1",GT:PL,"1:93,0",YAR050W(+)
chrI,206126,.,T,C,11.3361,.,"DP=22;VDB=0.0517485;SGB=-0.690438;MQSB=0.0805363;MQ0F=0.0909091;AF1=1;AC1=1;DP4=0,0,7,10;MQ=7;FQ=-999",GT:PL,"1:41,0",YAR050W(+)
chrI,206129,.,A,C,4.12714,.,"DP=20;VDB=0.888409;SGB=-0.688148;RPB=0.4;MQB=0;MQSB=0.135174;BQB=0;MQ0F=0.1;AF1=1;AC1=1;DP4=0,2,7,8;MQ=6;FQ=-999;PV4=0.485294,1,1,0.416916",GT:PL,"1:32,0",YAR050W(+)
chrI,206132,.,G,T,4.7673,.,"DP=22;VDB=0.999901;SGB=-0.690438;MQSB=0.0509867;MQ0F=0.0909091;AF1=1;AC1=1;DP4=0,0,7,10;MQ=6;FQ=-999",GT:PL,"1:33,0",YAR050W(+)
chrI,206144,.,C,T,24.0219,.,"DP=38;VDB=4.0113e-11;SGB=-0.693139;MQSB=0.663336;MQ0F=0.0526316;AF1=1;AC1=1;DP4=0,0,24,12;MQ=8;FQ=-999",GT:PL,"1:54,0",YAR050W(+)
chrI,206177,.,G,C,69.0052,.,"DP=177;VDB=1.93105e-16;SGB=-0.693147;MQSB=0.0339322;MQ0F=0.0338983;AF1=1;AC1=1;DP4=0,0,113,64;MQ=9;FQ=-999",GT:PL,"1:99,0",YAR050W(+)
chrI,206178,.,C,A,64.0052,.,"DP=179;VDB=3.66765e-16;SGB=-0.693147;RPB=0;MQB=0.734463;MQSB=0.0388078;BQB=0.248588;MQ0F=0.0335196;AF1=1;AC1=1;DP4=2,0,113,64;MQ=9;FQ=-999;PV4=0.538008,1,1,1",GT:PL,"1:94,0",YAR050W(+)
chrI,206179,.,A,C,68.0052,.,"DP=202;VDB=2.8245e-16;SGB=-0.693147;RPB=0;MQB=0.734463;MQSB=0.0388078;BQB=0.158192;MQ0F=0.029703;AF1=1;AC1=1;DP4=2,0,113,64;MQ=9;FQ=-999;PV4=0.538008,1,1,1",GT:PL,"1:98,0",YAR050W(+)
chrI,210818,.,A,T,103.006,.,"DP=120;VDB=7.04522e-08;SGB=-0.693147;MQSB=0.019251;MQ0F=0.00833333;AF1=1;AC1=1;DP4=0,0,3,114;MQ=15;FQ=-999",GT:PL,"1:133,0",N/A
chrI,211019,.,T,C,106.006,.,"DP=45;VDB=2.42715e-07;SGB=-0.693146;RPB=0.0967464;MQB=0.034619;MQSB=0.00618678;BQB=0.919568;MQ0F=0;AF1=1;AC1=1;DP4=3,0,13,29;MQ=13;FQ=-999;PV4=0.0394644,0.287292,1,0.00871623",GT:PL,"1:136,0",N/A
chrII,6440,.,G,C,221.007,.,"DP=174;VDB=0.312875;SGB=-0.693147;MQSB=0.05932;MQ0F=0;AF1=1;AC1=1;DP4=0,0,13,151;MQ=18;FQ=-999",GT:PL,"1:251,0",N/A
chrII,7510,.,G,"A,T",24.0219,.,"DP=11;VDB=0.537887;SGB=-0.676189;MQSB=0.763675;MQ0F=0;AF1=1;AC1=1;DP4=0,0,4,7;MQ=16;FQ=-999",GT:PL,"1:57,3,32",N/A
chrII,7511,.,G,A,58.0051,.,"DP=11;VDB=0.525133;SGB=-0.676189;MQSB=0.763675;MQ0F=0;AF1=1;AC1=1;DP4=0,0,4,7;MQ=16;FQ=-999",GT:PL,"1:88,0",N/A
chrII,15101,.,T,G,225.007,.,"DP=71;VDB=0.00302191;SGB=-0.693147;MQSB=0.735469;MQ0F=0;AF1=1;AC1=1;DP4=0,0,15,53;MQ=42;FQ=-999",GT:PL,"1:255,0",YBL105C(-)
chrII,15510,.,G,T,225.007,.,"DP=91;VDB=0.721305;SGB=-0.693147;MQSB=0.994597;MQ0F=0;AF1=1;AC1=1;DP4=0,0,39,47;MQ=42;FQ=-999",GT:PL,"1:255,0",YBL105C(-)
chrII,15518,.,A,G,225.007,.,"DP=104;VDB=0.850361;SGB=-0.693147;MQSB=0.997354;MQ0F=0;AF1=1;AC1=1;DP4=0,0,42,48;MQ=42;FQ=-999",GT:PL,"1:255,0",YBL105C(-)
chrII,16380,.,C,T,225.007,.,"DP=219;VDB=0.0270722;SGB=-0.693147;MQSB=0.98817;MQ0F=0;AF1=1;AC1=1;DP4=0,0,83,126;MQ=42;FQ=-999",GT:PL,"1:255,0",YBL105C(-)
chrII,16392,.,A,G,225.007,.,"DP=229;VDB=0.216923;SGB=-0.693147;MQSB=0.97905;MQ0F=0;AF1=1;AC1=1;DP4=0,0,100,114;MQ=42;FQ=-999",GT:PL,"1:255,0",YBL105C(-)
chrII,30012,.,C,T,15.1396,.,"DP=130;VDB=0.0060707;SGB=-0.693147;MQSB=0.553633;MQ0F=0;AF1=1;AC1=1;DP4=0,0,114,10;MQ=9;FQ=-999",GT:PL,"1:45,0","YBL100W-A(+),YBL100W-B(+)"
chrII,30210,.,T,C,4.12714,.,"DP=51;VDB=0.0297422;SGB=-0.693147;MQSB=0.00100984;MQ0F=0;AF1=1;AC1=1;DP4=0,0,36,12;MQ=5;FQ=-999",GT:PL,"1:32,0","YBL100W-A(+),YBL100W-B(+)"
chrII,34298,.,G,A,11.3361,.,"DP=17;VDB=0.00589069;SGB=-0.689466;MQSB=0.28915;MQ0F=0;AF1=1;AC1=1;DP4=0,0,8,8;MQ=6;FQ=-999",GT:PL,"1:41,0",YBL100W-B(+)
chrII,35485,.,C,T,180.007,.,"DP=25;VDB=0.000959048;SGB=-0.692717;MQSB=0.0266214;MQ0F=0;AF1=1;AC1=1;DP4=0,0,20,3;MQ=35;FQ=-999",GT:PL,"1:210,0",N/A
chrII,59755,.,T,C,225.007,.,"DP=14;VDB=0.169968;SGB=-0.683931;MQSB=1;MQ0F=0;AF1=1;AC1=1;DP4=0,0,9,4;MQ=42;FQ=-999",GT:PL,"1:255,0",N/A
chrII,88484,.,GGAGAAGAGAAGA,GGAGAAGA,217.469,.,"INDEL;IDV=124;IMF=0.826667;DP=150;VDB=4.33245e-20;SGB=-0.693147;MQSB=0.552781;MQ0F=0;AF1=1;AC1=1;DP4=1,0,144,5;MQ=40;FQ=-999;PV4=1,1,0.168432,1",GT:PL,"1:255,255,0",N/A
chrII,221288,.,AGTGT,AGT,91.4671,.,"INDEL;IDV=6;IMF=0.6;DP=10;VDB=0.206708;SGB=-0.636426;MQSB=0.375;MQ0F=0;AF1=1;AC1=1;DP4=1,2,1,6;MQ=27;FQ=-999;PV4=1,1,1,1",GT:PL,"1:129,9,0",N/A
chrII,259764,.,C,T,127.006,.,"DP=8;VDB=0.888218;SGB=-0.651104;MQ0F=0;AF1=1;AC1=1;DP4=0,0,0,8;MQ=42;FQ=-999",GT:PL,"1:157,0",N/A
chrII,263168,.,CG,C,19.515,.,"INDEL;IDV=18;IMF=0.947368;DP=19;VDB=0.0206433;SGB=-0.688148;MQSB=0.0991373;MQ0F=0;AF1=1;AC1=1;DP4=3,1,1,14;MQ=11;FQ=-999;PV4=0.0157379,1,1,2.94978e-09",GT:PL,"1:57,21,0",YBR012W-B(+)
chrII,265382,.,G,T,68.0052,.,"DP=5;VDB=0.45384;SGB=-0.590765;MQ0F=0;AF1=1;AC1=1;DP4=0,0,5,0;MQ=42;FQ=-999",GT:PL,"1:98,0",N/A
chrII,383176,.,CGG,CGGG,217.469,.,"INDEL;IDV=94;IMF=0.912621;DP=103;VDB=0.0925448;SGB=-0.693147;MQSB=0.984364;MQ0F=0;AF1=1;AC1=1;DP4=2,2,85,14;MQ=42;FQ=-999;PV4=0.112967,1,1,1",GT:PL,"1:255,240,0",YBR073W(+)
chrII,389421,.,GCTCTCT,GCTCT,217.469,.,"INDEL;IDV=31;IMF=0.96875;DP=32;VDB=0.298938;SGB=-0.693097;MQSB=0.350305;MQ0F=0;AF1=1;AC1=1;DP4=1,1,25,5;MQ=37;FQ=-999;PV4=0.344758,1,1,1",GT:PL,"1:255,48,0",N/A
chrII,536047,.,A,T,225.007,.,"DP=110;VDB=0.00681102;SGB=-0.693147;MQSB=1;MQ0F=0;AF1=1;AC1=1;DP4=0,0,40,68;MQ=42;FQ=-999",GT:PL,"1:255,0",YBR146W(+)
chrII,746362,.,CATCTGCAATCTGCAATCT,CATCTGCAATCT,217.469,.,"INDEL;IDV=99;IMF=0.6;DP=165;VDB=0.58158;SGB=-0.693147;MQSB=0.923765;MQ0F=0;AF1=1;AC1=1;DP4=30,1,126,8;MQ=40;FQ=-999;PV4=1,1,0.000493117,1",GT:PL,"1:255,0,0",YBR272C(-)
chrII,746372,.,CT,CTTAGTT,49.4666,.,"INDEL;IDV=11;IMF=0.0791367;DP=139;VDB=0.282215;SGB=-0.693054;MQSB=0.986799;MQ0F=0;AF1=1;AC1=1;DP4=102,9,27,1;MQ=39;FQ=-999;PV4=0.686686,1,1,5.69564e-20",GT:PL,"1:87,11,0",YBR272C(-)
chrIII,84421,.,G,A,186.007,.,"DP=59;VDB=3.78437e-05;SGB=-0.688148;RPB=0.39425;MQB=1.71802e-07;MQSB=0.417902;BQB=0.567383;MQ0F=0;AF1=1;AC1=1;DP4=22,14,5,10;MQ=21;FQ=-999;PV4=0.12254,0.0404482,1,1",GT:PL,"1:216,0",N/A
chrIII,84780,.,A,T,102.006,.,"DP=7;VDB=0.029254;SGB=-0.636426;MQ0F=0;AF1=1;AC1=1;DP4=0,0,0,7;MQ=42;FQ=-999",GT:PL,"1:132,0",N/A
chrIII,143131,.,T,C,225.007,.,"DP=36;VDB=0.632219;SGB=-0.69311;MQSB=1;MQ0F=0;AF1=1;AC1=1;DP4=0,0,19,12;MQ=42;FQ=-999",GT:PL,"1:255,0",N/A
chrIII,148615,.,C,T,74.0053,.,"DP=8;VDB=0.000113403;SGB=-0.651104;MQ0F=0;AF1=1;AC1=1;DP4=0,0,0,8;MQ=27;FQ=-999",GT:PL,"1:104,0",YCR018C(-)
chrIII,148618,.,T,TGGAA,16.5631,.,"INDEL;IDV=7;IMF=0.875;DP=8;VDB=0.000113403;SGB=-0.590765;MQ0F=0;AF1=0.526315;AC1=1;DP4=0,3,0,5;MQ=27;FQ=-999;PV4=1,1,0.146364,1",GT:PL,"1:64,0,10",YCR018C(-)
chrIII,151628,.,A,T,6.97679,.,"DP=43;VDB=0.06;SGB=-0.453602;RPB=0.828125;MQB=0;BQB=0.84375;MQ0F=0;AF1=1;AC1=1;DP4=32,0,2,0;MQ=10;FQ=-999;PV4=1,0.239387,1,1",GT:PL,"1:36,0",YCR018C-A(-)
chrIII,151646,.,T,C,5.45858,.,"DP=36;VDB=0.06;SGB=-0.453602;RPB=0.314815;MQB=0;MQSB=0.968507;BQB=0.851852;MQ0F=0;AF1=1;AC1=1;DP4=23,4,2,0;MQ=11;FQ=-999;PV4=1,0.233705,1,0.0813756",GT:PL,"1:34,0",YCR018C-A(-)
chrIII,162361,.,T,C,225.007,.,"DP=50;VDB=0.272287;SGB=-0.693147;MQSB=0.631799;MQ0F=0;AF1=1;AC1=1;DP4=0,0,3,45;MQ=42;FQ=-999",GT:PL,"1:255,0",N/A
chrIII,162396,.,G,C,225.007,.,"DP=30;VDB=0.0980489;SGB=-0.692914;MQSB=0.90252;MQ0F=0;AF1=1;AC1=1;DP4=0,0,9,16;MQ=42;FQ=-999",GT:PL,"1:255,0",N/A
chrIII,162640,.,T,G,225.007,.,"DP=53;VDB=0.000108375;SGB=-0.693147;MQSB=1;MQ0F=0;AF1=1;AC1=1;DP4=0,0,40,10;MQ=42;FQ=-999",GT:PL,"1:255,0",YCR024C-B(-)
chrIII,162694,.,G,A,225.007,.,"DP=78;VDB=2.4907e-05;SGB=-0.693147;MQSB=0.828016;MQ0F=0;AF1=1;AC1=1;DP4=0,0,58,15;MQ=42;FQ=-999",GT:PL,"1:255,0",YCR024C-B(-)
chrIII,162712,.,TAAAAAAAAAA,TAAAAAAAAA,13.6574,.,"INDEL;IDV=77;IMF=0.939024;DP=82;VDB=0.00393552;SGB=-0.693147;MQSB=0.857482;MQ0F=0;AF1=1;AC1=1;DP4=5,2,59,16;MQ=42;FQ=-999;PV4=0.645022,1,1,1",GT:PL,"1:51,151,0",YCR024C-B(-)
chrIII,163059,.,T,C,225.007,.,"DP=114;VDB=0.981389;SGB=-0.693147;MQSB=0.351999;MQ0F=0;AF1=1;AC1=1;DP4=0,0,22,84;MQ=42;FQ=-999",GT:PL,"1:255,0",YCR024C-A(-)
chrIII,199081,.,G,A,125.006,.,"DP=235;VDB=0.000824561;SGB=-0.693147;RPB=0.900411;MQB=2.35501e-10;MQSB=9.24644e-08;BQB=0.954766;MQ0F=0;AF1=1;AC1=1;DP4=41,34,56,92;MQ=17;FQ=-999;PV4=0.0219562,0.228612,1,1",GT:PL,"1:155,0",YCR038C(-)
chrIV,130,.,CACA,C,86.4671,.,"INDEL;IDV=35;IMF=0.486111;DP=72;VDB=0.191283;SGB=-0.69312;MQSB=0.0299664;MQ0F=0.111111;AF1=0.533586;AC1=1;DP4=35,5,31,1;MQ=18;FQ=-999;PV4=0.216693,1,1,0.498796",GT:PL,"1:133,0,9",N/A
chrIV,403511,.,GTTTTTTTTT,"GTTTTTTTTTT,GTTTTTTTTTTT",35.4676,.,"INDEL;IDV=26;IMF=0.8125;DP=32;VDB=0.273116;SGB=-0.692976;MQSB=0.999287;MQ0F=0;AF1=1;AC1=1;DP4=3,3,14,12;MQ=42;FQ=-999;PV4=1,1,1,1",GT:PL,"1:73,30,0,78,57,71",N/A
chrIV,736999,.,T,A,225.007,.,"DP=152;VDB=0.0831579;SGB=-0.693147;MQSB=0.995604;MQ0F=0;AF1=1;AC1=1;DP4=0,0,41,99;MQ=42;FQ=-999",GT:PL,"1:255,0",YDR141C(-)
chrIV,757631,.,G,"C,T",187.007,.,"DP=239;VDB=0.979295;SGB=-0.693147;RPB=0.491706;MQB=0.231483;MQSB=0.398539;BQB=0.0436938;MQ0F=0;AF1=1;AC1=1;DP4=0,3,147,86;MQ=16;FQ=-999;PV4=0.0525045,1,1,1",GT:PL,"1:217,0,186",YDR150W(+)
chrIV,758310,.,T,C,98.0056,.,"DP=233;VDB=1.65959e-08;SGB=-0.693147;MQSB=5.68921e-09;MQ0F=0.00429185;AF1=1;AC1=1;DP4=0,0,48,175;MQ=11;FQ=-999",GT:PL,"1:128,0",YDR150W(+)
chrIV,769328,.,G,A,225.007,.,"DP=83;VDB=0.00105951;SGB=-0.693147;MQSB=0.93347;MQ0F=0;AF1=1;AC1=1;DP4=0,0,42,40;MQ=42;FQ=-999",GT:PL,"1:255,0",N/A
chrIV,783598,.,G,A,225.007,.,"DP=222;VDB=0.00187704;SGB=-0.693147;MQSB=0.991961;MQ0F=0;AF1=1;AC1=1;DP4=0,0,99,114;MQ=42;FQ=-999",GT:PL,"1:255,0",YDR164C(-)
chrIV,864219,.,A,G,225.007,.,"DP=201;VDB=1.30806e-07;SGB=-0.693147;MQSB=0.984002;MQ0F=0;AF1=1;AC1=1;DP4=0,0,129,69;MQ=42;FQ=-999",GT:PL,"1:255,0",YDR206W(+)
chrIV,880697,.,A,G,46.005,.,"DP=215;VDB=1.31518e-05;SGB=-0.693147;RPB=0.00122911;MQB=1.79302e-33;MQSB=3.83038e-28;BQB=0.746965;MQ0F=0;AF1=1;AC1=1;DP4=8,75,123,6;MQ=12;FQ=-999;PV4=2.33957e-40,1,1,1",GT:PL,"1:76,0",YDR210C-D(-)
chrIV,987244,.,G,A,173.007,.,"DP=56;VDB=0.0895451;SGB=-0.69168;RPB=0.998752;MQB=5.62952e-06;MQSB=0.0015475;BQB=0.36019;MQ0F=0.0178571;AF1=0.503167;AC1=1;DP4=29,2,7,12;MQ=23;FQ=-999;PV4=2.58925e-05,0.0329808,1,1",GT:PL,"1:222,19",N/A
chrIV,1150910,.,AGG,AGGG,217.469,.,"INDEL;IDV=30;IMF=0.9375;DP=32;VDB=0.468699;SGB=-0.69312;MQSB=1;MQ0F=0;AF1=1;AC1=1;DP4=0,0,14,18;MQ=42;FQ=-999",GT:PL,"1:255,96,0",YDR340W(+)
chrIV,1185130,.,C,A,225.007,.,"DP=247;VDB=0.0255982;SGB=-0.693147;MQSB=0.99796;MQ0F=0;AF1=1;AC1=1;DP4=0,0,154,71;MQ=42;FQ=-999",GT:PL,"1:255,0",YDR354W(+)
chrIV,1253397,.,T,C,225.007,.,"DP=172;VDB=6.78738e-05;SGB=-0.693147;MQSB=1;MQ0F=0;AF1=1;AC1=1;DP4=0,0,126,37;MQ=42;FQ=-999",GT:PL,"1:255,0",YDR389W(+)
chrIV,1305680,.,TGG,TG,217.469,.,"INDEL;IDV=18;IMF=0.9;DP=20;VDB=0.817368;SGB=-0.692067;MQSB=0.988166;MQ0F=0;AF1=1;AC1=1;DP4=0,0,12,8;MQ=40;FQ=-999",GT:PL,"1:255,60,0",N/A
chrIV,1402305,.,C,T,225.007,.,"DP=45;VDB=0.609304;SGB=-0.693146;MQSB=0.787639;MQ0F=0;AF1=1;AC1=1;DP4=0,0,27,16;MQ=40;FQ=-999",GT:PL,"1:255,0",YDR471W(+)
chrIV,1433710,.,A,T,225.007,.,"DP=223;VDB=0.841309;SGB=-0.693147;MQSB=0.996669;MQ0F=0;AF1=1;AC1=1;DP4=0,0,116,84;MQ=42;FQ=-999",GT:PL,"1:255,0",YDR490C(-)
chrIV,1524974,.,A,G,225.007,.,"DP=167;VDB=0.992435;SGB=-0.693147;MQSB=0.951966;MQ0F=0.0239521;AF1=1;AC1=1;DP4=0,0,74,70;MQ=22;FQ=-999",GT:PL,"1:255,0",N/A
chrIV,1525313,.,T,G,163.006,.,"DP=132;VDB=1.79071e-09;SGB=-0.693147;MQSB=0.965645;MQ0F=0.0606061;AF1=1;AC1=1;DP4=0,0,5,123;MQ=18;FQ=-999",GT:PL,"1:193,0",YDR544C(-)
chrIV,1525335,.,C,G,120.006,.,"DP=101;VDB=6.91204e-29;SGB=-0.693147;MQSB=0.126263;MQ0F=0.0693069;AF1=1;AC1=1;DP4=0,0,2,99;MQ=16;FQ=-999",GT:PL,"1:150,0",YDR544C(-)
chrIV,1525340,.,C,A,116.006,.,"DP=94;VDB=5.38554e-17;SGB=-0.693147;MQSB=0.125;MQ0F=0.0744681;AF1=1;AC1=1;DP4=0,0,2,92;MQ=16;FQ=-999",GT:PL,"1:146,0",YDR544C(-)
chrIV,1525345,.,C,G,110.006,.,"DP=75;VDB=1.3986e-23;SGB=-0.693147;MQSB=0.15493;MQ0F=0.0933333;AF1=1;AC1=1;DP4=0,0,2,71;MQ=16;FQ=-999",GT:PL,"1:140,0",YDR544C(-)
chrIV,1525351,.,C,G,91.0055,.,"DP=71;VDB=1.84844e-18;SGB=-0.693147;MQSB=0.228261;MQ0F=0.0985916;AF1=1;AC1=1;DP4=0,0,2,46;MQ=15;FQ=-999",GT:PL,"1:121,0",YDR544C(-)
chrIV,1525357,.,C,G,84.0054,.,"DP=46;VDB=1.41004e-17;SGB=-0.693132;MQSB=1;MQ0F=0.152174;AF1=1;AC1=1;DP4=0,0,1,33;MQ=17;FQ=-999",GT:PL,"1:114,0",YDR544C(-)
chrIV,1525363,.,C,G,41.0052,.,"DP=31;VDB=1.79057e-09;SGB=-0.689466;MQSB=1;MQ0F=0.0645161;AF1=1;AC1=1;DP4=0,0,1,15;MQ=21;FQ=-999",GT:PL,"1:71,0",YDR544C(-)
chrV,31696,.,ATG,A,49.4666,.,"INDEL;IDV=4;IMF=0.5;DP=8;VDB=0.000454598;SGB=-0.556411;MQ0F=0;AF1=0.533586;AC1=1;DP4=0,4,0,4;MQ=33;FQ=-999;PV4=1,1,1,2.61368e-06",GT:PL,"1:96,0,9",YEL063C(-)
chrV,31707,.,T,C,9.51895,.,"DP=4;VDB=0.06;SGB=-0.453602;MQ0F=0;AF1=1;AC1=1;DP4=0,0,0,2;MQ=24;FQ=-999",GT:PL,"1:39,0",YEL063C(-)
chrV,33466,.,TTG,TTGGGTCTG,15.5878,.,"INDEL;IDV=1;IMF=0.333333;DP=3;VDB=0.0900131;SGB=-0.453602;MQ0F=0;AF1=1;AC1=1;DP4=1,0,2,0;MQ=30;FQ=-999;PV4=1,1,1,0.0261945",GT:PL,"1:53,2,0",YEL063C(-)
chrV,48384,.,T,C,225.007,.,"DP=55;VDB=0.598406;SGB=-0.693147;MQSB=1;MQ0F=0;AF1=1;AC1=1;DP4=0,0,25,21;MQ=42;FQ=-999",GT:PL,"1:255,0",N/A
chrV,115973,.,G,A,27.0133,.,"DP=9;VDB=0.0588947;SGB=-0.511536;MQ0F=0;AF1=1;AC1=1;DP4=0,0,3,0;MQ=31;FQ=-999",GT:PL,"1:57,0",N/A
chrV,115989,.,C,T,105.006,.,"DP=11;VDB=0.211022;SGB=-0.676189;MQ0F=0;AF1=1;AC1=1;DP4=0,0,11,0;MQ=29;FQ=-999",GT:PL,"1:135,0",N/A
chrV,115997,.,T,C,108.006,.,"DP=11;VDB=0.214515;SGB=-0.676189;MQ0F=0;AF1=1;AC1=1;DP4=0,0,11,0;MQ=29;FQ=-999",GT:PL,"1:138,0",N/A
chrV,116028,.,G,A,137.006,.,"DP=20;VDB=0.845233;SGB=-0.690438;MQ0F=0;AF1=1;AC1=1;DP4=0,0,17,0;MQ=40;FQ=-999",GT:PL,"1:167,0",N/A
chrV,116086,.,G,A,225.007,.,"DP=251;VDB=1.4426e-23;SGB=-0.693147;MQSB=1;MQ0F=0;AF1=1;AC1=1;DP4=0,0,247,1;MQ=42;FQ=-999",GT:PL,"1:255,0",N/A
chrV,116577,.,G,A,225.007,.,"DP=246;VDB=0.787704;SGB=-0.693147;MQSB=0.995359;MQ0F=0;AF1=1;AC1=1;DP4=0,0,104,138;MQ=42;FQ=-999",GT:PL,"1:255,0",YEL021W(+)
chrV,116644,.,G,T,225.007,.,"DP=201;VDB=0.400185;SGB=-0.693147;MQSB=0.958748;MQ0F=0;AF1=1;AC1=1;DP4=0,0,49,149;MQ=42;FQ=-999",GT:PL,"1:255,0",YEL021W(+)
chrV,116799,.,C,T,225.007,.,"DP=206;VDB=5.66685e-05;SGB=-0.693147;RPB=0.584577;MQB=0.975124;MQSB=0.406362;BQB=0.636816;MQ0F=0;AF1=1;AC1=1;DP4=0,2,13,188;MQ=42;FQ=-999;PV4=1,1,0.426622,0.480723",GT:PL,"1:255,0",YEL021W(+)
chrV,116838,.,C,G,225.007,.,"DP=164;VDB=0.999934;SGB=-0.693147;MQSB=0.596788;MQ0F=0;AF1=1;AC1=1;DP4=0,0,17,143;MQ=42;FQ=-999",GT:PL,"1:255,0",YEL021W(+)
chrV,154531,.,T,A,225.007,.,"DP=129;VDB=3.18198e-06;SGB=-0.693147;MQSB=1;MQ0F=0;AF1=1;AC1=1;DP4=0,0,34,91;MQ=42;FQ=-999",GT:PL,"1:255,0",YER001W(+)
chrV,352394,.,A,G,225.007,.,"DP=136;VDB=1.06948e-05;SGB=-0.693147;MQSB=0.995299;MQ0F=0;AF1=1;AC1=1;DP4=0,0,34,88;MQ=42;FQ=-999",GT:PL,"1:255,0",YER096W(+)
chrV,517529,.,T,C,225.007,.,"DP=69;VDB=0.0048598;SGB=-0.693147;MQSB=0.967163;MQ0F=0;AF1=1;AC1=1;DP4=0,0,47,17;MQ=42;FQ=-999",GT:PL,"1:255,0",N/A
chrVI,3,.,TCT,TCTGATCT,37.4672,.,"INDEL;IDV=7;IMF=0.466667;DP=15;VDB=1.55444e-09;SGB=-0.616816;MQ0F=0;AF1=1;AC1=1;DP4=9,0,6,0;MQ=17;FQ=-999;PV4=1,1,1,1",GT:PL,"1:75,0",N/A
chrVI,6,.,CGCAAG,CGCAAGCTGATCTCGCAAG,30.4702,.,"INDEL;IDV=1;IMF=0.037037;DP=27;VDB=1.62682e-10;SGB=-0.636426;MQ0F=0;AF1=1;AC1=1;DP4=20,0,7,0;MQ=13;FQ=-999;PV4=1,1,1,1",GT:PL,"1:68,18,0",N/A
chrVI,1732,.,T,C,39.0054,.,"DP=248;VDB=0.0401049;SGB=-0.693147;RPB=0.134125;MQB=2.74184e-26;MQSB=7.01506e-24;BQB=0.981581;MQ0F=0.00403226;AF1=0.5;AC1=1;DP4=90,51,0,103;MQ=30;FQ=-999;PV4=2.79811e-30,0.392537,1,1",GT:PL,"1:165,96",YFL066C(-)
chrVI,97864,.,CTTTTTTTTTT,"CTTTTTTTTTTTT,CTTTTTTTTTTTTT",69.4668,.,"INDEL;IDV=112;IMF=0.82963;DP=135;VDB=1.75492e-05;SGB=-0.693147;MQSB=0.991285;MQ0F=0;AF1=1;AC1=1;DP4=13,0,113,9;MQ=42;FQ=-999;PV4=0.599502,1,1,1",GT:PL,"1:107,0,87",N/A
chrVI,270153,.,GGTGTGTG,GGTGTGTGTG,32.4688,.,"INDEL;IDV=7;IMF=0.583333;DP=12;VDB=5.72227e-06;SGB=-0.662043;MQ0F=0;AF1=0.5;AC1=1;DP4=0,3,0,9;MQ=38;FQ=-999;PV4=1,1,0.122255,1",GT:PL,"1:127,57",N/A
chrVII,9,.,ACACAC,"ACACCACAC,ACACCCACACCACAC,ACCACAC",104.467,.,"INDEL;IDV=38;IMF=0.612903;DP=62;VDB=3.81885e-33;SGB=-0.693141;MQSB=1;MQ0F=0.0322581;AF1=0.501582;AC1=1;DP4=24,1,37,0;MQ=34;FQ=-999;PV4=0.403226,1,1,0.155607",GT:PL,"1:202,38,60,157,7,176,156,0,112,164",N/A
chrVII,214,.,ACC,ACCC,217.469,.,"INDEL;IDV=132;IMF=0.910345;DP=145;VDB=0.17131;SGB=-0.693147;MQSB=1.27549e-12;MQ0F=0.0137931;AF1=1;AC1=1;DP4=4,0,85,56;MQ=24;FQ=-999;PV4=0.158999,1,1,0.460512",GT:PL,"1:255,255,0",N/A
chrVII,8151,.,GA,GAA,9.04412,.,"INDEL;IDV=59;IMF=0.678161;DP=87;VDB=0.999884;SGB=-0.693147;MQSB=0.610959;MQ0F=0;AF1=1;AC1=1;DP4=0,1,49,37;MQ=8;FQ=-999;PV4=0.436782,1,0.0728583,1",GT:PL,"1:46,242,0",N/A
chrVII,386978,.,C,G,225.007,.,"DP=224;VDB=0.00679779;SGB=-0.693147;MQSB=8.92286e-09;MQ0F=0;AF1=1;AC1=1;DP4=0,0,62,129;MQ=27;FQ=-999",GT:PL,"1:255,0",YGL062W(+)
chrVII,386979,.,G,C,225.007,.,"DP=227;VDB=0.00819972;SGB=-0.693147;MQSB=8.92286e-09;MQ0F=0;AF1=1;AC1=1;DP4=0,0,62,129;MQ=27;FQ=-999",GT:PL,"1:255,0",YGL062W(+)
chrVII,401674,.,C,"A,T",197.007,.,"DP=38;VDB=0.804307;SGB=-0.693136;MQSB=0.00570355;MQ0F=0.0263158;AF1=1;AC1=1;DP4=0,0,4,31;MQ=39;FQ=-999",GT:PL,"1:227,0,226",N/A
chrVII,401698,.,T,A,225.007,.,"DP=38;VDB=0.872389;SGB=-0.693136;MQSB=0.140858;MQ0F=0;AF1=1;AC1=1;DP4=0,0,5,30;MQ=40;FQ=-999",GT:PL,"1:255,0",N/A
chrVII,404935,.,C,G,92.0055,.,"DP=19;VDB=4.77867e-06;SGB=-0.690438;MQSB=0.133333;MQ0F=0;AF1=1;AC1=1;DP4=0,0,15,2;MQ=21;FQ=-999",GT:PL,"1:122,0",N/A
chrVII,404936,.,G,C,79.0053,.,"DP=20;VDB=5.00583e-06;SGB=-0.690438;MQSB=0.133333;MQ0F=0;AF1=1;AC1=1;DP4=0,0,15,2;MQ=21;FQ=-999",GT:PL,"1:109,0",N/A
chrVII,405085,.,CGG,CG,169.468,.,"INDEL;IDV=38;IMF=0.95;DP=40;VDB=7.61799e-06;SGB=-0.693143;MQSB=0.00120541;MQ0F=0;AF1=1;AC1=1;DP4=0,2,33,5;MQ=37;FQ=-999;PV4=0.0269231,1,1,1",GT:PL,"1:207,76,0",N/A
chrVII,1006277,.,G,C,225.007,.,"DP=147;VDB=4.46012e-12;SGB=-0.693147;RPB=1;MQB=1;MQSB=0.729621;BQB=1;MQ0F=0;AF1=1;AC1=1;DP4=1,0,119,19;MQ=42;FQ=-999;PV4=1,1,0.416597,1",GT:PL,"1:255,0",YGR257C(-)
chrVII,1006278,.,C,G,225.007,.,"DP=147;VDB=5.73088e-12;SGB=-0.693147;RPB=1;MQB=1;MQSB=0.729621;BQB=1;MQ0F=0;AF1=1;AC1=1;DP4=1,0,119,19;MQ=42;FQ=-999;PV4=1,1,0.416597,1",GT:PL,"1:255,0",YGR257C(-)
chrVII,1006279,.,G,C,225.007,.,"DP=150;VDB=3.02352e-12;SGB=-0.693147;RPB=1;MQB=1;MQSB=0.729621;BQB=1;MQ0F=0;AF1=1;AC1=1;DP4=1,0,119,19;MQ=42;FQ=-999;PV4=1,1,0.416597,1",GT:PL,"1:255,0",YGR257C(-)
chrVIII,1569,.,G,A,225.007,.,"DP=250;VDB=9.22577e-20;SGB=-0.693147;MQ0F=0.04;AF1=1;AC1=1;DP4=0,0,247,0;MQ=30;FQ=-999",GT:PL,"1:255,0",YHL050C(-)
chrVIII,1672,.,A,G,64.0052,.,"DP=249;VDB=5.96928e-14;SGB=-0.693147;RPB=0.917824;MQB=1.50386e-14;MQSB=2.70835e-16;BQB=2.42192e-06;MQ0F=0.0281125;AF1=0.508032;AC1=1;DP4=43,33,169,0;MQ=29;FQ=-999;PV4=4.28663e-20,5.27364e-08,1,0.154751",GT:PL,"1:109,15",YHL050C(-)
chrVIII,1708,.,A,G,4.7673,.,"DP=235;VDB=0.517833;SGB=-0.693147;RPB=1.06406e-08;MQB=0.0983369;MQSB=0.454933;BQB=0.140398;MQ0F=0.0851064;AF1=1;AC1=1;DP4=135,6,79,0;MQ=11;FQ=-999;PV4=0.090161,3.16511e-09,1,1",GT:PL,"1:33,0",YHL050C(-)
chrVIII,1846,.,A,G,59.0051,.,"DP=223;VDB=0.0616458;SGB=-0.693147;MQSB=0.00881348;MQ0F=0.00448431;AF1=1;AC1=1;DP4=0,0,26,192;MQ=8;FQ=-999",GT:PL,"1:89,0",YHL050C(-)
chrVIII,1997,.,T,C,212.007,.,"DP=248;VDB=0.999982;SGB=-0.693147;RPB=0.0189478;MQB=5.00507e-06;MQSB=7.18742e-05;BQB=0.976907;MQ0F=0.0120968;AF1=1;AC1=1;DP4=7,9,0,200;MQ=33;FQ=-999;PV4=2.89957e-09,1,1,1",GT:PL,"1:242,0",N/A
chrVIII,2068,.,A,T,121.006,.,"DP=249;VDB=1;SGB=-0.693147;RPB=0.956797;MQB=0.0876382;MQSB=0.0661399;BQB=0.957736;MQ0F=0.0763052;AF1=1;AC1=1;DP4=3,17,0,223;MQ=24;FQ=-999;PV4=0.000482633,0.456578,1,1",GT:PL,"1:151,0",N/A
chrVIII,4844,.,C,T,13.2167,.,"DP=2;VDB=0.1;SGB=-0.453602;MQ0F=0;AF1=1;AC1=1;DP4=0,0,2,0;MQ=24;FQ=-999",GT:PL,"1:43,0",N/A
chrVIII,4856,.,G,A,13.2167,.,"DP=2;VDB=0.1;SGB=-0.453602;MQ0F=0;AF1=1;AC1=1;DP4=0,0,2,0;MQ=24;FQ=-999",GT:PL,"1:43,0",N/A
chrVIII,4858,.,T,G,13.2167,.,"DP=2;VDB=0.1;SGB=-0.453602;MQ0F=0;AF1=1;AC1=1;DP4=0,0,2,0;MQ=24;FQ=-999",GT:PL,"1:43,0",N/A
chrVIII,5283,.,T,"C,A",8.64278,.,"DP=3;VDB=0.901652;SGB=-0.511536;MQSB=1;MQ0F=0;AF1=1;AC1=1;DP4=0,0,1,2;MQ=19;FQ=-999",GT:PL,"1:38,0,37",N/A
chrVIII,5556,.,C,T,136.006,.,"DP=28;VDB=0.367063;SGB=-0.692352;MQSB=0.00996087;MQ0F=0;AF1=1;AC1=1;DP4=0,0,15,6;MQ=24;FQ=-999",GT:PL,"1:166,0",N/A
chrVIII,5635,.,T,C,136.006,.,"DP=17;VDB=0.183242;SGB=-0.686358;RPB=0.428571;MQB=0;MQSB=0;BQB=0.785714;MQ0F=0;AF1=1;AC1=1;DP4=0,2,14,0;MQ=36;FQ=-999;PV4=0.00833333,0.281843,1,0.434894",GT:PL,"1:166,0",N/A
chrVIII,5700,.,A,G,108.006,.,"DP=10;VDB=0.362972;SGB=-0.670168;MQ0F=0;AF1=1;AC1=1;DP4=0,0,10,0;MQ=29;FQ=-999",GT:PL,"1:138,0",YHL048C-A(-)
chrVIII,5706,.,C,G,106.006,.,"DP=10;VDB=0.337328;SGB=-0.670168;MQ0F=0;AF1=1;AC1=1;DP4=0,0,10,0;MQ=29;FQ=-999",GT:PL,"1:136,0",YHL048C-A(-)
chrVIII,5709,.,C,G,101.006,.,"DP=10;VDB=0.356497;SGB=-0.670168;MQ0F=0;AF1=1;AC1=1;DP4=0,0,10,0;MQ=29;FQ=-999",GT:PL,"1:131,0",YHL048C-A(-)
chrVIII,5717,.,T,"C,A",36.0059,.,"DP=9;VDB=0.458326;SGB=-0.590765;MQ0F=0;AF1=1;AC1=1;DP4=0,0,5,0;MQ=23;FQ=-999",GT:PL,"1:66,0,58",YHL048C-A(-)
chrVIII,5724,.,C,T,55.0051,.,"DP=6;VDB=0.752618;SGB=-0.616816;MQ0F=0;AF1=1;AC1=1;DP4=0,0,6,0;MQ=23;FQ=-999",GT:PL,"1:85,0",YHL048C-A(-)
chrVIII,5759,.,G,A,78.0053,.,"DP=31;VDB=6.48186e-08;SGB=-0.693079;RPB=1;MQB=1;BQB=1;MQ0F=0.0645161;AF1=1;AC1=1;DP4=1,0,29,0;MQ=22;FQ=-999;PV4=1,0.353663,1,0.481428",GT:PL,"1:108,0",YHL048C-A(-)
chrVIII,5775,.,G,C,78.0053,.,"DP=30;VDB=8.85859e-11;SGB=-0.692976;RPB=0.561624;MQB=0.0202419;BQB=0.865688;MQ0F=0.0666667;AF1=1;AC1=1;DP4=3,0,26,0;MQ=22;FQ=-999;PV4=1,0.232105,1,0.31068",GT:PL,"1:108,0",YHL048C-A(-)
chrVIII,5777,.,G,A,78.0053,.,"DP=31;VDB=6.90541e-12;SGB=-0.693097;MQ0F=0.0645161;AF1=1;AC1=1;DP4=0,0,30,0;MQ=21;FQ=-999",GT:PL,"1:108,0",YHL048C-A(-)
chrVIII,5788,.,T,G,76.0053,.,"DP=37;VDB=0.0333811;SGB=-0.693139;MQ0F=0.108108;AF1=1;AC1=1;DP4=0,0,36,0;MQ=21;FQ=-999",GT:PL,"1:106,0",YHL048C-A(-)
chrVIII,5806,.,C,T,74.0053,.,"DP=39;VDB=0.849641;SGB=-0.693136;RPB=0.857143;MQB=0.0857143;BQB=0.914286;MQ0F=0.128205;AF1=1;AC1=1;DP4=2,0,35,0;MQ=20;FQ=-999;PV4=1,0.349,1,1",GT:PL,"1:104,0",N/A
chrVIII,5830,.,C,T,52.005,.,"DP=12;VDB=0.000117932;SGB=-0.680642;MQ0F=0.25;AF1=1;AC1=1;DP4=0,0,12,0;MQ=17;FQ=-999",GT:PL,"1:82,0",N/A
chrVIII,5837,.,A,C,46.005,.,"DP=12;VDB=0.000145467;SGB=-0.680642;MQ0F=0.25;AF1=1;AC1=1;DP4=0,0,12,0;MQ=17;FQ=-999",GT:PL,"1:76,0",N/A
chrVIII,5838,.,A,G,52.005,.,"DP=12;VDB=0.000161391;SGB=-0.680642;MQ0F=0.25;AF1=1;AC1=1;DP4=0,0,12,0;MQ=17;FQ=-999",GT:PL,"1:82,0",N/A
chrVIII,5856,.,G,A,5.45858,.,"DP=9;VDB=0.0117389;SGB=-0.556411;MQ0F=0.111111;AF1=1;AC1=1;DP4=0,0,4,0;MQ=13;FQ=-999",GT:PL,"1:34,0",N/A
chrVIII,5942,.,G,A,40.0053,.,"DP=4;VDB=0.828494;SGB=-0.556411;MQ0F=0;AF1=1;AC1=1;DP4=0,0,0,4;MQ=29;FQ=-999",GT:PL,"1:70,0",N/A
chrVIII,6125,.,C,T,108.006,.,"DP=10;VDB=0.300269;SGB=-0.670168;MQ0F=0;AF1=1;AC1=1;DP4=0,0,0,10;MQ=29;FQ=-999",GT:PL,"1:138,0",N/A
chrVIII,6396,.,CGA,C,5.0803,.,"INDEL;IDV=53;IMF=0.736111;DP=72;VDB=1.47625e-08;SGB=-0.693145;MQSB=1.40112e-07;MQ0F=0.0277778;AF1=1;AC1=1;DP4=14,17,40,1;MQ=10;FQ=-999;PV4=2.67395e-07,1,1,1.52665e-08",GT:PL,"1:41,0",N/A
chrVIII,17534,.,ATTTTTTTTTTT,"ATTTTTTTTTTTT,ATTTTTTTTTTTTT",6.55188,.,"INDEL;IDV=43;IMF=0.68254;DP=63;VDB=0.010361;SGB=-0.693147;MQSB=0.916192;MQ0F=0;AF1=1;AC1=1;DP4=11,1,34,17;MQ=41;FQ=-999;PV4=0.153203,1,1,1",GT:PL,"1:43,58,0,60,117,41",YHL041W(+)
chrVIII,85508,.,TTATATATAT,TTATATAT,24.4818,.,"INDEL;IDV=6;IMF=0.3;DP=20;VDB=0.998852;SGB=-0.662043;MQSB=0.3611;MQ0F=0;AF1=0.5;AC1=1;DP4=1,10,7,2;MQ=36;FQ=-999;PV4=0.00452489,1,1,1",GT:PL,"1:196,0,134",N/A
chrVIII,216123,.,C,T,88.0055,.,"DP=131;VDB=0.781348;SGB=-0.69312;RPB=0.998895;MQB=1.18737e-08;MQSB=0.00047886;BQB=0.873497;MQ0F=0.00763359;AF1=1;AC1=1;DP4=31,58,26,6;MQ=18;FQ=-999;PV4=8.14998e-06,0.324776,1,1",GT:PL,"1:118,0",YHR056C(-)
chrVIII,417054,.,G,A,225.007,.,"DP=132;VDB=3.87482e-12;SGB=-0.693147;MQSB=0.980923;MQ0F=0;AF1=1;AC1=1;DP4=0,0,36,89;MQ=42;FQ=-999",GT:PL,"1:255,0",YHR158C(-)
chrVIII,499958,.,C,T,225.007,.,"DP=247;VDB=2.25468e-08;SGB=-0.693147;MQSB=0.998183;MQ0F=0;AF1=1;AC1=1;DP4=0,0,228,17;MQ=42;FQ=-999",GT:PL,"1:255,0",YHR201C(-)
chrVIII,511255,.,C,T,225.007,.,"DP=238;VDB=0.0038912;SGB=-0.693147;MQSB=0.993674;MQ0F=0;AF1=1;AC1=1;DP4=0,0,41,177;MQ=42;FQ=-999",GT:PL,"1:255,0",YHR205W(+)
chrVIII,524447,.,C,G,225.007,.,"DP=75;VDB=0.986002;SGB=-0.693147;MQSB=0.993333;MQ0F=0;AF1=1;AC1=1;DP4=0,0,52,16;MQ=42;FQ=-999",GT:PL,"1:255,0",N/A
chrIX,23214,.,T,G,37.0057,.,"DP=78;VDB=0.0678186;SGB=-0.693147;MQSB=0.295082;MQ0F=0;AF1=1;AC1=1;DP4=0,0,61,2;MQ=10;FQ=-999",GT:PL,"1:67,0",YIL169C(-)
chrIX,23282,.,TCC,TC,14.6187,.,"INDEL;IDV=149;IMF=0.756345;DP=197;VDB=0.000294628;SGB=-0.693147;MQ0F=0.0101523;AF1=0.510155;AC1=1;DP4=55,0,142,0;MQ=30;FQ=-999;PV4=1,1,1,2.37822e-07",GT:PL,"1:66,0,14",YIL169C(-)
chrIX,105433,.,AAATAATAAT,AAATAATAATAAT,211.469,.,"INDEL;IDV=13;IMF=0.590909;DP=22;VDB=0.930219;SGB=-0.692067;MQSB=1;MQ0F=0;AF1=0.571816;AC1=1;DP4=1,1,11,9;MQ=42;FQ=-999;PV4=1,1,1,1",GT:PL,"1:255,0,6",YIL130W(+)
chrIX,138429,.,A,"G,C",3.01251,.,"DP=14;VDB=0.735663;SGB=-0.556411;MQSB=1;MQ0F=0;AF1=1;AC1=1;DP4=0,0,3,1;MQ=34;FQ=-999",GT:PL,"1:32,2,23",N/A
chrIX,318694,.,T,A,225.007,.,"DP=185;VDB=0.0235978;SGB=-0.693147;MQSB=1;MQ0F=0;AF1=1;AC1=1;DP4=0,0,42,137;MQ=42;FQ=-999",GT:PL,"1:255,0",YIL017C(-)
chrIX,439882,.,TGTGTG,TGTGTGGGTGTG,32.4688,.,"INDEL;IDV=5;IMF=0.0833333;DP=60;VDB=1.87199e-36;SGB=-0.693145;MQ0F=0.116667;AF1=0.5;AC1=1;DP4=0,19,0,41;MQ=34;FQ=-999;PV4=1,1,0.100896,1",GT:PL,"1:180,110",N/A
chrIX,439884,.,TGTG,TGTGGGTGTGGGTG,56.4667,.,"INDEL;IDV=1;IMF=0.0166667;DP=60;VDB=3.75548e-43;SGB=-0.693139;MQ0F=0.116667;AF1=0.5;AC1=1;DP4=0,24,0,36;MQ=34;FQ=-999;PV4=1,1,1,1",GT:PL,"1:182,0,88",N/A
chrX,97478,.,G,A,225.007,.,"DP=178;VDB=0.000212768;SGB=-0.693147;MQSB=0.994238;MQ0F=0;AF1=1;AC1=1;DP4=0,0,105,72;MQ=42;FQ=-999",GT:PL,"1:255,0",N/A
chrX,100335,.,C,T,225.007,.,"DP=250;VDB=2.07387e-11;SGB=-0.693147;MQSB=0.988436;MQ0F=0;AF1=1;AC1=1;DP4=0,0,127,102;MQ=42;FQ=-999",GT:PL,"1:255,0",YJL171C(-)
chrX,199170,.,A,C,38.0055,.,"DP=69;VDB=0.0544565;SGB=-0.693147;RPB=1;MQB=1;MQSB=0.998511;BQB=1;MQ0F=0;AF1=1;AC1=1;DP4=0,1,13,54;MQ=8;FQ=-999;PV4=1,1,1,1",GT:PL,"1:68,0",YJL113W(+)
chrX,200219,.,A,G,32.0075,.,"DP=28;VDB=0.516733;SGB=-0.692831;MQSB=0.0452869;MQ0F=0;AF1=1;AC1=1;DP4=0,0,5,19;MQ=7;FQ=-999",GT:PL,"1:62,0",YJL113W(+)
chrX,278977,.,CAGAGAG,CAGAG,217.469,.,"INDEL;IDV=152;IMF=0.868571;DP=175;VDB=0.232379;SGB=-0.693147;MQSB=0.990748;MQ0F=0;AF1=1;AC1=1;DP4=6,8,122,39;MQ=42;FQ=-999;PV4=0.0125212,1,0.338511,1",GT:PL,"1:255,163,0",YJL083W(+)
chrX,715095,.,G,A,10.418,.,"DP=246;VDB=0.000112641;SGB=-0.693147;RPB=2.09666e-07;MQB=0.0780733;MQSB=0.0146243;BQB=0.954633;MQ0F=0.0772358;AF1=0.500063;AC1=1;DP4=69,89,61,25;MQ=17;FQ=-999;PV4=5.16493e-05,0.326497,1,0.224747",GT:PL,"1:76,36",YJR151C(-)
chrXI,457,.,CG,CAG,217.469,.,"INDEL;IDV=150;IMF=0.925926;DP=162;VDB=0.998855;SGB=-0.693147;MQSB=1.62671e-07;MQ0F=0.0185185;AF1=1;AC1=1;DP4=4,7,82,69;MQ=26;FQ=-999;PV4=0.350478,1,1,1",GT:PL,"1:255,255,0",YKL225W(+)
chrXI,451568,.,GGAACACGAACACGAACA,GGAACACGAACA,217.469,.,"INDEL;IDV=173;IMF=0.772321;DP=224;VDB=8.35354e-06;SGB=-0.693147;MQSB=0.0102834;MQ0F=0;AF1=1;AC1=1;DP4=9,17,62,136;MQ=40;FQ=-999;PV4=0.823071,1,0.0089474,1",GT:PL,"1:255,117,0",YKR007W(+)
chrXI,666556,.,GT,G,217.469,.,"INDEL;IDV=201;IMF=0.917808;DP=219;VDB=4.82039e-06;SGB=-0.693147;MQSB=0.00160573;MQ0F=0.00456621;AF1=1;AC1=1;DP4=2,14,18,185;MQ=39;FQ=-999;PV4=0.645429,1,1,1",GT:PL,"1:255,255,0",N/A
chrXI,666557,.,TG,T,217.469,.,"INDEL;IDV=11;IMF=0.0497738;DP=221;VDB=1.28889e-05;SGB=-0.693147;MQSB=0.0016436;MQ0F=0.00452489;AF1=1;AC1=1;DP4=2,15,18,186;MQ=39;FQ=-999;PV4=0.65652,1,1,1",GT:PL,"1:255,255,0",N/A
chrXII,13,.,CCAC,CCCACACACCACAC,75.4669,.,"INDEL;IDV=3;IMF=0.157895;DP=19;VDB=5.6529e-08;SGB=-0.680642;MQ0F=0.0526316;AF1=1;AC1=1;DP4=7,0,12,0;MQ=33;FQ=-999;PV4=1,1,1,1",GT:PL,"1:113,10,0",N/A
chrXII,187137,.,ATTT,ATT,186.468,.,"INDEL;IDV=147;IMF=0.821229;DP=179;VDB=0.806853;SGB=-0.693147;MQSB=0.994305;MQ0F=0;AF1=1;AC1=1;DP4=6,11,88,74;MQ=42;FQ=-999;PV4=0.201038,1,1,1",GT:PL,"1:224,159,0",N/A
chrXII,291384,.,A,G,225.007,.,"DP=236;VDB=5.1311e-08;SGB=-0.693147;MQSB=0.98792;MQ0F=0;AF1=1;AC1=1;DP4=0,0,76,149;MQ=42;FQ=-999",GT:PL,"1:255,0",YLR081W(+)
chrXII,291386,.,A,G,225.007,.,"DP=232;VDB=8.93945e-09;SGB=-0.693147;MQSB=0.988321;MQ0F=0;AF1=1;AC1=1;DP4=0,0,76,147;MQ=42;FQ=-999",GT:PL,"1:255,0",YLR081W(+)
chrXII,468701,.,T,C,30.0091,.,"DP=249;VDB=0.247255;SGB=-0.690438;RPB=0.296681;MQB=4.99405e-05;MQSB=0.650591;BQB=0.781397;MQ0F=0;AF1=1;AC1=1;DP4=141,90,15,2;MQ=9;FQ=-999;PV4=0.0346833,0.0372893,1,1",GT:PL,"1:60,0",N/A
chrXII,474417,.,ACC,ACCC,107.467,.,"INDEL;IDV=7;IMF=0.7;DP=10;VDB=0.0735697;SGB=-0.636426;MQ0F=0;AF1=1;AC1=1;DP4=3,0,7,0;MQ=35;FQ=-999;PV4=1,1,1,1",GT:PL,"1:145,9,0",N/A
chrXII,475970,.,TTTG,TTTGAGACATTG,29.4712,.,"INDEL;IDV=4;IMF=0.8;DP=5;VDB=0.0256605;SGB=-0.556411;MQ0F=0;AF1=1;AC1=1;DP4=0,1,0,4;MQ=21;FQ=-999;PV4=1,1,1,1",GT:PL,"1:67,8,0",YLR157W-D(+)
chrXII,528749,.,T,A,225.007,.,"DP=245;VDB=0.000437976;SGB=-0.693147;MQSB=1;MQ0F=0;AF1=1;AC1=1;DP4=0,0,125,115;MQ=42;FQ=-999",GT:PL,"1:255,0",YLR188W(+)
chrXII,725936,.,G,A,220.007,.,"DP=100;VDB=0.361524;SGB=-0.693147;MQ0F=0;AF1=1;AC1=1;DP4=0,0,91,0;MQ=42;FQ=-999",GT:PL,"1:250,0",N/A
chrXII,732280,.,GCA,GCAGGATCCTCA,6.55188,.,"INDEL;IDV=2;IMF=0.222222;DP=9;VDB=0.000466317;SGB=-0.590765;MQ0F=0;AF1=0.500004;AC1=1;DP4=0,4,0,5;MQ=30;FQ=-999;PV4=1,1,1,0.373206",GT:PL,"1:91,0,48",YLR302C(-)
chrXII,732281,.,CA,CAGGATCCTCAGA,60.4667,.,"INDEL;IDV=3;IMF=0.333333;DP=9;VDB=0.000716595;SGB=-0.651104;MQ0F=0;AF1=0.593902;AC1=1;DP4=0,1,0,8;MQ=30;FQ=-999;PV4=1,1,0.0993674,1",GT:PL,"1:103,0,5",YLR302C(-)
chrXII,734703,.,T,A,151.006,.,"DP=13;VDB=0.00013894;SGB=-0.670168;MQ0F=0;AF1=1;AC1=1;DP4=0,0,10,0;MQ=42;FQ=-999",GT:PL,"1:181,0",N/A
chrXII,784382,.,GCC,GCCC,217.469,.,"INDEL;IDV=162;IMF=0.936416;DP=173;VDB=0.0458069;SGB=-0.693147;MQSB=0.998436;MQ0F=0;AF1=1;AC1=1;DP4=4,2,101,66;MQ=42;FQ=-999;PV4=1,1,0.418439,1",GT:PL,"1:255,255,0",N/A
chrXII,828903,.,C,T,225.007,.,"DP=217;VDB=0.00721382;SGB=-0.693147;MQSB=0.99707;MQ0F=0;AF1=1;AC1=1;DP4=0,0,192,20;MQ=42;FQ=-999",GT:PL,"1:255,0",YLR350W(+)
chrXII,1012325,.,G,GGCTC,4.41606,.,"INDEL;IDV=3;IMF=0.0174419;DP=172;VDB=0.99739;SGB=-0.662043;MQSB=0.00752564;MQ0F=0;AF1=1;AC1=1;DP4=95,68,9,0;MQ=38;FQ=-999;PV4=0.0121497,1,1,8.32959e-06",GT:PL,"1:40,255,0",N/A
chrXII,1039435,.,T,A,225.007,.,"DP=139;VDB=0.00725994;SGB=-0.693147;MQSB=1;MQ0F=0;AF1=1;AC1=1;DP4=0,0,100,32;MQ=42;FQ=-999",GT:PL,"1:255,0",YLR452C(-)
chrXII,1065039,.,T,G,225.007,.,"DP=155;VDB=0.000339119;SGB=-0.693147;RPB=0.000134134;MQB=3.24812e-05;MQSB=0.234232;BQB=0.522819;MQ0F=0.0193548;AF1=1;AC1=1;DP4=5,3,13,117;MQ=39;FQ=-999;PV4=0.000958369,1,1,1",GT:PL,"1:255,0",N/A
chrXIII,34473,.,T,G,225.007,.,"DP=228;VDB=0.153166;SGB=-0.693147;MQSB=0.929808;MQ0F=0;AF1=1;AC1=1;DP4=0,0,151,59;MQ=42;FQ=-999",GT:PL,"1:255,0",YML117W(+)
chrXIII,325905,.,T,A,225.007,.,"DP=194;VDB=1.61918e-05;SGB=-0.693147;MQSB=0.998882;MQ0F=0;AF1=1;AC1=1;DP4=0,0,164,23;MQ=42;FQ=-999",GT:PL,"1:255,0",YMR027W(+)
chrXIII,448333,.,G,A,225.007,.,"DP=223;VDB=5.01566e-07;SGB=-0.693147;MQSB=0.996795;MQ0F=0;AF1=1;AC1=1;DP4=0,0,133,77;MQ=42;FQ=-999",GT:PL,"1:255,0",N/A
chrXIII,448334,.,A,G,225.007,.,"DP=223;VDB=3.52089e-07;SGB=-0.693147;MQSB=0.996795;MQ0F=0;AF1=1;AC1=1;DP4=0,0,133,77;MQ=42;FQ=-999",GT:PL,"1:255,0",N/A
chrXIII,630505,.,A,G,225.007,.,"DP=53;VDB=0.8782;SGB=-0.693147;MQSB=1;MQ0F=0;AF1=1;AC1=1;DP4=0,0,41,8;MQ=42;FQ=-999",GT:PL,"1:255,0",YMR185W(+)
chrXIII,672129,.,T,C,225.007,.,"DP=130;VDB=0.853845;SGB=-0.693147;MQSB=1;MQ0F=0;AF1=1;AC1=1;DP4=0,0,108,17;MQ=42;FQ=-999",GT:PL,"1:255,0",YMR205C(-)
chrXIII,680936,.,T,C,225.007,.,"DP=87;VDB=0.106512;SGB=-0.693147;MQSB=0.704165;MQ0F=0;AF1=1;AC1=1;DP4=0,0,12,69;MQ=42;FQ=-999",GT:PL,"1:255,0",YMR207C(-)
chrXIII,680940,.,C,T,225.007,.,"DP=84;VDB=0.11407;SGB=-0.693147;MQSB=0.704165;MQ0F=0;AF1=1;AC1=1;DP4=0,0,12,69;MQ=42;FQ=-999",GT:PL,"1:255,0",YMR207C(-)
chrXIII,708291,.,T,C,225.007,.,"DP=228;VDB=0.000144019;SGB=-0.693147;MQSB=0.999039;MQ0F=0;AF1=1;AC1=1;DP4=0,0,28,195;MQ=42;FQ=-999",GT:PL,"1:255,0",YMR219W(+)
chrXIII,809198,.,A,G,225.007,.,"DP=125;VDB=2.82364e-05;SGB=-0.693147;MQSB=1;MQ0F=0;AF1=1;AC1=1;DP4=0,0,57,61;MQ=42;FQ=-999",GT:PL,"1:255,0",N/A
chrXIII,924341,.,G,T,124.006,.,"DP=53;VDB=5.35771e-06;SGB=-0.693136;RPB=0.170843;MQB=0.00143651;MQSB=0.215909;BQB=0.00227005;MQ0F=0.0377358;AF1=0.829413;AC1=1;DP4=1,10,1,34;MQ=34;FQ=-999;PV4=0.425121,1,1,1",GT:PL,"1:155,1",N/A
chrXIV,6650,.,A,C,12.27,.,"DP=51;VDB=0.399491;SGB=-0.680642;RPB=0.854223;MQB=0.282273;MQSB=0.883646;BQB=0.317069;MQ0F=0.137255;AF1=0.516287;AC1=1;DP4=9,12,4,8;MQ=15;FQ=-999;PV4=0.718818,1,1,1",GT:PL,"1:54,12",YNL338W(+)
chrXIV,6652,.,C,A,11.3361,.,"DP=45;VDB=0.242212;SGB=-0.690438;RPB=0.771425;MQB=0.698868;MQSB=0.676414;BQB=0.0930396;MQ0F=0.2;AF1=0.501582;AC1=1;DP4=7,9,6,11;MQ=15;FQ=-999;PV4=0.728282,1,1,1",GT:PL,"1:63,22",YNL338W(+)
chrXIV,7478,.,A,AT,129.468,.,"INDEL;IDV=51;IMF=0.836066;DP=61;VDB=0.000580921;SGB=-0.693147;MQSB=0.983601;MQ0F=0;AF1=1;AC1=1;DP4=0,0,18,43;MQ=15;FQ=-999",GT:PL,"1:167,184,0",N/A
chrXIV,14333,.,GC,GCC,55.4667,.,"INDEL;IDV=49;IMF=1;DP=49;VDB=1.74212e-09;SGB=-0.693147;MQ0F=0;AF1=1;AC1=1;DP4=0,1,0,48;MQ=14;FQ=-999;PV4=1,1,1,1",GT:PL,"1:93,131,0",N/A
chrXIV,140381,.,CA,CAA,8.18204,.,"INDEL;IDV=2;IMF=0.5;DP=4;VDB=0.00835905;SGB=-0.453602;MQSB=1;MQ0F=0;AF1=1;AC1=1;DP4=1,1,2,0;MQ=30;FQ=-999;PV4=1,1,1,0",GT:PL,"1:45,1,0",YNL268W(+)
chrXIV,312328,.,AACGACGACG,AACGACG,217.469,.,"INDEL;IDV=121;IMF=0.896296;DP=135;VDB=0.00784524;SGB=-0.693147;MQSB=0.591148;MQ0F=0;AF1=1;AC1=1;DP4=4,1,100,30;MQ=41;FQ=-999;PV4=1,1,1,1",GT:PL,"1:255,255,0",YNL172W(+)
chrXIV,312335,.,ACGT,A,53.4667,.,"INDEL;IDV=1;IMF=0.00689655;DP=145;VDB=0.0670522;SGB=-0.693147;MQSB=0.603832;MQ0F=0;AF1=0.730437;AC1=1;DP4=20,14,92,19;MQ=41;FQ=-999;PV4=0.00523894,1,1,1",GT:PL,"1:93,0,2",YNL172W(+)
chrXIV,377887,.,G,T,225.007,.,"DP=248;VDB=0.555928;SGB=-0.693147;RPB=1;MQB=1;MQSB=0.999904;BQB=1;MQ0F=0;AF1=1;AC1=1;DP4=1,0,112,128;MQ=42;FQ=-999;PV4=0.46888,1,0.46367,0.148234",GT:PL,"1:255,0",YNL132W(+)
chrXIV,439397,.,GTTTTTT,GTTTTTTT,137.468,.,"INDEL;IDV=96;IMF=0.90566;DP=106;VDB=1.05149e-06;SGB=-0.693147;MQSB=0.992867;MQ0F=0;AF1=1;AC1=1;DP4=1,8,11,86;MQ=42;FQ=-999;PV4=1,1,1,1",GT:PL,"1:175,180,0",N/A
chrXIV,471767,.,A,G,225.007,.,"DP=145;VDB=3.51994e-06;SGB=-0.693147;MQSB=1;MQ0F=0;AF1=1;AC1=1;DP4=0,0,101,36;MQ=42;FQ=-999",GT:PL,"1:255,0",YNL083W(+)
chrXIV,520142,.,A,C,30.0091,.,"DP=76;VDB=1.26137e-05;SGB=-0.693147;RPB=1;MQB=1;MQSB=0.0371635;BQB=1;MQ0F=0;AF1=1;AC1=1;DP4=0,1,5,67;MQ=5;FQ=-999;PV4=1,1,0.230436,1",GT:PL,"1:60,0","YNL054W-A(+),YNL054W-B(+)"
chrXV,2,.,CACC,CACCCACACC,9.04412,.,"INDEL;IDV=4;IMF=0.5;DP=8;VDB=1.60207e-05;SGB=-0.556411;MQ0F=0.125;AF1=0.512851;AC1=1;DP4=4,0,4,0;MQ=21;FQ=-999;PV4=1,1,1,0.177959",GT:PL,"1:59,0,13",N/A
chrXV,90,.,CCCAC,CC,217.469,.,"INDEL;IDV=157;IMF=0.862637;DP=182;VDB=0.35941;SGB=-0.693147;MQSB=0.0473652;MQ0F=0.0549451;AF1=1;AC1=1;DP4=28,3,151,0;MQ=38;FQ=-999;PV4=0.0045484,1,1,1",GT:PL,"1:255,196,0",N/A
chrXV,93,.,AC,ACC,61.4667,.,"INDEL;IDV=8;IMF=0.0412371;DP=194;VDB=0.345014;SGB=-0.686358;MQSB=0.195313;MQ0F=0.0412371;AF1=1;AC1=1;DP4=178,2,14,0;MQ=38;FQ=-999;PV4=1,1,1,1.87438e-10",GT:PL,"1:99,255,0",N/A
chrXV,50002,.,C,T,225.007,.,"DP=116;VDB=0.999632;SGB=-0.693147;MQSB=0.948336;MQ0F=0;AF1=1;AC1=1;DP4=0,0,80,29;MQ=42;FQ=-999",GT:PL,"1:255,0",YOL145C(-)
chrXV,50010,.,A,T,225.007,.,"DP=112;VDB=0.993011;SGB=-0.693147;MQSB=0.966515;MQ0F=0;AF1=1;AC1=1;DP4=0,0,76,23;MQ=42;FQ=-999",GT:PL,"1:255,0",YOL145C(-)
chrXV,50012,.,C,T,225.007,.,"DP=114;VDB=0.999999;SGB=-0.693147;MQSB=0.974534;MQ0F=0;AF1=1;AC1=1;DP4=0,0,81,23;MQ=42;FQ=-999",GT:PL,"1:255,0",YOL145C(-)
chrXV,60240,.,C,"T,A",225.007,.,"DP=52;VDB=0.282337;SGB=-0.692914;MQSB=0.0577071;MQ0F=0.0192308;AF1=1;AC1=1;DP4=0,0,8,17;MQ=34;FQ=-999",GT:PL,"1:255,0,253",N/A
chrXV,79297,.,C,G,225.007,.,"DP=153;VDB=0.926518;SGB=-0.693147;MQSB=0.871852;MQ0F=0;AF1=1;AC1=1;DP4=0,0,43,105;MQ=42;FQ=-999",GT:PL,"1:255,0",YOL128C(-)
chrXV,79304,.,A,T,225.007,.,"DP=162;VDB=0.966082;SGB=-0.693147;MQSB=0.994207;MQ0F=0;AF1=1;AC1=1;DP4=0,0,42,97;MQ=42;FQ=-999",GT:PL,"1:255,0",YOL128C(-)
chrXV,79305,.,T,A,225.007,.,"DP=162;VDB=0.961919;SGB=-0.693147;MQSB=0.994207;MQ0F=0;AF1=1;AC1=1;DP4=0,0,42,97;MQ=42;FQ=-999",GT:PL,"1:255,0",YOL128C(-)
chrXV,580195,.,G,A,225.007,.,"DP=34;VDB=0.273493;SGB=-0.693054;MQSB=1;MQ0F=0;AF1=1;AC1=1;DP4=0,0,24,4;MQ=42;FQ=-999",GT:PL,"1:255,0",YOR135C(-)
chrXV,722259,.,A,AGAGACT,139.468,.,"INDEL;IDV=1;IMF=0.047619;DP=21;VDB=2.34293e-09;SGB=-0.676189;MQSB=0.447416;MQ0F=0;AF1=1;AC1=1;DP4=4,6,3,8;MQ=37;FQ=-999;PV4=0.659443,1,1,1.17903e-06",GT:PL,"1:177,4,0",YOR202W(+)
chrXV,722438,.,G,GGT,73.4669,.,"INDEL;IDV=10;IMF=0.714286;DP=14;VDB=8.31042e-06;SGB=-0.616816;MQSB=0.209611;MQ0F=0;AF1=1;AC1=1;DP4=3,5,1,5;MQ=32;FQ=-999;PV4=0.58042,1,1,8.69134e-06",GT:PL,"1:111,1,0",YOR202W(+)
chrXV,773264,.,G,C,225.007,.,"DP=125;VDB=0.855243;SGB=-0.693147;MQSB=0.998671;MQ0F=0;AF1=1;AC1=1;DP4=0,0,12,110;MQ=42;FQ=-999",GT:PL,"1:255,0","YOR231W(+),YOR231C-A(-)"
chrXV,951241,.,C,T,225.007,.,"DP=127;VDB=0.100655;SGB=-0.693147;MQSB=1;MQ0F=0;AF1=1;AC1=1;DP4=0,0,27,96;MQ=42;FQ=-999",GT:PL,"1:255,0",YOR336W(+)
chrXVI,191944,.,C,T,225.007,.,"DP=187;VDB=1;SGB=-0.693147;MQSB=0.997158;MQ0F=0;AF1=1;AC1=1;DP4=0,0,102,61;MQ=42;FQ=-999",GT:PL,"1:255,0",YPL188W(+)
chrXVI,667520,.,T,G,225.007,.,"DP=138;VDB=0.993787;SGB=-0.693147;RPB=1;MQB=1;MQSB=0.987732;BQB=1;MQ0F=0;AF1=1;AC1=1;DP4=0,1,25,97;MQ=42;FQ=-999;PV4=1,1,1,0.107678",GT:PL,"1:255,0",N/A
chrXVI,677102,.,A,G,225.007,.,"DP=144;VDB=0.99623;SGB=-0.693147;MQSB=0.997262;MQ0F=0;AF1=1;AC1=1;DP4=0,0,52,65;MQ=42;FQ=-999",GT:PL,"1:255,0",N/A
chrXVI,759400,.,T,G,225.007,.,"DP=238;VDB=0.318745;SGB=-0.693147;MQSB=0.97738;MQ0F=0;AF1=1;AC1=1;DP4=0,0,107,122;MQ=42;FQ=-999",GT:PL,"1:255,0",YPR116W(+)
chrXVI,890346,.,T,A,225.007,.,"DP=156;VDB=0.966714;SGB=-0.693147;RPB=1;MQB=1;MQSB=1;BQB=1;MQ0F=0;AF1=1;AC1=1;DP4=0,1,109,41;MQ=42;FQ=-999;PV4=0.278146,1,1,1",GT:PL,"1:255,0",YPR175W(+)
chrmt,13802,.,T,A,179.007,.,"DP=31;VDB=4.50086e-06;SGB=-0.692976;MQ0F=0;AF1=1;AC1=1;DP4=0,0,26,0;MQ=42;FQ=-999",GT:PL,"1:209,0",N/A
chrmt,20345,.,GAAA,GAA,207.469,.,"INDEL;IDV=103;IMF=0.824;DP=125;VDB=1.1667e-10;SGB=-0.693147;MQSB=0.749222;MQ0F=0;AF1=1;AC1=1;DP4=6,24,38,57;MQ=40;FQ=-999;PV4=0.0509155,1,1,1",GT:PL,"1:245,8,0",N/A
chrmt,20934,.,T,G,225.007,.,"DP=238;VDB=0.77432;SGB=-0.693147;MQSB=0.976283;MQ0F=0;AF1=1;AC1=1;DP4=0,0,102,71;MQ=42;FQ=-999",GT:PL,"1:255,0","Q0065(+),Q0070(+),Q0045(+)"
chrmt,27587,.,A,T,60.0051,.,"DP=5;VDB=0.074936;SGB=-0.511536;MQ0F=0;AF1=1;AC1=1;DP4=0,0,3,0;MQ=42;FQ=-999",GT:PL,"1:90,0",N/A
chrmt,27987,.,T,A,6.97679,.,"DP=1;SGB=-0.379885;MQ0F=0;AF1=1;AC1=1;DP4=0,0,1,0;MQ=42;FQ=-999",GT:PL,"1:36,0",N/A
chrmt,33618,.,T,TTC,194.468,.,"INDEL;IDV=31;IMF=0.775;DP=40;VDB=0.988114;SGB=-0.693139;MQSB=0.743313;MQ0F=0;AF1=1;AC1=1;DP4=1,3,2,34;MQ=41;FQ=-999;PV4=0.277328,1,1,1",GT:PL,"1:232,18,0",N/A
chrmt,33743,.,T,A,214.007,.,"DP=22;VDB=0.293209;SGB=-0.691153;MQSB=0.875;MQ0F=0;AF1=1;AC1=1;DP4=0,0,16,2;MQ=42;FQ=-999",GT:PL,"1:244,0",N/A
chrmt,39517,.,G,T,225.007,.,"DP=51;VDB=0.700292;SGB=-0.693143;MQSB=0.9869;MQ0F=0;AF1=1;AC1=1;DP4=0,0,35,3;MQ=42;FQ=-999",GT:PL,"1:255,0",Q0115(+)
chrmt,43084,.,ATTTTTTTT,ATTTTTTTTT,84.467,.,"INDEL;IDV=84;IMF=0.884211;DP=95;VDB=0.177424;SGB=-0.693147;MQSB=0.965455;MQ0F=0;AF1=1;AC1=1;DP4=7,4,12,72;MQ=42;FQ=-999;PV4=0.000899425,1,1,1",GT:PL,"1:122,145,0",N/A
chrmt,82507,.,T,A,225.007,.,"DP=21;VDB=0.0579805;SGB=-0.690438;MQSB=0.951229;MQ0F=0;AF1=1;AC1=1;DP4=0,0,12,5;MQ=34;FQ=-999",GT:PL,"1:255,0",N/A
