#CHROM,POS,ID,REF,ALT,QUAL,FILTER,INFO,FORMAT,/home/rothlab/dtabet/MGY360/output/mgyV13/mgyV13_S222_R1_001_sorted.bam,CDS(Orientation)
chrI,1,.,CCACAC,"CCACACACCACACCCACAC,CCACCCACACACAC",60.4667,.,"INDEL;IDV=3;IMF=0.375;DP=8;VDB=1.33331e-05;SGB=-0.636426;MQ0F=0;AF1=1;AC1=1;DP4=1,0,7,0;MQ=29;FQ=-999;PV4=1,1,1,1",GT:PL,"1:100,13,2,88,0,88",N/A
chrI,3,.,ACAC,ACACACCCACAC,115.467,.,"INDEL;IDV=3;IMF=0.15;DP=20;VDB=1.17122e-09;SGB=-0.676189;MQ0F=0;AF1=0.543032;AC1=1;DP4=9,0,11,0;MQ=33;FQ=-999;PV4=1,1,1,0.0212462",GT:PL,"1:161,0,8",N/A
chrI,5,.,ACC,ACACACC,39.4669,.,"INDEL;IDV=12;IMF=0.461538;DP=26;VDB=5.51088e-11;SGB=-0.688148;MQ0F=0;AF1=0.5;AC1=1;DP4=11,0,15,0;MQ=34;FQ=-999;PV4=1,1,1,0.202321",GT:PL,"1:150,73",N/A
chrI,19971,.,CTTT,"CCTTTT,CTTTT",139.468,.,"INDEL;IDV=164;IMF=0.886486;DP=185;VDB=0.776515;SGB=-0.693147;MQSB=0.272846;MQ0F=0;AF1=1;AC1=1;DP4=2,6,97,80;MQ=14;FQ=-999;PV4=0.147907,1,1.44233e-07,1",GT:PL,"1:177,255,0,183,255,172",N/A
chrI,25340,.,C,A,190.007,.,"DP=216;VDB=0.70789;SGB=-0.693147;MQSB=5.65404e-09;MQ0F=0.0925926;AF1=1;AC1=1;DP4=0,0,114,96;MQ=15;FQ=-999",GT:PL,"1:220,0",YAL063C(-)
chrI,25488,.,G,A,77.0053,.,"DP=237;VDB=0.840422;SGB=-0.693147;RPB=2.5058e-06;MQB=0.990994;MQSB=1.60758e-06;BQB=0.553647;MQ0F=0.122363;AF1=1;AC1=1;DP4=10,44,22,140;MQ=18;FQ=-999;PV4=0.3818,1,1,0.0529493",GT:PL,"1:107,0",YAL063C(-)
chrI,25497,.,G,A,210.007,.,"DP=215;VDB=0.799719;SGB=-0.693147;RPB=0.0747661;MQB=0.373138;MQSB=8.68891e-08;BQB=0.997885;MQ0F=0.134884;AF1=1;AC1=1;DP4=2,4,27,176;MQ=18;FQ=-999;PV4=0.195686,0.470589,1,1",GT:PL,"1:240,0",YAL063C(-)
chrI,25506,.,C,T,58.0051,.,"DP=223;VDB=0.128279;SGB=-0.693147;RPB=2.92226e-09;MQB=0.332523;MQSB=1.48659e-05;BQB=0.0876653;MQ0F=0.107623;AF1=1;AC1=1;DP4=1,32,11,151;MQ=19;FQ=-999;PV4=0.694617,0.00169181,0.135959,1",GT:PL,"1:88,0",YAL063C(-)
chrI,25509,.,G,A,142.006,.,"DP=205;VDB=0.177046;SGB=-0.693147;RPB=0.00157952;MQB=0.678745;MQSB=3.3517e-05;BQB=0.136968;MQ0F=0.117073;AF1=1;AC1=1;DP4=2,3,11,162;MQ=18;FQ=-999;PV4=0.0435867,1,1,1",GT:PL,"1:172,0",YAL063C(-)
chrI,25512,.,T,G,55.0051,.,"DP=200;VDB=0.000161393;SGB=-0.693147;RPB=7.98671e-16;MQB=0.0471914;MQSB=3.04695e-05;BQB=0.963853;MQ0F=0.14;AF1=1;AC1=1;DP4=0,28,13,142;MQ=17;FQ=-999;PV4=0.223596,0.0671399,0.0125199,1",GT:PL,"1:85,0",YAL063C(-)
chrI,25515,.,A,G,59.0051,.,"DP=236;VDB=0.00106931;SGB=-0.693147;RPB=1.43212e-15;MQB=0.0243621;MQSB=2.28408e-05;BQB=0.0271902;MQ0F=0.114407;AF1=1;AC1=1;DP4=0,27,13,146;MQ=17;FQ=-999;PV4=0.220644,0.2347,0.00639594,1",GT:PL,"1:89,0",YAL063C(-)
chrI,25536,.,G,A,120.006,.,"DP=249;VDB=0.0153135;SGB=-0.693147;RPB=7.12188e-13;MQB=5.46182e-16;MQSB=3.2367e-17;BQB=0.811295;MQ0F=0.100402;AF1=1;AC1=1;DP4=67,1,3,170;MQ=16;FQ=-999;PV4=0,0.207757,1,1",GT:PL,"1:150,0",YAL063C(-)
chrI,25542,.,A,G,93.0055,.,"DP=249;VDB=0.000248583;SGB=-0.693147;RPB=2.72513e-17;MQB=1.18417e-17;MQSB=2.78196e-18;BQB=0.00989825;MQ0F=0.0883534;AF1=1;AC1=1;DP4=75,1,1,161;MQ=15;FQ=-999;PV4=0,5.47566e-05,1,1",GT:PL,"1:123,0",YAL063C(-)
chrI,25560,.,G,A,92.0055,.,"DP=250;VDB=2.02501e-11;SGB=-0.693147;RPB=3.32125e-17;MQB=1.92468e-20;MQSB=2.84257e-24;BQB=0.985775;MQ0F=0.096;AF1=1;AC1=1;DP4=111,1,6,126;MQ=13;FQ=-999;PV4=0,0.038441,1,1",GT:PL,"1:122,0",YAL063C(-)
chrI,25584,.,A,G,52.005,.,"DP=243;VDB=0.906351;SGB=-0.693147;RPB=1.35601e-06;MQB=1.93688e-16;MQSB=1.28693e-21;BQB=0.000161253;MQ0F=0.102881;AF1=1;AC1=1;DP4=140,2,10,90;MQ=11;FQ=-999;PV4=0,0.000231177,1,0.000125171",GT:PL,"1:82,0",YAL063C(-)
chrI,26412,.,G,C,4.7673,.,"DP=250;VDB=2.46099e-05;SGB=-0.693147;RPB=0.00880787;MQB=0.152371;MQSB=8.50307e-10;BQB=0.00544783;MQ0F=0.044;AF1=1;AC1=1;DP4=0,5,140,101;MQ=4;FQ=-999;PV4=0.0140622,1,1,1",GT:PL,"1:33,0",YAL063C(-)
chrI,26778,.,C,T,11.3361,.,"DP=249;VDB=0.195996;SGB=-0.693147;RPB=0.0563376;MQB=0.798151;MQSB=0.410318;BQB=0.398567;MQ0F=0.11245;AF1=1;AC1=1;DP4=52,30,155,8;MQ=6;FQ=-999;PV4=4.43259e-10,1,1,1",GT:PL,"1:41,0",YAL063C(-)
chrI,26793,.,A,G,12.27,.,"DP=252;VDB=8.4348e-07;SGB=-0.693147;RPB=9.29403e-11;MQB=0.108159;MQSB=0.358503;BQB=0.400362;MQ0F=0.142857;AF1=1;AC1=1;DP4=114,48,83,3;MQ=8;FQ=-999;PV4=1.56197e-07,1,1,1",GT:PL,"1:42,0",YAL063C(-)
chrI,26970,.,G,A,29.0102,.,"DP=248;VDB=1.09562e-14;SGB=-0.693147;RPB=1.19499e-11;MQB=6.21552e-08;MQSB=9.04874e-05;BQB=0.376201;MQ0F=0.233871;AF1=1;AC1=1;DP4=26,80,129,4;MQ=12;FQ=-999;PV4=4.67903e-35,0.176538,1,1",GT:PL,"1:59,0",YAL063C(-)
chrI,26973,.,A,G,37.0057,.,"DP=249;VDB=9.78872e-16;SGB=-0.693147;RPB=4.19447e-17;MQB=0.0011473;MQSB=0.000242942;BQB=0.943414;MQ0F=0.236948;AF1=1;AC1=1;DP4=11,78,143,4;MQ=12;FQ=-999;PV4=8.40779e-45,0.153797,1,1",GT:PL,"1:67,0",YAL063C(-)
chrI,26974,.,A,G,30.0091,.,"DP=246;VDB=2.6431e-17;SGB=-0.693147;RPB=1.87408e-08;MQB=4.22904e-07;MQSB=0.000412253;BQB=0.830603;MQ0F=0.243902;AF1=1;AC1=1;DP4=28,74,127,4;MQ=12;FQ=-999;PV4=6.32624e-32,0.310435,1,1",GT:PL,"1:60,0",YAL063C(-)
chrI,26981,.,T,C,43.0051,.,"DP=244;VDB=9.51614e-14;SGB=-0.693147;RPB=1.72857e-14;MQB=0.0108854;MQSB=0.000696525;BQB=0.00539385;MQ0F=0.27459;AF1=1;AC1=1;DP4=8,67,156,6;MQ=12;FQ=-999;PV4=1.90997e-42,1,1,1",GT:PL,"1:73,0",YAL063C(-)
chrI,26982,.,G,A,43.0051,.,"DP=247;VDB=1.22217e-13;SGB=-0.693147;RPB=1.53574e-12;MQB=0.0072569;MQSB=0.000776776;BQB=0.483132;MQ0F=0.275304;AF1=1;AC1=1;DP4=10,68,156,5;MQ=12;FQ=-999;PV4=2.54196e-42,1,1,1",GT:PL,"1:73,0",YAL063C(-)
chrI,26983,.,T,G,44.0051,.,"DP=249;VDB=2.29974e-12;SGB=-0.693147;RPB=6.13072e-14;MQB=0.0074327;MQSB=0.000803319;BQB=0.220913;MQ0F=0.273092;AF1=1;AC1=1;DP4=8,67,158,5;MQ=12;FQ=-999;PV4=1.1911e-43,1,1,1",GT:PL,"1:74,0",YAL063C(-)
chrI,27027,.,A,T,51.005,.,"DP=236;VDB=0.537111;SGB=-0.693147;RPB=3.36961e-07;MQB=0.0085804;MQSB=5.05808e-09;BQB=0.00811176;MQ0F=0.317797;AF1=1;AC1=1;DP4=4,55,149,22;MQ=13;FQ=-999;PV4=5.0054e-30,1,1,1",GT:PL,"1:81,0",YAL063C(-)
chrI,27035,.,T,C,33.0069,.,"DP=235;VDB=3.00903e-08;SGB=-0.693147;RPB=4.42298e-17;MQB=0.00366104;MQSB=3.09155e-11;BQB=0.949719;MQ0F=0.246809;AF1=1;AC1=1;DP4=8,81,101,23;MQ=12;FQ=-999;PV4=1.00421e-27,1,1,1",GT:PL,"1:63,0",YAL063C(-)
chrI,27036,.,G,A,32.0075,.,"DP=236;VDB=9.40834e-09;SGB=-0.693147;RPB=6.79038e-17;MQB=0.00258484;MQSB=7.43679e-11;BQB=0.974955;MQ0F=0.25;AF1=1;AC1=1;DP4=10,82,100,22;MQ=12;FQ=-999;PV4=5.73283e-27,0.451136,1,1",GT:PL,"1:62,0",YAL063C(-)
chrI,27044,.,C,T,28.0116,.,"DP=240;VDB=4.27528e-05;SGB=-0.693147;RPB=2.4105e-17;MQB=0.00222901;MQSB=5.59072e-14;BQB=3.09267e-06;MQ0F=0.2375;AF1=1;AC1=1;DP4=1,107,102,26;MQ=11;FQ=-999;PV4=1.60917e-40,1,1,1",GT:PL,"1:58,0",YAL063C(-)
chrI,27090,.,T,C,14.1739,.,"DP=243;VDB=4.64554e-18;SGB=-0.693147;RPB=1.27599e-29;MQB=0.819127;MQSB=7.07411e-14;BQB=5.67285e-08;MQ0F=0.263374;AF1=1;AC1=1;DP4=19,147,23,45;MQ=10;FQ=-999;PV4=0.00012409,1.73273e-10,1,5.16711e-11",GT:PL,"1:44,0",YAL063C(-)
chrI,27099,.,T,C,69.0052,.,"DP=243;VDB=1.27241e-18;SGB=-0.693147;RPB=1.38748e-33;MQB=0.892814;MQSB=6.3811e-20;BQB=0.00220534;MQ0F=0.292181;AF1=1;AC1=1;DP4=13,117,43,66;MQ=13;FQ=-999;PV4=9.38563e-08,1.26579e-09,1,0.323785",GT:PL,"1:99,0",YAL063C(-)
chrI,27105,.,A,"G,T",92.0055,.,"DP=232;VDB=1.0643e-22;SGB=-0.693147;RPB=1.18286e-33;MQB=0.255033;MQSB=6.34007e-24;BQB=0.00047648;MQ0F=0.310345;AF1=1;AC1=1;DP4=5,100,49,69;MQ=14;FQ=-999;PV4=2.23698e-11,1.42796e-05,1,1",GT:PL,"1:122,0,120",YAL063C(-)
chrI,27126,.,T,C,225.007,.,"DP=241;VDB=1.05062e-06;SGB=-0.693147;RPB=4.1366e-21;MQB=0.000693315;MQSB=4.31967e-29;BQB=0.000542344;MQ0F=0.286307;AF1=1;AC1=1;DP4=2,36,78,119;MQ=22;FQ=-999;PV4=1.01159e-05,1,1,1",GT:PL,"1:255,0",YAL063C(-)
chrI,27129,.,C,G,225.007,.,"DP=222;VDB=8.08319e-07;SGB=-0.693147;RPB=3.5872e-10;MQB=0.032442;MQSB=1.02462e-27;BQB=0.945606;MQ0F=0.306306;AF1=1;AC1=1;DP4=0,16,79,125;MQ=23;FQ=-999;PV4=0.000747884,0.336377,1,1",GT:PL,"1:255,0",YAL063C(-)
chrI,41475,.,G,T,225.007,.,"DP=249;VDB=0.994988;SGB=-0.693147;MQSB=0.975434;MQ0F=0;AF1=1;AC1=1;DP4=0,0,83,156;MQ=42;FQ=-999",GT:PL,"1:255,0",YAL056W(+)
chrI,141030,.,T,A,225.007,.,"DP=209;VDB=0.392913;SGB=-0.693147;RPB=1;MQB=1;MQSB=2.31893e-14;BQB=1;MQ0F=0;AF1=1;AC1=1;DP4=0,1,175,23;MQ=24;FQ=-999;PV4=0.120603,1,1,1",GT:PL,"1:255,0","YAL005C(-),YAL004W(+)"
chrI,141135,.,A,T,225.007,.,"DP=122;VDB=0.968732;SGB=-0.693147;RPB=1;MQB=1;MQSB=4.63899e-17;BQB=1;MQ0F=0;AF1=1;AC1=1;DP4=1,0,65,52;MQ=22;FQ=-999;PV4=1,1,0.419706,1",GT:PL,"1:255,0","YAL005C(-),YAL004W(+)"
chrI,183387,.,ACC,AC,217.469,.,"INDEL;IDV=66;IMF=0.970588;DP=68;VDB=1.69215e-07;SGB=-0.693147;MQSB=0.730498;MQ0F=0;AF1=1;AC1=1;DP4=1,4,35,28;MQ=24;FQ=-999;PV4=0.179672,1,1,1",GT:PL,"1:255,120,0",N/A
chrI,199811,.,T,G,225.007,.,"DP=56;VDB=0.0489475;SGB=-0.693147;MQSB=0.864883;MQ0F=0;AF1=1;AC1=1;DP4=0,0,31,16;MQ=41;FQ=-999",GT:PL,"1:255,0",N/A
chrI,205499,.,C,G,24.0219,.,"DP=248;VDB=5.08432e-21;SGB=-0.693147;RPB=0.0596708;MQB=0.234568;BQB=0.0576132;MQ0F=0.100806;AF1=1;AC1=1;DP4=2,0,243,0;MQ=8;FQ=-999;PV4=1,1,1,1",GT:PL,"1:54,0",YAR050W(+)
chrI,205519,.,C,A,36.0059,.,"DP=250;VDB=2.54242e-24;SGB=-0.693147;RPB=0.00544627;MQB=0.404381;MQSB=0.154472;BQB=0.0113284;MQ0F=0.092;AF1=1;AC1=1;DP4=4,0,242,2;MQ=9;FQ=-999;PV4=1,1,1,1",GT:PL,"1:66,0",YAR050W(+)
chrI,206126,.,T,C,15.1396,.,"DP=21;VDB=0.000393136;SGB=-0.690438;MQSB=0.117649;MQ0F=0.047619;AF1=1;AC1=1;DP4=0,0,9,8;MQ=7;FQ=-999",GT:PL,"1:45,0",YAR050W(+)
chrI,206129,.,A,C,13.2167,.,"DP=23;VDB=0.999891;SGB=-0.692352;MQSB=0.554308;MQ0F=0.130435;AF1=1;AC1=1;DP4=0,0,13,8;MQ=8;FQ=-999",GT:PL,"1:43,0",YAR050W(+)
chrI,206132,.,G,T,20.0478,.,"DP=32;VDB=1;SGB=-0.692976;MQSB=0.495109;MQ0F=0.09375;AF1=1;AC1=1;DP4=0,0,17,9;MQ=8;FQ=-999",GT:PL,"1:50,0",YAR050W(+)
chrI,206144,.,C,T,37.0057,.,"DP=75;VDB=9.2052e-21;SGB=-0.693147;RPB=1;MQB=1;MQSB=0.194796;BQB=1;MQ0F=0.0933333;AF1=1;AC1=1;DP4=1,0,50,20;MQ=9;FQ=-999;PV4=1,1,0.0842339,1",GT:PL,"1:67,0",YAR050W(+)
chrI,206177,.,G,C,53.005,.,"DP=254;VDB=1.47777e-22;SGB=-0.693147;MQSB=0.00323386;MQ0F=0.0275591;AF1=1;AC1=1;DP4=0,0,174,78;MQ=8;FQ=-999",GT:PL,"1:83,0",YAR050W(+)
chrI,206178,.,C,A,54.005,.,"DP=254;VDB=1.61866e-22;SGB=-0.693147;MQSB=0.00323386;MQ0F=0.0275591;AF1=1;AC1=1;DP4=0,0,174,78;MQ=8;FQ=-999",GT:PL,"1:84,0",YAR050W(+)
chrI,206179,.,A,C,51.005,.,"DP=255;VDB=9.58464e-23;SGB=-0.693147;RPB=0.0278884;MQB=0.747012;MQSB=0.00357046;BQB=0.559761;MQ0F=0.027451;AF1=1;AC1=1;DP4=1,1,174,77;MQ=8;FQ=-999;PV4=0.522398,1,0.141389,1",GT:PL,"1:81,0",YAR050W(+)
chrI,210818,.,A,T,135.006,.,"DP=149;VDB=2.81815e-05;SGB=-0.693147;MQSB=0.310971;MQ0F=0;AF1=1;AC1=1;DP4=0,0,8,135;MQ=14;FQ=-999",GT:PL,"1:165,0",N/A
chrI,211019,.,T,C,108.006,.,"DP=61;VDB=1.60547e-06;SGB=-0.693147;MQSB=0.000107329;MQ0F=0;AF1=1;AC1=1;DP4=0,0,20,39;MQ=13;FQ=-999",GT:PL,"1:138,0",N/A
chrII,6440,.,G,C,177.007,.,"DP=129;VDB=0.549994;SGB=-0.693147;MQSB=0.00302658;MQ0F=0;AF1=1;AC1=1;DP4=0,0,12,112;MQ=17;FQ=-999",GT:PL,"1:207,0",N/A
chrII,7510,.,G,A,60.0051,.,"DP=10;VDB=0.73483;SGB=-0.670168;MQSB=0.733186;MQ0F=0;AF1=1;AC1=1;DP4=0,0,3,7;MQ=20;FQ=-999",GT:PL,"1:90,0",N/A
chrII,7511,.,G,A,57.0051,.,"DP=10;VDB=0.741871;SGB=-0.670168;MQSB=0.733186;MQ0F=0;AF1=1;AC1=1;DP4=0,0,3,7;MQ=20;FQ=-999",GT:PL,"1:87,0",N/A
chrII,15101,.,T,G,225.007,.,"DP=53;VDB=0.312476;SGB=-0.693147;MQSB=1;MQ0F=0;AF1=1;AC1=1;DP4=0,0,13,36;MQ=42;FQ=-999",GT:PL,"1:255,0",YBL105C(-)
chrII,15510,.,G,T,225.007,.,"DP=99;VDB=0.899686;SGB=-0.693147;MQSB=1;MQ0F=0;AF1=1;AC1=1;DP4=0,0,40,58;MQ=42;FQ=-999",GT:PL,"1:255,0",YBL105C(-)
chrII,15518,.,A,G,225.007,.,"DP=121;VDB=0.999782;SGB=-0.693147;MQSB=1;MQ0F=0;AF1=1;AC1=1;DP4=0,0,44,61;MQ=42;FQ=-999",GT:PL,"1:255,0",YBL105C(-)
chrII,16380,.,C,T,225.007,.,"DP=241;VDB=0.00349923;SGB=-0.693147;MQSB=0.985547;MQ0F=0;AF1=1;AC1=1;DP4=0,0,90,142;MQ=42;FQ=-999",GT:PL,"1:255,0",YBL105C(-)
chrII,16392,.,A,G,225.007,.,"DP=232;VDB=4.00972e-05;SGB=-0.693147;MQSB=0.970305;MQ0F=0;AF1=1;AC1=1;DP4=0,0,90,120;MQ=42;FQ=-999",GT:PL,"1:255,0",YBL105C(-)
chrII,30012,.,C,T,16.1122,.,"DP=110;VDB=2.53166e-05;SGB=-0.693147;MQSB=0.0994889;MQ0F=0;AF1=1;AC1=1;DP4=0,0,97,11;MQ=9;FQ=-999",GT:PL,"1:46,0","YBL100W-A(+),YBL100W-B(+)"
chrII,35485,.,C,T,150.006,.,"DP=21;VDB=6.02469e-05;SGB=-0.690438;MQ0F=0;AF1=1;AC1=1;DP4=0,0,17,0;MQ=40;FQ=-999",GT:PL,"1:180,0",N/A
chrII,59755,.,T,C,225.007,.,"DP=23;VDB=0.99366;SGB=-0.692352;MQSB=0.966484;MQ0F=0;AF1=1;AC1=1;DP4=0,0,14,7;MQ=41;FQ=-999",GT:PL,"1:255,0",N/A
chrII,88484,.,GGAGAAGAGAAGA,GGAGAAGA,217.469,.,"INDEL;IDV=83;IMF=0.798077;DP=104;VDB=2.52918e-21;SGB=-0.693147;MQSB=0.608179;MQ0F=0;AF1=1;AC1=1;DP4=2,1,98,3;MQ=39;FQ=-999;PV4=0.112046,1,1,1",GT:PL,"1:255,248,0",N/A
chrII,259764,.,C,T,118.006,.,"DP=7;VDB=0.394191;SGB=-0.636426;MQ0F=0;AF1=1;AC1=1;DP4=0,0,0,7;MQ=42;FQ=-999",GT:PL,"1:148,0",N/A
chrII,263168,.,CG,C,3.24957,.,"INDEL;IDV=13;IMF=1;DP=13;VDB=0.00720592;SGB=-0.636426;MQSB=0.207008;MQ0F=0;AF1=1;AC1=1;DP4=6,0,4,3;MQ=10;FQ=-999;PV4=0.192308,1,1,0.000753716",GT:PL,"1:38,1,0",YBR012W-B(+)
chrII,265382,.,G,T,139.006,.,"DP=11;VDB=0.000614067;SGB=-0.676189;MQ0F=0;AF1=1;AC1=1;DP4=0,0,11,0;MQ=41;FQ=-999",GT:PL,"1:169,0",N/A
chrII,383176,.,CGG,CGGG,217.469,.,"INDEL;IDV=96;IMF=0.90566;DP=106;VDB=0.194618;SGB=-0.693147;MQSB=0.841806;MQ0F=0;AF1=1;AC1=1;DP4=0,5,90,11;MQ=42;FQ=-999;PV4=4.31021e-05,1,1,1",GT:PL,"1:255,215,0",YBR073W(+)
chrII,389421,.,GCTCTCT,GCTCT,217.469,.,"INDEL;IDV=29;IMF=0.966667;DP=30;VDB=0.179199;SGB=-0.693054;MQSB=0.158809;MQ0F=0;AF1=1;AC1=1;DP4=1,1,23,5;MQ=36;FQ=-999;PV4=0.365517,1,1,1",GT:PL,"1:255,43,0",N/A
chrII,746362,.,CATCTGCAATCTGCAATCT,CATCTGCAATCT,148.468,.,"INDEL;IDV=86;IMF=0.605634;DP=142;VDB=0.804555;SGB=-0.693147;MQSB=0.689546;MQ0F=0;AF1=0.5;AC1=1;DP4=21,5,107,9;MQ=40;FQ=-999;PV4=0.135752,1,0.0706296,1",GT:PL,"1:255,0,69",YBR272C(-)
chrII,746372,.,CT,CTTAGTT,28.4725,.,"INDEL;IDV=11;IMF=0.0827068;DP=133;VDB=0.824029;SGB=-0.692914;MQSB=0.316799;MQ0F=0;AF1=0.500031;AC1=1;DP4=94,14,22,3;MQ=39;FQ=-999;PV4=1,1,1,3.78868e-09",GT:PL,"1:105,0,39",YBR272C(-)
chrIII,84421,.,G,A,139.006,.,"DP=53;VDB=0.00917488;SGB=-0.670168;RPB=0.928223;MQB=1.89255e-05;MQSB=0.224837;BQB=0.155351;MQ0F=0;AF1=1;AC1=1;DP4=19,10,3,7;MQ=22;FQ=-999;PV4=0.0711332,0.00579318,1,1",GT:PL,"1:169,0",N/A
chrIII,84780,.,A,T,139.006,.,"DP=11;VDB=0.000542974;SGB=-0.670168;MQ0F=0;AF1=1;AC1=1;DP4=0,0,0,10;MQ=42;FQ=-999",GT:PL,"1:169,0",N/A
chrIII,143131,.,T,C,225.007,.,"DP=46;VDB=0.892247;SGB=-0.693145;MQSB=0.969022;MQ0F=0;AF1=1;AC1=1;DP4=0,0,28,12;MQ=42;FQ=-999",GT:PL,"1:255,0",N/A
chrIII,148615,.,C,T,58.0051,.,"DP=6;VDB=0.000692655;SGB=-0.616816;MQ0F=0;AF1=1;AC1=1;DP4=0,0,0,6;MQ=23;FQ=-999",GT:PL,"1:88,0",YCR018C(-)
chrIII,151645,.,G,A,3.01251,.,"DP=52;VDB=0.0860477;SGB=-0.511536;RPB=0.638446;MQB=0.174827;MQSB=0.937158;BQB=0.0904194;MQ0F=0;AF1=1;AC1=1;DP4=29,6,3,0;MQ=10;FQ=-999;PV4=1,0.0579798,1,0.24703",GT:PL,"1:30,0",YCR018C-A(-)
chrIII,162361,.,T,C,225.007,.,"DP=36;VDB=0.193791;SGB=-0.693132;MQSB=0.949871;MQ0F=0;AF1=1;AC1=1;DP4=0,0,4,30;MQ=41;FQ=-999",GT:PL,"1:255,0",N/A
chrIII,162396,.,G,C,225.007,.,"DP=32;VDB=0.558465;SGB=-0.693097;MQSB=0.461075;MQ0F=0;AF1=1;AC1=1;DP4=0,0,15,15;MQ=42;FQ=-999",GT:PL,"1:255,0",N/A
chrIII,162640,.,T,G,225.007,.,"DP=68;VDB=0.00101125;SGB=-0.693147;MQSB=0.962269;MQ0F=0;AF1=1;AC1=1;DP4=0,0,54,10;MQ=42;FQ=-999",GT:PL,"1:255,0",YCR024C-B(-)
chrIII,162694,.,G,A,225.007,.,"DP=63;VDB=0.518191;SGB=-0.693147;MQSB=0.999465;MQ0F=0;AF1=1;AC1=1;DP4=0,0,38,20;MQ=42;FQ=-999",GT:PL,"1:255,0",YCR024C-B(-)
chrIII,162712,.,TAAAAAAAAAA,TAAAAAAAAA,26.4761,.,"INDEL;IDV=62;IMF=0.898551;DP=69;VDB=0.0061359;SGB=-0.693147;MQSB=0.600949;MQ0F=0;AF1=1;AC1=1;DP4=3,4,40,22;MQ=42;FQ=-999;PV4=0.412631,1,1,1",GT:PL,"1:64,116,0",YCR024C-B(-)
chrIII,163059,.,T,C,225.007,.,"DP=100;VDB=0.95337;SGB=-0.693147;MQSB=0.010105;MQ0F=0;AF1=1;AC1=1;DP4=0,0,34,59;MQ=42;FQ=-999",GT:PL,"1:255,0",YCR024C-A(-)
chrIII,163192,.,ATTT,ATTTT,30.4702,.,"INDEL;IDV=108;IMF=0.947368;DP=114;VDB=6.23357e-06;SGB=-0.693147;MQSB=0.943512;MQ0F=0;AF1=0.5;AC1=1;DP4=6,20,8,80;MQ=41;FQ=-999;PV4=0.0844089,1,1,1",GT:PL,"1:182,0,114",N/A
chrIII,199081,.,G,A,125.006,.,"DP=249;VDB=0.777168;SGB=-0.693147;RPB=0.524006;MQB=2.79769e-13;MQSB=1.53387e-05;BQB=0.824947;MQ0F=0;AF1=1;AC1=1;DP4=37,48,50,107;MQ=17;FQ=-999;PV4=0.0918849,0.276808,1,0.484664",GT:PL,"1:155,0",YCR038C(-)
chrIV,403511,.,GTTTTTTTTT,GTTTTTTTTTT,27.4741,.,"INDEL;IDV=10;IMF=0.909091;DP=11;VDB=0.0789411;SGB=-0.670168;MQSB=0.950952;MQ0F=0;AF1=1;AC1=1;DP4=1,0,5,5;MQ=42;FQ=-999;PV4=1,1,1,1",GT:PL,"1:65,20,0",N/A
chrIV,736999,.,T,A,225.007,.,"DP=93;VDB=0.10385;SGB=-0.693147;MQSB=0.978068;MQ0F=0;AF1=1;AC1=1;DP4=0,0,38,50;MQ=42;FQ=-999",GT:PL,"1:255,0",YDR141C(-)
chrIV,757631,.,G,"C,T",195.007,.,"DP=175;VDB=0.834718;SGB=-0.693147;RPB=1;MQB=1;MQSB=0.252675;BQB=1;MQ0F=0;AF1=1;AC1=1;DP4=0,1,91,82;MQ=18;FQ=-999;PV4=0.477012,1,1,0.129662",GT:PL,"1:225,0,202",YDR150W(+)
chrIV,758310,.,T,C,110.006,.,"DP=214;VDB=0.00290757;SGB=-0.693147;MQSB=0.000197715;MQ0F=0;AF1=1;AC1=1;DP4=0,0,37,171;MQ=12;FQ=-999",GT:PL,"1:140,0",YDR150W(+)
chrIV,769328,.,G,A,225.007,.,"DP=86;VDB=0.000913503;SGB=-0.693147;MQSB=0.997143;MQ0F=0;AF1=1;AC1=1;DP4=0,0,33,49;MQ=42;FQ=-999",GT:PL,"1:255,0",N/A
chrIV,783598,.,G,A,225.007,.,"DP=168;VDB=0.237422;SGB=-0.693147;MQSB=1;MQ0F=0;AF1=1;AC1=1;DP4=0,0,87,73;MQ=42;FQ=-999",GT:PL,"1:255,0",YDR164C(-)
chrIV,817531,.,TAAAAAAAAAA,TAAAAAAAAAAA,30.4702,.,"INDEL;IDV=62;IMF=0.849315;DP=73;VDB=0.00115808;SGB=-0.693147;MQSB=0.932207;MQ0F=0;AF1=1;AC1=1;DP4=1,13,6,53;MQ=41;FQ=-999;PV4=1,1,1,1",GT:PL,"1:68,67,0",N/A
chrIV,864219,.,A,G,225.007,.,"DP=149;VDB=1.03626e-05;SGB=-0.693147;MQSB=1;MQ0F=0;AF1=1;AC1=1;DP4=0,0,96,48;MQ=42;FQ=-999",GT:PL,"1:255,0",YDR206W(+)
chrIV,880697,.,A,G,8.64278,.,"DP=199;VDB=4.28285e-05;SGB=-0.693147;RPB=0.785199;MQB=7.52827e-31;MQSB=3.65353e-23;BQB=0.890772;MQ0F=0;AF1=1;AC1=1;DP4=17,79,96,3;MQ=11;FQ=-999;PV4=4.02367e-33,0.019892,1,1",GT:PL,"1:38,0",YDR210C-D(-)
chrIV,987244,.,G,A,126.006,.,"DP=46;VDB=0.0149018;SGB=-0.686358;RPB=0.972944;MQB=6.48874e-05;MQSB=0.000799234;BQB=0.236522;MQ0F=0;AF1=1;AC1=1;DP4=22,3,3,11;MQ=21;FQ=-999;PV4=5.73337e-05,0.00901435,1,1",GT:PL,"1:156,0",N/A
chrIV,1150910,.,AGG,AGGG,217.469,.,"INDEL;IDV=35;IMF=1;DP=35;VDB=0.0670753;SGB=-0.693136;MQSB=0.996534;MQ0F=0;AF1=1;AC1=1;DP4=0,0,15,20;MQ=42;FQ=-999",GT:PL,"1:255,105,0",YDR340W(+)
chrIV,1185130,.,C,A,225.007,.,"DP=230;VDB=0.021878;SGB=-0.693147;MQSB=0.996478;MQ0F=0;AF1=1;AC1=1;DP4=0,0,133,61;MQ=42;FQ=-999",GT:PL,"1:255,0",YDR354W(+)
chrIV,1253397,.,T,C,225.007,.,"DP=122;VDB=0.000293328;SGB=-0.693147;MQSB=0.981198;MQ0F=0;AF1=1;AC1=1;DP4=0,0,89,28;MQ=42;FQ=-999",GT:PL,"1:255,0",YDR389W(+)
chrIV,1305680,.,TGG,TG,217.469,.,"INDEL;IDV=14;IMF=1;DP=14;VDB=0.0978135;SGB=-0.686358;MQSB=1;MQ0F=0;AF1=1;AC1=1;DP4=0,0,8,6;MQ=42;FQ=-999",GT:PL,"1:255,42,0",N/A
chrIV,1402305,.,C,T,225.007,.,"DP=83;VDB=0.972411;SGB=-0.693147;MQSB=0.863287;MQ0F=0;AF1=1;AC1=1;DP4=0,0,68,14;MQ=39;FQ=-999",GT:PL,"1:255,0",YDR471W(+)
chrIV,1433710,.,A,T,225.007,.,"DP=200;VDB=0.000145519;SGB=-0.693147;RPB=1;MQB=1;MQSB=0.989743;BQB=1;MQ0F=0;AF1=1;AC1=1;DP4=1,0,102,81;MQ=42;FQ=-999;PV4=1,1,0.470657,0.422555",GT:PL,"1:255,0",YDR490C(-)
chrIV,1524974,.,A,G,225.007,.,"DP=160;VDB=0.998427;SGB=-0.693147;MQSB=0.000205897;MQ0F=0;AF1=1;AC1=1;DP4=0,0,72,69;MQ=24;FQ=-999",GT:PL,"1:255,0",N/A
chrIV,1525313,.,T,G,192.007,.,"DP=104;VDB=6.74177e-08;SGB=-0.693147;MQSB=0.722505;MQ0F=0.00961538;AF1=1;AC1=1;DP4=0,0,5,96;MQ=22;FQ=-999",GT:PL,"1:222,0",YDR544C(-)
chrIV,1525335,.,C,G,125.006,.,"DP=78;VDB=4.48031e-14;SGB=-0.693147;MQSB=1;MQ0F=0.0128205;AF1=1;AC1=1;DP4=0,0,1,77;MQ=20;FQ=-999",GT:PL,"1:155,0",YDR544C(-)
chrIV,1525340,.,C,A,120.006,.,"DP=76;VDB=1.74585e-14;SGB=-0.693147;MQSB=1;MQ0F=0.0131579;AF1=1;AC1=1;DP4=0,0,1,75;MQ=20;FQ=-999",GT:PL,"1:150,0",YDR544C(-)
chrIV,1525345,.,C,G,88.0055,.,"DP=57;VDB=1.87661e-21;SGB=-0.693147;MQ0F=0.0175439;AF1=1;AC1=1;DP4=0,0,0,53;MQ=20;FQ=-999",GT:PL,"1:118,0",YDR544C(-)
chrIV,1525351,.,C,G,75.0053,.,"DP=49;VDB=1.65275e-13;SGB=-0.693141;MQ0F=0.0204082;AF1=1;AC1=1;DP4=0,0,0,37;MQ=20;FQ=-999",GT:PL,"1:105,0",YDR544C(-)
chrIV,1525357,.,C,G,78.0053,.,"DP=35;VDB=3.64068e-13;SGB=-0.693054;MQ0F=0.0285714;AF1=1;AC1=1;DP4=0,0,0,28;MQ=21;FQ=-999",GT:PL,"1:108,0",YDR544C(-)
chrIV,1525363,.,C,G,31.0082,.,"DP=25;VDB=4.43994e-10;SGB=-0.69168;MQ0F=0.04;AF1=1;AC1=1;DP4=0,0,0,19;MQ=22;FQ=-999",GT:PL,"1:61,0",YDR544C(-)
chrV,31694,.,C,T,3.01251,.,"DP=3;VDB=0.06;SGB=-0.453602;MQ0F=0;AF1=1;AC1=1;DP4=0,0,0,2;MQ=23;FQ=-999",GT:PL,"1:30,0",YEL063C(-)
chrV,48384,.,T,C,225.007,.,"DP=50;VDB=0.930635;SGB=-0.693145;MQSB=1;MQ0F=0;AF1=1;AC1=1;DP4=0,0,23,17;MQ=42;FQ=-999",GT:PL,"1:255,0",N/A
chrV,117045,.,A,AAGCT,102.467,.,"INDEL;IDV=13;IMF=0.8125;DP=16;VDB=2.0357e-10;SGB=-0.680642;MQ0F=0;AF1=1;AC1=1;DP4=4,0,12,0;MQ=28;FQ=-999;PV4=1,1,1,0.0582259",GT:PL,"1:140,15,0",N/A
chrV,154531,.,T,A,225.007,.,"DP=110;VDB=0.000109711;SGB=-0.693147;MQSB=0.995427;MQ0F=0;AF1=1;AC1=1;DP4=0,0,24,77;MQ=42;FQ=-999",GT:PL,"1:255,0",YER001W(+)
chrV,352394,.,A,G,225.007,.,"DP=127;VDB=0.000452481;SGB=-0.693147;MQSB=0.989757;MQ0F=0;AF1=1;AC1=1;DP4=0,0,33,77;MQ=42;FQ=-999",GT:PL,"1:255,0",YER096W(+)
chrV,517529,.,T,C,225.007,.,"DP=64;VDB=1.57612e-06;SGB=-0.693147;MQSB=0.974791;MQ0F=0;AF1=1;AC1=1;DP4=0,0,47,12;MQ=42;FQ=-999",GT:PL,"1:255,0",N/A
chrVI,2,.,ATCT,ATCTGATCT,20.5051,.,"INDEL;IDV=3;IMF=0.214286;DP=14;VDB=3.93185e-08;SGB=-0.556411;MQ0F=0;AF1=1;AC1=1;DP4=10,0,4,0;MQ=18;FQ=-999;PV4=1,1,1,0",GT:PL,"1:58,7,0",N/A
chrVI,3,.,TCT,"TCTGATCT,TCAAGCTGATCT",27.4741,.,"INDEL;IDV=7;IMF=0.466667;DP=15;VDB=1.14209e-08;SGB=-0.670168;MQ0F=0;AF1=1;AC1=1;DP4=5,0,10,0;MQ=18;FQ=-999;PV4=1,1,1,1",GT:PL,"1:89,30,24,64,0,58",N/A
chrVI,97864,.,CTTTTTTTTTT,"CTTTTTTTTTTTT,CTTTTTTTTTTTTT",60.4667,.,"INDEL;IDV=114;IMF=0.802817;DP=142;VDB=0.00629125;SGB=-0.693147;MQSB=0.966755;MQ0F=0;AF1=1;AC1=1;DP4=22,3,106,11;MQ=41;FQ=-999;PV4=0.71323,1,1,1",GT:PL,"1:98,0,33",N/A
chrVII,9,.,ACAC,"ACACCAC,ACCAC,ACACCCACACCAC",104.467,.,"INDEL;IDV=24;IMF=0.615385;DP=39;VDB=1.25075e-15;SGB=-0.693054;MQSB=1;MQ0F=0.025641;AF1=0.500997;AC1=1;DP4=10,1,28,0;MQ=34;FQ=-999;PV4=0.282051,1,1,0.0784003",GT:PL,"1:238,72,96,139,0,163,197,57,121,221",N/A
chrVII,214,.,ACC,ACCC,217.469,.,"INDEL;IDV=133;IMF=0.898649;DP=148;VDB=0.493249;SGB=-0.693147;MQSB=9.30785e-15;MQ0F=0.00675676;AF1=1;AC1=1;DP4=0,1,65,82;MQ=26;FQ=-999;PV4=1,1,0.0709682,1",GT:PL,"1:255,255,0",N/A
chrVII,8151,.,GA,GAA,15.5878,.,"INDEL;IDV=51;IMF=0.69863;DP=73;VDB=0.536035;SGB=-0.693147;MQSB=0.917842;MQ0F=0;AF1=1;AC1=1;DP4=1,1,37,34;MQ=8;FQ=-999;PV4=1,1,0.0212102,1",GT:PL,"1:53,186,0",N/A
chrVII,386978,.,C,G,225.007,.,"DP=220;VDB=0.000607457;SGB=-0.693147;MQSB=1.69383e-12;MQ0F=0.00454545;AF1=1;AC1=1;DP4=0,0,68,118;MQ=26;FQ=-999",GT:PL,"1:255,0",YGL062W(+)
chrVII,386979,.,G,C,225.007,.,"DP=222;VDB=0.000859283;SGB=-0.693147;MQSB=1.69383e-12;MQ0F=0.0045045;AF1=1;AC1=1;DP4=0,0,68,118;MQ=26;FQ=-999",GT:PL,"1:255,0",YGL062W(+)
chrVII,401674,.,C,A,225.007,.,"DP=36;VDB=0.243981;SGB=-0.693139;MQSB=0.06227;MQ0F=0;AF1=1;AC1=1;DP4=0,0,9,27;MQ=39;FQ=-999",GT:PL,"1:255,0",N/A
chrVII,401698,.,T,A,225.007,.,"DP=35;VDB=0.537151;SGB=-0.693136;MQSB=0.0315557;MQ0F=0;AF1=1;AC1=1;DP4=0,0,10,25;MQ=38;FQ=-999",GT:PL,"1:255,0",N/A
chrVII,404935,.,C,G,134.006,.,"DP=14;VDB=0.00122683;SGB=-0.686358;MQSB=1;MQ0F=0;AF1=1;AC1=1;DP4=0,0,13,1;MQ=34;FQ=-999",GT:PL,"1:164,0",N/A
chrVII,404936,.,G,C,134.006,.,"DP=14;VDB=0.00120688;SGB=-0.686358;MQSB=1;MQ0F=0;AF1=1;AC1=1;DP4=0,0,13,1;MQ=34;FQ=-999",GT:PL,"1:164,0",N/A
chrVII,405085,.,CGG,CG,127.468,.,"INDEL;IDV=28;IMF=1;DP=28;VDB=0.000477058;SGB=-0.692914;MQSB=0.0291581;MQ0F=0;AF1=1;AC1=1;DP4=1,2,23,2;MQ=36;FQ=-999;PV4=0.045177,1,1,1",GT:PL,"1:165,28,0",N/A
chrVII,1006277,.,G,C,225.007,.,"DP=115;VDB=6.7319e-05;SGB=-0.693147;MQSB=0.976766;MQ0F=0;AF1=1;AC1=1;DP4=0,0,87,23;MQ=42;FQ=-999",GT:PL,"1:255,0",YGR257C(-)
chrVII,1006278,.,C,G,225.007,.,"DP=115;VDB=6.79334e-05;SGB=-0.693147;MQSB=0.976766;MQ0F=0;AF1=1;AC1=1;DP4=0,0,87,23;MQ=42;FQ=-999",GT:PL,"1:255,0",YGR257C(-)
chrVII,1006279,.,G,C,225.007,.,"DP=116;VDB=5.34263e-05;SGB=-0.693147;MQSB=0.976766;MQ0F=0;AF1=1;AC1=1;DP4=0,0,87,23;MQ=42;FQ=-999",GT:PL,"1:255,0",YGR257C(-)
chrVIII,1569,.,G,A,225.007,.,"DP=249;VDB=2.51255e-15;SGB=-0.693147;MQ0F=0.0361446;AF1=1;AC1=1;DP4=0,0,246,0;MQ=32;FQ=-999",GT:PL,"1:255,0",YHL050C(-)
chrVIII,1672,.,A,G,92.0055,.,"DP=249;VDB=1.85167e-21;SGB=-0.693147;RPB=0.787376;MQB=9.96127e-15;MQSB=1.07355e-13;BQB=0.000878642;MQ0F=0.0160643;AF1=1;AC1=1;DP4=45,25,175,0;MQ=28;FQ=-999;PV4=6.63589e-16,0.000127525,1,1",GT:PL,"1:122,0",YHL050C(-)
chrVIII,1708,.,A,G,4.7673,.,"DP=233;VDB=0.999997;SGB=-0.693147;RPB=5.70804e-13;MQB=6.4434e-06;MQSB=0.865932;BQB=4.04345e-06;MQ0F=0.0643777;AF1=1;AC1=1;DP4=122,8,90,2;MQ=18;FQ=-999;PV4=0.201218,1.17643e-14,1,1",GT:PL,"1:33,0",YHL050C(-)
chrVIII,1846,.,A,G,44.0051,.,"DP=226;VDB=6.11765e-07;SGB=-0.693147;MQSB=0.970917;MQ0F=0.00884956;AF1=1;AC1=1;DP4=0,0,20,197;MQ=7;FQ=-999",GT:PL,"1:74,0",YHL050C(-)
chrVIII,1997,.,T,C,200.007,.,"DP=248;VDB=0.997292;SGB=-0.693147;RPB=0.991;MQB=1.22039e-05;MQSB=2.34902e-05;BQB=0.900416;MQ0F=0.016129;AF1=1;AC1=1;DP4=8,7,0,205;MQ=31;FQ=-999;PV4=5.37775e-11,0.175056,1,1",GT:PL,"1:230,0",N/A
chrVIII,2068,.,A,T,83.0054,.,"DP=233;VDB=1;SGB=-0.693147;RPB=0.728154;MQB=0.193174;MQSB=0.119176;BQB=0.657128;MQ0F=0.0729614;AF1=1;AC1=1;DP4=3,22,0,184;MQ=23;FQ=-999;PV4=0.00153355,0.177309,1,0.0680857",GT:PL,"1:113,0",N/A
chrVIII,2233,.,C,T,8.64278,.,"DP=18;VDB=0.00054884;SGB=-0.691153;MQ0F=0.0555556;AF1=1;AC1=1;DP4=0,0,0,18;MQ=9;FQ=-999",GT:PL,"1:38,0",N/A
chrVIII,2257,.,G,C,7.79382,.,"DP=19;VDB=4.31509e-06;SGB=-0.691153;MQ0F=0.105263;AF1=1;AC1=1;DP4=0,0,0,18;MQ=9;FQ=-999",GT:PL,"1:37,0",N/A
chrVIII,5635,.,T,C,107.006,.,"DP=18;VDB=0.0930003;SGB=-0.680642;RPB=0.423311;MQB=0.0219962;MQSB=0.0120216;BQB=0.93223;MQ0F=0;AF1=0.593902;AC1=1;DP4=2,4,12,0;MQ=33;FQ=-999;PV4=0.00490196,1,1,1",GT:PL,"1:142,5",N/A
chrVIII,5700,.,A,G,29.0102,.,"DP=13;VDB=0.837034;SGB=-0.670168;RPB=0.15118;MQB=0.400803;BQB=0.699673;MQ0F=0;AF1=0.50005;AC1=1;DP4=3,0,10,0;MQ=26;FQ=-999;PV4=1,1,0.190442,1",GT:PL,"1:96,37",YHL048C-A(-)
chrVIII,5706,.,C,G,31.0082,.,"DP=12;VDB=0.870259;SGB=-0.651104;RPB=0.0625;MQB=0.3125;BQB=0.5625;MQ0F=0;AF1=0.502513;AC1=1;DP4=2,0,8,0;MQ=26;FQ=-999;PV4=1,1,0.118035,1",GT:PL,"1:81,20",YHL048C-A(-)
chrVIII,5709,.,C,G,54.005,.,"DP=9;VDB=0.866439;SGB=-0.651104;RPB=1;MQB=1;BQB=1;MQ0F=0;AF1=1;AC1=1;DP4=1,0,8,0;MQ=24;FQ=-999;PV4=1,0.374322,0.425323,1",GT:PL,"1:84,0",YHL048C-A(-)
chrVIII,5717,.,T,C,31.0082,.,"DP=6;VDB=0.472095;SGB=-0.556411;MQ0F=0;AF1=1;AC1=1;DP4=0,0,4,0;MQ=21;FQ=-999",GT:PL,"1:61,0",YHL048C-A(-)
chrVIII,5724,.,C,T,30.0091,.,"DP=6;VDB=0.378928;SGB=-0.590765;MQ0F=0;AF1=1;AC1=1;DP4=0,0,5,0;MQ=18;FQ=-999",GT:PL,"1:60,0",YHL048C-A(-)
chrVIII,5759,.,G,A,78.0053,.,"DP=33;VDB=2.52749e-07;SGB=-0.69312;MQ0F=0;AF1=1;AC1=1;DP4=0,0,32,0;MQ=22;FQ=-999",GT:PL,"1:108,0",YHL048C-A(-)
chrVIII,5775,.,G,C,78.0053,.,"DP=31;VDB=1.86527e-11;SGB=-0.693079;RPB=1;MQB=1;BQB=1;MQ0F=0;AF1=1;AC1=1;DP4=1,0,29,0;MQ=22;FQ=-999;PV4=1,0.428224,1,0.397921",GT:PL,"1:108,0",YHL048C-A(-)
chrVIII,5777,.,G,A,78.0053,.,"DP=32;VDB=6.93645e-14;SGB=-0.69311;MQ0F=0.03125;AF1=1;AC1=1;DP4=0,0,31,0;MQ=22;FQ=-999",GT:PL,"1:108,0",YHL048C-A(-)
chrVIII,5788,.,T,G,78.0053,.,"DP=36;VDB=0.000933177;SGB=-0.693136;MQ0F=0.0277778;AF1=1;AC1=1;DP4=0,0,35,0;MQ=22;FQ=-999",GT:PL,"1:108,0",YHL048C-A(-)
chrVIII,5806,.,C,T,79.0053,.,"DP=37;VDB=0.222501;SGB=-0.693139;MQ0F=0.027027;AF1=1;AC1=1;DP4=0,0,36,0;MQ=22;FQ=-999",GT:PL,"1:109,0",N/A
chrVIII,5830,.,C,T,62.0051,.,"DP=9;VDB=0.000905973;SGB=-0.662043;MQ0F=0.111111;AF1=1;AC1=1;DP4=0,0,9,0;MQ=21;FQ=-999",GT:PL,"1:92,0",N/A
chrVIII,5837,.,A,C,59.0051,.,"DP=9;VDB=0.000952118;SGB=-0.662043;MQ0F=0.111111;AF1=1;AC1=1;DP4=0,0,9,0;MQ=21;FQ=-999",GT:PL,"1:89,0",N/A
chrVIII,5838,.,A,G,59.0051,.,"DP=9;VDB=0.00110382;SGB=-0.662043;MQ0F=0.111111;AF1=1;AC1=1;DP4=0,0,9,0;MQ=21;FQ=-999",GT:PL,"1:89,0",N/A
chrVIII,5854,.,A,G,16.1122,.,"DP=7;VDB=0.0389723;SGB=-0.511536;MQ0F=0;AF1=1;AC1=1;DP4=0,0,3,0;MQ=19;FQ=-999",GT:PL,"1:46,0",N/A
chrVIII,5856,.,G,A,16.1122,.,"DP=7;VDB=0.0389723;SGB=-0.511536;MQ0F=0;AF1=1;AC1=1;DP4=0,0,3,0;MQ=19;FQ=-999",GT:PL,"1:46,0",N/A
chrVIII,6125,.,C,T,91.0055,.,"DP=13;VDB=0.735094;SGB=-0.676189;MQ0F=0;AF1=1;AC1=1;DP4=0,0,0,11;MQ=27;FQ=-999",GT:PL,"1:121,0",N/A
chrVIII,6252,.,T,G,34.0065,.,"DP=27;VDB=7.63939e-06;SGB=-0.690438;RPB=0.240019;MQB=0.940742;MQSB=0.520812;BQB=0.973216;MQ0F=0.111111;AF1=0.506359;AC1=1;DP4=1,7,11,6;MQ=15;FQ=-999;PV4=0.030206,0.412719,1,1",GT:PL,"1:80,16",N/A
chrVIII,216123,.,C,T,85.0054,.,"DP=126;VDB=0.954377;SGB=-0.693079;RPB=0.365585;MQB=2.3917e-10;MQSB=0.000366289;BQB=0.399382;MQ0F=0;AF1=1;AC1=1;DP4=27,60,29,0;MQ=19;FQ=-999;PV4=4.0561e-12,0.0104719,1,0.114817",GT:PL,"1:115,0",YHR056C(-)
chrVIII,417054,.,G,A,225.007,.,"DP=96;VDB=0.00127563;SGB=-0.693147;MQSB=0.991884;MQ0F=0;AF1=1;AC1=1;DP4=0,0,32,62;MQ=42;FQ=-999",GT:PL,"1:255,0",YHR158C(-)
chrVIII,499958,.,C,T,225.007,.,"DP=234;VDB=3.63361e-09;SGB=-0.693147;MQSB=0.998933;MQ0F=0;AF1=1;AC1=1;DP4=0,0,220,9;MQ=42;FQ=-999",GT:PL,"1:255,0",YHR201C(-)
chrVIII,511255,.,C,T,225.007,.,"DP=241;VDB=0.02542;SGB=-0.693147;MQSB=0.999943;MQ0F=0;AF1=1;AC1=1;DP4=0,0,50,160;MQ=42;FQ=-999",GT:PL,"1:255,0",YHR205W(+)
chrVIII,524447,.,C,G,225.007,.,"DP=49;VDB=0.999878;SGB=-0.693147;MQSB=1;MQ0F=0;AF1=1;AC1=1;DP4=0,0,18,28;MQ=42;FQ=-999",GT:PL,"1:255,0",N/A
chrIX,23185,.,CG,CGG,35.4676,.,"INDEL;IDV=92;IMF=0.948454;DP=97;VDB=0.110392;SGB=-0.693147;MQSB=0.671921;MQ0F=0;AF1=1;AC1=1;DP4=2,1,87,7;MQ=10;FQ=-999;PV4=0.229761,1,1,1",GT:PL,"1:73,240,0",YIL169C(-)
chrIX,23214,.,T,G,14.1739,.,"DP=77;VDB=0.0122581;SGB=-0.693147;MQSB=0.771943;MQ0F=0.025974;AF1=1;AC1=1;DP4=0,0,58,7;MQ=8;FQ=-999",GT:PL,"1:44,0",YIL169C(-)
chrIX,105433,.,AAATAATAAT,AAATAATAATAAT,188.468,.,"INDEL;IDV=13;IMF=0.565217;DP=23;VDB=0.917918;SGB=-0.69168;MQSB=0.48519;MQ0F=0;AF1=0.500315;AC1=1;DP4=3,1,13,6;MQ=37;FQ=-999;PV4=1,1,0.355435,1",GT:PL,"1:255,0,29",YIL130W(+)
chrIX,318694,.,T,A,225.007,.,"DP=162;VDB=0.000372194;SGB=-0.693147;MQSB=1;MQ0F=0;AF1=1;AC1=1;DP4=0,0,42,117;MQ=42;FQ=-999",GT:PL,"1:255,0",YIL017C(-)
chrIX,439884,.,TGTG,TGTGGGTGTGGGTG,17.5433,.,"INDEL;IDV=1;IMF=0.0196078;DP=51;VDB=2.33877e-42;SGB=-0.692831;MQ0F=0.0392157;AF1=0.5;AC1=1;DP4=0,27,0,24;MQ=34;FQ=-999;PV4=1,1,1,1",GT:PL,"1:170,0,115",N/A
chrX,97478,.,G,A,225.007,.,"DP=136;VDB=6.02188e-10;SGB=-0.693147;MQSB=1;MQ0F=0;AF1=1;AC1=1;DP4=0,0,80,51;MQ=42;FQ=-999",GT:PL,"1:255,0",N/A
chrX,100335,.,C,T,225.007,.,"DP=240;VDB=3.4041e-07;SGB=-0.693147;MQSB=0.975429;MQ0F=0;AF1=1;AC1=1;DP4=0,0,114,118;MQ=42;FQ=-999",GT:PL,"1:255,0",YJL171C(-)
chrX,199170,.,A,C,29.0102,.,"DP=58;VDB=0.44171;SGB=-0.693147;MQSB=0.903305;MQ0F=0;AF1=1;AC1=1;DP4=0,0,9,49;MQ=7;FQ=-999",GT:PL,"1:59,0",YJL113W(+)
chrX,200219,.,A,G,39.0054,.,"DP=26;VDB=0.308897;SGB=-0.692831;MQSB=0.0345016;MQ0F=0;AF1=1;AC1=1;DP4=0,0,4,20;MQ=9;FQ=-999",GT:PL,"1:69,0",YJL113W(+)
chrX,278977,.,CAGAGAG,CAGAG,217.469,.,"INDEL;IDV=119;IMF=0.856115;DP=139;VDB=0.446032;SGB=-0.693147;MQSB=0.996155;MQ0F=0;AF1=1;AC1=1;DP4=14,3,80,42;MQ=42;FQ=-999;PV4=0.267656,1,1,1",GT:PL,"1:255,61,0",YJL083W(+)
chrXI,457,.,C,CA,217.469,.,"INDEL;IDV=179;IMF=0.972826;DP=184;VDB=0.990146;SGB=-0.693147;MQSB=0.00362827;MQ0F=0;AF1=1;AC1=1;DP4=0,9,108,67;MQ=24;FQ=-999;PV4=0.000260871,1,1,0.307205",GT:PL,"1:255,255,0",YKL225W(+)
chrXI,451568,.,GGAACACGAACACGAACA,GGAACACGAACA,166.468,.,"INDEL;IDV=134;IMF=0.708995;DP=189;VDB=0.591469;SGB=-0.693147;MQSB=0.000445038;MQ0F=0;AF1=0.500002;AC1=1;DP4=17,16,40,116;MQ=40;FQ=-999;PV4=0.00589659,1,0.00186419,1",GT:PL,"1:255,0,51",YKR007W(+)
chrXI,666556,.,GT,G,217.469,.,"INDEL;IDV=170;IMF=0.880829;DP=193;VDB=0.00867401;SGB=-0.693147;MQSB=0.000600238;MQ0F=0;AF1=1;AC1=1;DP4=5,13,25,150;MQ=38;FQ=-999;PV4=0.165688,1,0.457785,1",GT:PL,"1:255,254,0",N/A
chrXI,666557,.,TG,T,217.469,.,"INDEL;IDV=8;IMF=0.0416667;DP=192;VDB=0.00547032;SGB=-0.693147;MQSB=0.00123632;MQ0F=0;AF1=1;AC1=1;DP4=4,13,25,150;MQ=38;FQ=-999;PV4=0.296015,1,0.323636,1",GT:PL,"1:255,255,0",N/A
chrXII,13,.,CCAC,"CCCACACACCACAC,CCACAC",83.467,.,"INDEL;IDV=8;IMF=0.347826;DP=23;VDB=1.17203e-11;SGB=-0.690438;MQ0F=0.0434783;AF1=1;AC1=1;DP4=6,0,17,0;MQ=31;FQ=-999;PV4=1,1,0.266243,1",GT:PL,"1:121,17,0,116,20,103",N/A
chrXII,591,.,TGG,TGTACAGCGG,74.4669,.,"INDEL;IDV=173;IMF=0.703252;DP=246;VDB=0.133582;SGB=-0.693147;MQ0F=0;AF1=0.5;AC1=1;DP4=84,0,162,0;MQ=29;FQ=-999;PV4=1,1,1,1",GT:PL,"1:175,0,63",YLL067C(-)
chrXII,187137,.,ATTT,ATT,172.468,.,"INDEL;IDV=119;IMF=0.843972;DP=141;VDB=0.854595;SGB=-0.693147;MQSB=0.999786;MQ0F=0;AF1=1;AC1=1;DP4=3,17,62,59;MQ=42;FQ=-999;PV4=0.003044,1,0.441898,1",GT:PL,"1:210,69,0",N/A
chrXII,220717,.,G,A,53.005,.,"DP=4;VDB=0.0481133;SGB=-0.511536;RPB=1;MQB=1;MQSB=1;BQB=1;MQ0F=0;AF1=1;AC1=1;DP4=0,1,3,0;MQ=36;FQ=-999;PV4=0.25,1,1,1",GT:PL,"1:83,0",N/A
chrXII,291384,.,A,G,225.007,.,"DP=193;VDB=0.126394;SGB=-0.693147;MQSB=0.930794;MQ0F=0;AF1=1;AC1=1;DP4=0,0,57,124;MQ=42;FQ=-999",GT:PL,"1:255,0",YLR081W(+)
chrXII,291386,.,A,G,225.007,.,"DP=194;VDB=0.115915;SGB=-0.693147;MQSB=0.930454;MQ0F=0;AF1=1;AC1=1;DP4=0,0,57,126;MQ=42;FQ=-999",GT:PL,"1:255,0",YLR081W(+)
chrXII,468701,.,T,C,20.0478,.,"DP=249;VDB=0.66157;SGB=-0.689466;RPB=0.770645;MQB=0.000808021;MQSB=0.713735;BQB=0.821153;MQ0F=0.00401606;AF1=1;AC1=1;DP4=121,110,11,5;MQ=8;FQ=-999;PV4=0.300283,0.183427,1,1",GT:PL,"1:50,0",N/A
chrXII,474417,.,ACC,ACCC,34.4679,.,"INDEL;IDV=3;IMF=0.272727;DP=11;VDB=0.809715;SGB=-0.511536;MQSB=1;MQ0F=0;AF1=1;AC1=1;DP4=7,1,3,0;MQ=22;FQ=-999;PV4=1,1,1,1",GT:PL,"1:72,4,0",N/A
chrXII,528749,.,T,A,225.007,.,"DP=232;VDB=0.0597577;SGB=-0.693147;MQSB=0.993119;MQ0F=0;AF1=1;AC1=1;DP4=0,0,117,111;MQ=42;FQ=-999",GT:PL,"1:255,0",YLR188W(+)
chrXII,725936,.,G,"A,T",192.007,.,"DP=56;VDB=0.381401;SGB=-0.693147;MQ0F=0;AF1=1;AC1=1;DP4=0,0,47,0;MQ=42;FQ=-999",GT:PL,"1:222,0,203",N/A
chrXII,734703,.,T,A,163.006,.,"DP=16;VDB=6.72389e-06;SGB=-0.683931;MQ0F=0;AF1=1;AC1=1;DP4=0,0,13,0;MQ=42;FQ=-999",GT:PL,"1:193,0",N/A
chrXII,784382,.,GCC,GCCC,217.469,.,"INDEL;IDV=147;IMF=0.913043;DP=161;VDB=0.25272;SGB=-0.693147;MQSB=0.964556;MQ0F=0;AF1=1;AC1=1;DP4=7,6,97,51;MQ=42;FQ=-999;PV4=0.54624,1,1,1",GT:PL,"1:255,155,0",N/A
chrXII,828903,.,C,T,225.007,.,"DP=218;VDB=0.00480349;SGB=-0.693147;MQSB=0.999327;MQ0F=0;AF1=1;AC1=1;DP4=0,0,196,19;MQ=42;FQ=-999",GT:PL,"1:255,0",YLR350W(+)
chrXII,1039435,.,T,A,225.007,.,"DP=147;VDB=0.0016536;SGB=-0.693147;MQSB=0.970819;MQ0F=0;AF1=1;AC1=1;DP4=0,0,103,37;MQ=42;FQ=-999",GT:PL,"1:255,0",YLR452C(-)
chrXIII,34473,.,T,G,225.007,.,"DP=224;VDB=0.0194748;SGB=-0.693147;RPB=1;MQB=1;MQSB=0.999453;BQB=1;MQ0F=0;AF1=1;AC1=1;DP4=1,0,139,57;MQ=42;FQ=-999;PV4=1,1,1,1",GT:PL,"1:255,0",YML117W(+)
chrXIII,325905,.,T,A,225.007,.,"DP=146;VDB=1.68355e-07;SGB=-0.693147;MQSB=0.983246;MQ0F=0;AF1=1;AC1=1;DP4=0,0,119,21;MQ=42;FQ=-999",GT:PL,"1:255,0",YMR027W(+)
chrXIII,361550,.,G,A,5.45858,.,"DP=28;VDB=0.214742;SGB=-0.692831;MQSB=0.00739675;MQ0F=0;AF1=1;AC1=1;DP4=0,0,14,10;MQ=5;FQ=-999",GT:PL,"1:34,0","YMR045C(-),YMR046C(-)"
chrXIII,448333,.,G,A,225.007,.,"DP=183;VDB=2.4482e-07;SGB=-0.693147;MQSB=0.964052;MQ0F=0;AF1=1;AC1=1;DP4=0,0,118,56;MQ=42;FQ=-999",GT:PL,"1:255,0",N/A
chrXIII,448334,.,A,G,225.007,.,"DP=184;VDB=1.58908e-07;SGB=-0.693147;MQSB=0.964052;MQ0F=0;AF1=1;AC1=1;DP4=0,0,118,56;MQ=42;FQ=-999",GT:PL,"1:255,0",N/A
chrXIII,630505,.,A,G,225.007,.,"DP=46;VDB=0.239818;SGB=-0.693146;MQSB=0.995524;MQ0F=0;AF1=1;AC1=1;DP4=0,0,38,5;MQ=42;FQ=-999",GT:PL,"1:255,0",YMR185W(+)
chrXIII,672129,.,T,C,225.007,.,"DP=116;VDB=0.445637;SGB=-0.693147;MQSB=1;MQ0F=0;AF1=1;AC1=1;DP4=0,0,84,28;MQ=42;FQ=-999",GT:PL,"1:255,0",YMR205C(-)
chrXIII,680936,.,T,C,225.007,.,"DP=75;VDB=0.0017884;SGB=-0.693147;MQSB=0.996001;MQ0F=0;AF1=1;AC1=1;DP4=0,0,14,55;MQ=42;FQ=-999",GT:PL,"1:255,0",YMR207C(-)
chrXIII,680940,.,C,T,225.007,.,"DP=72;VDB=0.0018293;SGB=-0.693147;MQSB=0.996001;MQ0F=0;AF1=1;AC1=1;DP4=0,0,14,55;MQ=42;FQ=-999",GT:PL,"1:255,0",YMR207C(-)
chrXIII,708291,.,T,C,225.007,.,"DP=203;VDB=0.011102;SGB=-0.693147;MQSB=0.998743;MQ0F=0;AF1=1;AC1=1;DP4=0,0,27,166;MQ=42;FQ=-999",GT:PL,"1:255,0",YMR219W(+)
chrXIII,809198,.,A,G,225.007,.,"DP=93;VDB=0.0060283;SGB=-0.693147;MQSB=1;MQ0F=0;AF1=1;AC1=1;DP4=0,0,33,53;MQ=42;FQ=-999",GT:PL,"1:255,0",N/A
chrXIII,924341,.,G,T,62.0051,.,"DP=51;VDB=0.402152;SGB=-0.690438;RPB=0.460027;MQB=0.02748;MQSB=0.0761849;BQB=0.651821;MQ0F=0.196078;AF1=0.501994;AC1=1;DP4=5,10,1,16;MQ=22;FQ=-999;PV4=0.075516,1,1,0.49192",GT:PL,"1:113,21",N/A
chrXIV,7478,.,A,AT,208.469,.,"INDEL;IDV=45;IMF=0.833333;DP=54;VDB=1.47103e-06;SGB=-0.693147;MQSB=0.0619675;MQ0F=0;AF1=1;AC1=1;DP4=0,1,16,37;MQ=19;FQ=-999;PV4=1,1,0.452722,1",GT:PL,"1:246,144,0",N/A
chrXIV,140381,.,CATA,"CATAATAATA,CTAATA",66.4668,.,"INDEL;IDV=6;IMF=1;DP=6;VDB=0.00120872;SGB=-0.590765;MQSB=1;MQ0F=0;AF1=1;AC1=1;DP4=0,1,5,0;MQ=30;FQ=-999;PV4=0.166667,1,1,0.18695",GT:PL,"1:104,8,0,105,6,102",YNL268W(+)
chrXIV,312328,.,AACGACGACG,AACGACG,217.469,.,"INDEL;IDV=91;IMF=0.91;DP=100;VDB=0.00151528;SGB=-0.693147;MQSB=0.996745;MQ0F=0;AF1=1;AC1=1;DP4=3,6,79,12;MQ=42;FQ=-999;PV4=0.000921734,1,0.377454,1",GT:PL,"1:255,52,0",YNL172W(+)
chrXIV,377887,.,G,T,225.007,.,"DP=186;VDB=0.99872;SGB=-0.693147;MQSB=1;MQ0F=0;AF1=1;AC1=1;DP4=0,0,79,95;MQ=42;FQ=-999",GT:PL,"1:255,0",YNL132W(+)
chrXIV,439397,.,GTTTTTT,GTTTTTTT,118.467,.,"INDEL;IDV=51;IMF=0.87931;DP=58;VDB=2.73624e-06;SGB=-0.693147;MQSB=0.97648;MQ0F=0;AF1=1;AC1=1;DP4=2,3,9,44;MQ=41;FQ=-999;PV4=0.237044,1,1,1",GT:PL,"1:156,94,0",N/A
chrXIV,471767,.,A,G,225.007,.,"DP=114;VDB=5.31577e-12;SGB=-0.693147;MQSB=0.995174;MQ0F=0;AF1=1;AC1=1;DP4=0,0,76,25;MQ=42;FQ=-999",GT:PL,"1:255,0",YNL083W(+)
chrXIV,520142,.,A,C,11.3361,.,"DP=60;VDB=0.00202543;SGB=-0.693147;RPB=0.979382;MQB=0.815025;MQSB=0.416033;BQB=0.480261;MQ0F=0;AF1=1;AC1=1;DP4=2,3,5,49;MQ=5;FQ=-999;PV4=0.102339,1,1,0.370938",GT:PL,"1:41,0","YNL054W-A(+),YNL054W-B(+)"
chrXV,89,.,ACCC,A,24.4818,.,"INDEL;IDV=4;IMF=0.0294118;DP=136;VDB=0.0200801;SGB=-0.693147;MQSB=6.20442e-05;MQ0F=0.0735294;AF1=0.667194;AC1=1;DP4=32,11,93,0;MQ=36;FQ=-999;PV4=1.18136e-06,1,1,1",GT:PL,"1:65,3",N/A
chrXV,90,.,CCCAC,CC,217.469,.,"INDEL;IDV=109;IMF=0.784173;DP=139;VDB=0.0450935;SGB=-0.693147;MQSB=5.43465e-05;MQ0F=0.0719424;AF1=1;AC1=1;DP4=25,7,103,4;MQ=36;FQ=-999;PV4=0.00314134,1,1,1",GT:PL,"1:255,96,0",N/A
chrXV,92,.,CACA,C,143.468,.,"INDEL;IDV=1;IMF=0.00671141;DP=149;VDB=0.234615;SGB=-0.693147;MQSB=0.000124369;MQ0F=0.0604027;AF1=1;AC1=1;DP4=47,10,92,0;MQ=36;FQ=-999;PV4=3.956e-05,1,1,1",GT:PL,"1:181,27,0",N/A
chrXV,93,.,AC,ACC,53.4667,.,"INDEL;IDV=8;IMF=0.0526316;DP=152;VDB=0.276266;SGB=-0.683931;MQSB=8.51997e-05;MQ0F=0.0526316;AF1=1;AC1=1;DP4=129,10,13,0;MQ=37;FQ=-999;PV4=1,1,1,2.44483e-10",GT:PL,"1:91,255,0",N/A
chrXV,50002,.,C,T,225.007,.,"DP=109;VDB=0.263445;SGB=-0.693147;MQSB=0.869024;MQ0F=0;AF1=1;AC1=1;DP4=0,0,73,30;MQ=42;FQ=-999",GT:PL,"1:255,0",YOL145C(-)
chrXV,50010,.,A,T,225.007,.,"DP=100;VDB=0.615789;SGB=-0.693147;MQSB=0.866175;MQ0F=0;AF1=1;AC1=1;DP4=0,0,59,28;MQ=42;FQ=-999",GT:PL,"1:255,0",YOL145C(-)
chrXV,50012,.,C,T,225.007,.,"DP=95;VDB=0.926185;SGB=-0.693147;MQSB=0.864816;MQ0F=0;AF1=1;AC1=1;DP4=0,0,61,28;MQ=42;FQ=-999",GT:PL,"1:255,0",YOL145C(-)
chrXV,60240,.,C,T,225.007,.,"DP=50;VDB=0.933289;SGB=-0.692914;MQSB=0.148931;MQ0F=0;AF1=1;AC1=1;DP4=0,0,8,17;MQ=38;FQ=-999",GT:PL,"1:255,0",N/A
chrXV,79297,.,C,G,225.007,.,"DP=136;VDB=0.963105;SGB=-0.693147;MQSB=0.791647;MQ0F=0.00735294;AF1=1;AC1=1;DP4=0,0,61,73;MQ=42;FQ=-999",GT:PL,"1:255,0",YOL128C(-)
chrXV,79304,.,A,T,225.007,.,"DP=150;VDB=0.629912;SGB=-0.693147;MQSB=0.780708;MQ0F=0.00666667;AF1=1;AC1=1;DP4=0,0,58,70;MQ=42;FQ=-999",GT:PL,"1:255,0",YOL128C(-)
chrXV,79305,.,T,A,225.007,.,"DP=148;VDB=0.51436;SGB=-0.693147;MQSB=0.921215;MQ0F=0.00675676;AF1=1;AC1=1;DP4=0,0,57,71;MQ=42;FQ=-999",GT:PL,"1:255,0",YOL128C(-)
chrXV,580195,.,G,A,225.007,.,"DP=33;VDB=0.820274;SGB=-0.692831;MQSB=0.83527;MQ0F=0;AF1=1;AC1=1;DP4=0,0,18,6;MQ=42;FQ=-999",GT:PL,"1:255,0",YOR135C(-)
chrXV,722253,.,CTTTT,CTTT,8.18204,.,"INDEL;IDV=10;IMF=0.526316;DP=19;VDB=1.99036e-07;SGB=-0.676189;MQSB=0.51264;MQ0F=0;AF1=0.5;AC1=1;DP4=3,5,5,6;MQ=38;FQ=-999;PV4=1,1,1,0.14126",GT:PL,"1:142,0,97",YOR202W(+)
chrXV,722439,.,A,ATC,5.0803,.,"INDEL;IDV=1;IMF=0.1;DP=10;VDB=8.4756e-05;SGB=-0.511536;MQSB=1;MQ0F=0;AF1=0.667185;AC1=1;DP4=1,6,0,3;MQ=32;FQ=-999;PV4=1,1,1,0.0888381",GT:PL,"1:44,0,3",YOR202W(+)
chrXV,773264,.,G,C,225.007,.,"DP=92;VDB=0.354549;SGB=-0.693147;MQSB=1;MQ0F=0;AF1=1;AC1=1;DP4=0,0,19,68;MQ=42;FQ=-999",GT:PL,"1:255,0","YOR231W(+),YOR231C-A(-)"
chrXV,951241,.,C,T,225.007,.,"DP=125;VDB=0.0561447;SGB=-0.693147;MQSB=0.986119;MQ0F=0;AF1=1;AC1=1;DP4=0,0,26,93;MQ=42;FQ=-999",GT:PL,"1:255,0",YOR336W(+)
chrXVI,191944,.,C,T,225.007,.,"DP=130;VDB=1;SGB=-0.693147;MQSB=0.989204;MQ0F=0;AF1=1;AC1=1;DP4=0,0,61,49;MQ=42;FQ=-999",GT:PL,"1:255,0",YPL188W(+)
chrXVI,481304,.,ATTTTTTTTTTTTT,ATTTTTTTTTTTT,6.55188,.,"INDEL;IDV=10;IMF=0.909091;DP=11;VDB=0.00020549;SGB=-0.670168;MQSB=0.964642;MQ0F=0;AF1=1;AC1=1;DP4=1,0,6,4;MQ=42;FQ=-999;PV4=1,0.0273634,1,0.384937",GT:PL,"1:43,22,0",N/A
chrXVI,667520,.,T,G,225.007,.,"DP=99;VDB=0.731903;SGB=-0.693147;MQSB=0.950886;MQ0F=0;AF1=1;AC1=1;DP4=0,0,22,65;MQ=42;FQ=-999",GT:PL,"1:255,0",N/A
chrXVI,677102,.,A,G,225.007,.,"DP=107;VDB=0.866171;SGB=-0.693147;MQSB=0.989999;MQ0F=0;AF1=1;AC1=1;DP4=0,0,41,49;MQ=42;FQ=-999",GT:PL,"1:255,0",N/A
chrXVI,759400,.,T,G,225.007,.,"DP=234;VDB=0.183835;SGB=-0.693147;MQSB=0.983997;MQ0F=0;AF1=1;AC1=1;DP4=0,0,82,138;MQ=42;FQ=-999",GT:PL,"1:255,0",YPR116W(+)
chrXVI,890346,.,T,A,225.007,.,"DP=151;VDB=0.94605;SGB=-0.693147;MQSB=0.998024;MQ0F=0;AF1=1;AC1=1;DP4=0,0,123,24;MQ=42;FQ=-999",GT:PL,"1:255,0",YPR175W(+)
chrmt,4,.,A,ACATATTCA,6.55188,.,"INDEL;IDV=1;IMF=0.5;DP=2;VDB=0.14;SGB=-0.453602;MQ0F=0;AF1=1;AC1=1;DP4=0,0,2,0;MQ=24;FQ=-999",GT:PL,"1:43,6,0",N/A
chrmt,13802,.,T,A,225.007,.,"DP=105;VDB=6.88554e-14;SGB=-0.693147;MQSB=0.999419;MQ0F=0;AF1=1;AC1=1;DP4=0,0,86,3;MQ=42;FQ=-999",GT:PL,"1:255,0",N/A
chrmt,20345,.,GAAA,GAA,154.468,.,"INDEL;IDV=170;IMF=0.845771;DP=201;VDB=0.668286;SGB=-0.693147;MQSB=0.0118124;MQ0F=0;AF1=1;AC1=1;DP4=20,20,68,93;MQ=39;FQ=-999;PV4=0.380513,1,1,1",GT:PL,"1:192,29,0",N/A
chrmt,20934,.,T,G,225.007,.,"DP=246;VDB=0.17986;SGB=-0.693147;MQSB=0.950487;MQ0F=0;AF1=1;AC1=1;DP4=0,0,134,87;MQ=42;FQ=-999",GT:PL,"1:255,0","Q0065(+),Q0070(+),Q0045(+)"
chrmt,27587,.,A,T,188.007,.,"DP=18;VDB=0.000507412;SGB=-0.680642;MQSB=1;MQ0F=0;AF1=1;AC1=1;DP4=0,0,11,1;MQ=42;FQ=-999",GT:PL,"1:218,0",N/A
chrmt,33618,.,T,TTC,217.469,.,"INDEL;IDV=60;IMF=0.895522;DP=67;VDB=0.496526;SGB=-0.693147;MQSB=0.0111897;MQ0F=0;AF1=1;AC1=1;DP4=0,9,23,35;MQ=40;FQ=-999;PV4=0.0225279,1,1,1",GT:PL,"1:255,86,0",N/A
chrmt,33743,.,T,A,213.007,.,"DP=65;VDB=0.000166291;SGB=-0.693147;MQSB=1;MQ0F=0;AF1=1;AC1=1;DP4=0,0,57,1;MQ=41;FQ=-999",GT:PL,"1:243,0",N/A
chrmt,39517,.,G,T,225.007,.,"DP=179;VDB=0.964797;SGB=-0.693147;MQSB=0.864058;MQ0F=0;AF1=1;AC1=1;DP4=0,0,125,12;MQ=42;FQ=-999",GT:PL,"1:255,0",Q0115(+)
chrmt,43084,.,ATTTTTTTT,ATTTTTTTTT,108.467,.,"INDEL;IDV=220;IMF=0.897959;DP=245;VDB=0.00542729;SGB=-0.693147;MQSB=0.971198;MQ0F=0;AF1=1;AC1=1;DP4=10,28,48,159;MQ=42;FQ=-999;PV4=0.680668,1,1,1",GT:PL,"1:146,255,0",N/A
chrmt,44795,.,ATTTTTTTT,ATTTTTTTTT,23.4858,.,"INDEL;IDV=43;IMF=0.914894;DP=47;VDB=0.536142;SGB=-0.693146;MQSB=0.0278686;MQ0F=0;AF1=1;AC1=1;DP4=0,4,36,7;MQ=36;FQ=-999;PV4=0.00185014,1,0.0978695,1",GT:PL,"1:61,88,0",N/A
chrmt,82507,.,T,A,225.007,.,"DP=84;VDB=0.000142788;SGB=-0.693147;MQSB=0.590362;MQ0F=0;AF1=1;AC1=1;DP4=0,0,64,13;MQ=36;FQ=-999",GT:PL,"1:255,0",N/A
