#CHROM,POS,ID,REF,ALT,QUAL,FILTER,INFO,FORMAT,/home/rothlab/dtabet/MGY360/output/mgyZ21/mgyZ21_S246_R1_001_sorted.bam,CDS(Orientation)
chrI,5,.,AC,ACACAC,19.515,.,"INDEL;IDV=4;IMF=0.666667;DP=6;VDB=0.000757573;SGB=-0.556411;MQ0F=0;AF1=0.50002;AC1=1;DP4=2,0,4,0;MQ=39;FQ=-999;PV4=1,1,0.18695,1",GT:PL,"1:98,0,41",N/A
chrI,19971,.,CTTT,CCTTTT,217.469,.,"INDEL;IDV=136;IMF=0.883117;DP=154;VDB=0.864444;SGB=-0.693147;MQSB=0.264787;MQ0F=0;AF1=1;AC1=1;DP4=1,3,49,101;MQ=18;FQ=-999;PV4=1,1,0.112463,1",GT:PL,"1:255,0",N/A
chrI,25340,.,C,A,205.007,.,"DP=197;VDB=0.0255994;SGB=-0.693147;MQSB=5.61044e-14;MQ0F=0.0507614;AF1=1;AC1=1;DP4=0,0,103,89;MQ=16;FQ=-999",GT:PL,"1:235,0",YAL063C(-)
chrI,25488,.,G,A,102.006,.,"DP=207;VDB=0.436029;SGB=-0.693147;RPB=0.0029113;MQB=0.971374;MQSB=0.0853185;BQB=0.908908;MQ0F=0.0628019;AF1=1;AC1=1;DP4=4,26,11,150;MQ=17;FQ=-999;PV4=0.261559,1,0.375238,0.0198702",GT:PL,"1:132,0",YAL063C(-)
chrI,25497,.,G,A,184.007,.,"DP=208;VDB=0.565897;SGB=-0.693147;RPB=0.393035;MQB=0.480099;MQSB=0.14633;BQB=0.208955;MQ0F=0.0865385;AF1=1;AC1=1;DP4=0,2,12,189;MQ=16;FQ=-999;PV4=1,1,1,1",GT:PL,"1:214,0",YAL063C(-)
chrI,25506,.,C,T,24.0219,.,"DP=206;VDB=0.000344587;SGB=-0.693147;RPB=4.56127e-08;MQB=0.00346736;MQSB=1;BQB=0.0463922;MQ0F=0.0873786;AF1=1;AC1=1;DP4=0,21,1,154;MQ=17;FQ=-999;PV4=1,0.00330448,0.000877157,1",GT:PL,"1:54,0",YAL063C(-)
chrI,25509,.,G,A,77.0053,.,"DP=184;VDB=0.000352178;SGB=-0.693147;RPB=0.538462;MQB=0.551282;BQB=0.695513;MQ0F=0.0978261;AF1=1;AC1=1;DP4=0,2,0,156;MQ=16;FQ=-999;PV4=1,1,1,1",GT:PL,"1:107,0",YAL063C(-)
chrI,25512,.,T,G,22.0319,.,"DP=183;VDB=0.000132032;SGB=-0.693147;RPB=1.67457e-11;MQB=0.0013128;MQSB=1;BQB=0.709419;MQ0F=0.120219;AF1=1;AC1=1;DP4=0,19,1,149;MQ=16;FQ=-999;PV4=1,0.204381,0.00015742,1",GT:PL,"1:52,0",YAL063C(-)
chrI,25515,.,A,G,34.0065,.,"DP=222;VDB=0.00358067;SGB=-0.693147;RPB=3.47171e-12;MQB=0.00364603;MQSB=1;BQB=0.00565522;MQ0F=0.0990991;AF1=1;AC1=1;DP4=0,20,1,154;MQ=17;FQ=-999;PV4=1,0.481759,0.000986659,1",GT:PL,"1:64,0",YAL063C(-)
chrI,25536,.,G,A,143.006,.,"DP=233;VDB=0.134081;SGB=-0.693147;RPB=6.3624e-17;MQB=1.91688e-09;MQSB=8.53869e-09;BQB=0.561404;MQ0F=0.111588;AF1=1;AC1=1;DP4=41,4,2,176;MQ=16;FQ=-999;PV4=1.1413e-37,1,1,1",GT:PL,"1:173,0",YAL063C(-)
chrI,25542,.,A,G,119.006,.,"DP=249;VDB=0.0311314;SGB=-0.693147;RPB=6.90573e-15;MQB=3.84342e-13;MQSB=3.26346e-11;BQB=0.00327772;MQ0F=0.104418;AF1=1;AC1=1;DP4=53,4,0,177;MQ=16;FQ=-999;PV4=0,0.000133956,1,1",GT:PL,"1:149,0",YAL063C(-)
chrI,25560,.,G,A,125.006,.,"DP=248;VDB=0.000478189;SGB=-0.693147;RPB=3.76158e-08;MQB=7.66382e-19;MQSB=5.87068e-17;BQB=0.547029;MQ0F=0.0887097;AF1=1;AC1=1;DP4=72,4,1,166;MQ=15;FQ=-999;PV4=0,1,1,0.168618",GT:PL,"1:155,0",YAL063C(-)
chrI,25584,.,A,G,109.006,.,"DP=244;VDB=0.247111;SGB=-0.693147;RPB=0.00598019;MQB=3.32896e-27;MQSB=8.01429e-27;BQB=0.111597;MQ0F=0.057377;AF1=1;AC1=1;DP4=91,4,4,141;MQ=14;FQ=-999;PV4=0,0.0867396,1,0.025689",GT:PL,"1:139,0",YAL063C(-)
chrI,26412,.,G,C,6.19669,.,"DP=201;VDB=0.996681;SGB=-0.693147;RPB=0.867415;MQB=0.0166619;MQSB=2.24738e-09;BQB=0.0314035;MQ0F=0.0497512;AF1=1;AC1=1;DP4=2,1,88,105;MQ=4;FQ=-999;PV4=0.594709,1,1,1",GT:PL,"1:35,0",YAL063C(-)
chrI,26778,.,C,T,30.0091,.,"DP=233;VDB=0.00306791;SGB=-0.693147;RPB=0.180234;MQB=0.994129;MQSB=0.164949;BQB=0.997463;MQ0F=0.150215;AF1=1;AC1=1;DP4=37,50,124,12;MQ=7;FQ=-999;PV4=5.07257e-15,0.228038,1,1",GT:PL,"1:60,0",YAL063C(-)
chrI,26793,.,A,G,28.0116,.,"DP=250;VDB=5.84649e-10;SGB=-0.693147;RPB=1.15854e-08;MQB=0.999896;MQSB=0.346838;BQB=0.0606399;MQ0F=0.18;AF1=1;AC1=1;DP4=85,65,75,6;MQ=8;FQ=-999;PV4=2.505e-09,1,1,1",GT:PL,"1:58,0",YAL063C(-)
chrI,26970,.,G,A,20.0478,.,"DP=244;VDB=4.00469e-29;SGB=-0.693147;RPB=1.77947e-12;MQB=0.000106484;MQSB=6.36689e-06;BQB=0.437702;MQ0F=0.204918;AF1=1;AC1=1;DP4=13,100,115,8;MQ=10;FQ=-999;PV4=1.63756e-41,1,1,1",GT:PL,"1:50,0",YAL063C(-)
chrI,26973,.,A,G,22.0319,.,"DP=246;VDB=3.85871e-28;SGB=-0.693147;RPB=2.43563e-10;MQB=0.00225467;MQSB=2.08734e-05;BQB=0.710151;MQ0F=0.203252;AF1=1;AC1=1;DP4=10,99,118,8;MQ=10;FQ=-999;PV4=5.60519e-44,1,1,1",GT:PL,"1:52,0",YAL063C(-)
chrI,26974,.,A,G,20.0478,.,"DP=244;VDB=3.16055e-30;SGB=-0.693147;RPB=5.08408e-08;MQB=0.000130334;MQSB=1.54753e-05;BQB=0.355965;MQ0F=0.209016;AF1=1;AC1=1;DP4=13,99,114,8;MQ=10;FQ=-999;PV4=5.4369e-41,1,1,1",GT:PL,"1:50,0",YAL063C(-)
chrI,26981,.,T,C,28.0116,.,"DP=243;VDB=9.2412e-18;SGB=-0.693147;RPB=1.07556e-08;MQB=0.000823886;MQSB=8.3615e-07;BQB=0.0606613;MQ0F=0.213992;AF1=1;AC1=1;DP4=7,89,126,10;MQ=11;FQ=-999;PV4=1.69557e-43,1,1,1",GT:PL,"1:58,0",YAL063C(-)
chrI,26982,.,G,A,25.0184,.,"DP=250;VDB=1.06666e-19;SGB=-0.693147;RPB=3.3393e-05;MQB=0.00157808;MQSB=1.1232e-07;BQB=0.317543;MQ0F=0.208;AF1=1;AC1=1;DP4=14,91,126,8;MQ=11;FQ=-999;PV4=1.43074e-40,1,1,1",GT:PL,"1:55,0",YAL063C(-)
chrI,26983,.,T,G,30.0091,.,"DP=251;VDB=1.12042e-12;SGB=-0.693147;RPB=4.18999e-09;MQB=0.000151306;MQSB=1.19509e-07;BQB=0.861969;MQ0F=0.207171;AF1=1;AC1=1;DP4=8,88,132,10;MQ=11;FQ=-999;PV4=1.58347e-43,1,1,1",GT:PL,"1:60,0",YAL063C(-)
chrI,27027,.,A,T,87.0054,.,"DP=165;VDB=0.0148763;SGB=-0.693147;RPB=0.0147819;MQB=0.00101807;MQSB=2.99655e-09;BQB=0.00929292;MQ0F=0.224242;AF1=1;AC1=1;DP4=6,44,92,14;MQ=14;FQ=-999;PV4=5.08369e-20,1,1,1",GT:PL,"1:117,0",YAL063C(-)
chrI,27035,.,T,C,78.0053,.,"DP=167;VDB=0.000726071;SGB=-0.693147;RPB=4.54193e-08;MQB=4.63913e-05;MQSB=1.28103e-10;BQB=0.785079;MQ0F=0.197605;AF1=1;AC1=1;DP4=12,58,78,15;MQ=13;FQ=-999;PV4=4.10314e-18,0.151501,1,1",GT:PL,"1:108,0",YAL063C(-)
chrI,27036,.,G,A,77.0053,.,"DP=166;VDB=0.000171881;SGB=-0.693147;RPB=3.42523e-08;MQB=1.91054e-05;MQSB=1.90274e-10;BQB=0.999247;MQ0F=0.192771;AF1=1;AC1=1;DP4=12,59,78,13;MQ=13;FQ=-999;PV4=2.03205e-19,0.281955,1,1",GT:PL,"1:107,0",YAL063C(-)
chrI,27044,.,C,T,75.0053,.,"DP=167;VDB=0.00101869;SGB=-0.693147;RPB=1.73232e-08;MQB=2.12846e-05;MQSB=9.56463e-13;BQB=0.000531634;MQ0F=0.191617;AF1=1;AC1=1;DP4=4,68,74,17;MQ=13;FQ=-999;PV4=1.98601e-24,1,1,1",GT:PL,"1:105,0",YAL063C(-)
chrI,27090,.,T,C,4.12714,.,"DP=214;VDB=3.76729e-22;SGB=-0.693147;RPB=3.41246e-33;MQB=0.0609899;MQSB=1.71485e-10;BQB=1.15477e-07;MQ0F=0.415888;AF1=1;AC1=1;DP4=12,105,15,76;MQ=7;FQ=-999;PV4=0.214858,7.91944e-11,1,1.19992e-12",GT:PL,"1:32,0",YAL063C(-)
chrI,27099,.,T,C,61.0051,.,"DP=217;VDB=1.99889e-29;SGB=-0.693147;RPB=3.72209e-32;MQB=0.928883;MQSB=9.35788e-16;BQB=1.39388e-06;MQ0F=0.428571;AF1=1;AC1=1;DP4=9,87,28,86;MQ=11;FQ=-999;PV4=0.00585513,2.02044e-10,1,0.11492",GT:PL,"1:91,0",YAL063C(-)
chrI,27105,.,A,"G,T",120.006,.,"DP=235;VDB=4.49623e-17;SGB=-0.693147;RPB=8.8609e-32;MQB=0.63689;MQSB=2.96174e-17;BQB=4.99712e-08;MQ0F=0.408511;AF1=1;AC1=1;DP4=3,71,31,128;MQ=11;FQ=-999;PV4=0.00124745,1.89463e-12,1,1",GT:PL,"1:150,0,146",YAL063C(-)
chrI,27126,.,T,C,212.007,.,"DP=247;VDB=1.80655e-08;SGB=-0.693147;RPB=3.1275e-24;MQB=0.000570246;MQSB=2.55847e-24;BQB=3.89115e-07;MQ0F=0.37247;AF1=1;AC1=1;DP4=3,43,51,145;MQ=18;FQ=-999;PV4=0.00294763,1,1,1",GT:PL,"1:242,0",YAL063C(-)
chrI,27129,.,C,G,225.007,.,"DP=232;VDB=3.74041e-07;SGB=-0.693147;RPB=6.76765e-09;MQB=0.147139;MQSB=3.2979e-24;BQB=0.949666;MQ0F=0.383621;AF1=1;AC1=1;DP4=0,14,52,161;MQ=18;FQ=-999;PV4=0.0436747,0.163954,1,1",GT:PL,"1:255,0",YAL063C(-)
chrI,41475,.,G,T,225.007,.,"DP=246;VDB=0.936955;SGB=-0.693147;MQSB=0.975977;MQ0F=0;AF1=1;AC1=1;DP4=0,0,45,189;MQ=42;FQ=-999",GT:PL,"1:255,0",YAL056W(+)
chrI,141030,.,T,A,207.007,.,"DP=153;VDB=0.338656;SGB=-0.693147;RPB=0.409396;MQB=0.42953;MQSB=3.97785e-18;BQB=0.221477;MQ0F=0;AF1=1;AC1=1;DP4=0,2,116,33;MQ=24;FQ=-999;PV4=0.0525386,1,1,1",GT:PL,"1:237,0","YAL005C(-),YAL004W(+)"
chrI,141135,.,A,T,225.007,.,"DP=120;VDB=0.734878;SGB=-0.693147;MQSB=3.37684e-17;MQ0F=0;AF1=1;AC1=1;DP4=0,0,74,44;MQ=25;FQ=-999",GT:PL,"1:255,0","YAL005C(-),YAL004W(+)"
chrI,183387,.,ACC,AC,189.468,.,"INDEL;IDV=40;IMF=0.97561;DP=41;VDB=0.0187458;SGB=-0.693145;MQSB=0.00853089;MQ0F=0;AF1=1;AC1=1;DP4=0,0,23,18;MQ=22;FQ=-999",GT:PL,"1:227,123,0",N/A
chrI,199811,.,T,G,225.007,.,"DP=39;VDB=0.444467;SGB=-0.693127;MQSB=0.797008;MQ0F=0;AF1=1;AC1=1;DP4=0,0,21,12;MQ=41;FQ=-999",GT:PL,"1:255,0",N/A
chrI,205499,.,C,G,24.0219,.,"DP=132;VDB=1.31213e-08;SGB=-0.693147;RPB=0.0472441;MQB=0.125984;MQSB=1;BQB=0.0433071;MQ0F=0.0227273;AF1=1;AC1=1;DP4=2,0,126,1;MQ=9;FQ=-999;PV4=1,1,1,1",GT:PL,"1:54,0",YAR050W(+)
chrI,205519,.,C,A,43.0051,.,"DP=181;VDB=0.000164959;SGB=-0.693147;RPB=0.584509;MQB=0.00357098;MQSB=0.00493553;BQB=8.3414e-06;MQ0F=0.0276243;AF1=1;AC1=1;DP4=5,5,167,2;MQ=11;FQ=-999;PV4=3.48262e-06,1,1,1",GT:PL,"1:73,0",YAR050W(+)
chrI,206126,.,T,C,22.0319,.,"DP=40;VDB=2.64198e-08;SGB=-0.693139;MQSB=0.319754;MQ0F=0.025;AF1=1;AC1=1;DP4=0,0,12,24;MQ=8;FQ=-999",GT:PL,"1:52,0",YAR050W(+)
chrI,206129,.,A,C,10.418,.,"DP=36;VDB=1.32974e-05;SGB=-0.69312;RPB=0.53125;MQB=0.625;MQSB=0.98564;BQB=0.0625;MQ0F=0.0555556;AF1=1;AC1=1;DP4=1,1,9,23;MQ=7;FQ=-999;PV4=0.508021,1,0.117688,1",GT:PL,"1:40,0",YAR050W(+)
chrI,206132,.,G,T,13.2167,.,"DP=37;VDB=0.273663;SGB=-0.693127;MQSB=0.999271;MQ0F=0.0810811;AF1=1;AC1=1;DP4=0,0,11,22;MQ=6;FQ=-999",GT:PL,"1:43,0",YAR050W(+)
chrI,206144,.,C,T,27.0133,.,"DP=32;VDB=0.000259218;SGB=-0.693097;RPB=1;MQB=1;MQSB=0.165704;BQB=1;MQ0F=0.125;AF1=1;AC1=1;DP4=1,0,22,8;MQ=9;FQ=-999;PV4=1,1,1,1",GT:PL,"1:57,0",YAR050W(+)
chrI,206177,.,G,C,21.0389,.,"DP=115;VDB=3.82702e-15;SGB=-0.693147;RPB=1;MQB=1;MQSB=0.544949;BQB=1;MQ0F=0.0347826;AF1=1;AC1=1;DP4=0,1,80,32;MQ=8;FQ=-999;PV4=0.292035,1,1,1",GT:PL,"1:51,0",YAR050W(+)
chrI,206178,.,C,A,25.0184,.,"DP=117;VDB=5.27967e-15;SGB=-0.693147;RPB=0;MQB=0.858407;MQSB=0.57556;BQB=0.159292;MQ0F=0.042735;AF1=1;AC1=1;DP4=2,0,80,33;MQ=8;FQ=-999;PV4=1,1,1,1",GT:PL,"1:55,0",YAR050W(+)
chrI,206179,.,A,C,24.0219,.,"DP=127;VDB=3.71745e-15;SGB=-0.693147;RPB=0.0031963;MQB=0.998988;MQSB=0.493424;BQB=0.00652492;MQ0F=0.0393701;AF1=1;AC1=1;DP4=3,1,80,33;MQ=8;FQ=-999;PV4=1,1,1,1",GT:PL,"1:54,0",YAR050W(+)
chrI,210818,.,A,T,121.006,.,"DP=110;VDB=1.69221e-05;SGB=-0.693147;MQSB=0.0392074;MQ0F=0;AF1=1;AC1=1;DP4=0,0,16,88;MQ=13;FQ=-999",GT:PL,"1:151,0",N/A
chrI,211019,.,T,C,99.0056,.,"DP=70;VDB=5.11049e-13;SGB=-0.693147;RPB=0.00917731;MQB=0.0295515;MQSB=7.16557e-07;BQB=0.93118;MQ0F=0;AF1=1;AC1=1;DP4=5,1,20,44;MQ=14;FQ=-999;PV4=0.0195853,0.269806,1,0.00393466",GT:PL,"1:129,0",N/A
chrII,6440,.,G,C,131.006,.,"DP=56;VDB=0.824072;SGB=-0.693146;MQSB=0.0128294;MQ0F=0;AF1=1;AC1=1;DP4=0,0,8,36;MQ=17;FQ=-999",GT:PL,"1:161,0",N/A
chrII,7510,.,G,A,9.51895,.,"DP=4;VDB=0.740842;SGB=-0.556411;MQSB=1;MQ0F=0;AF1=1;AC1=1;DP4=0,0,1,3;MQ=12;FQ=-999",GT:PL,"1:39,0",N/A
chrII,7511,.,G,A,9.51895,.,"DP=4;VDB=0.740842;SGB=-0.556411;MQSB=1;MQ0F=0;AF1=1;AC1=1;DP4=0,0,1,3;MQ=12;FQ=-999",GT:PL,"1:39,0",N/A
chrII,15101,.,T,G,225.007,.,"DP=55;VDB=0.972585;SGB=-0.693147;MQSB=0.792095;MQ0F=0;AF1=1;AC1=1;DP4=0,0,17,35;MQ=42;FQ=-999",GT:PL,"1:255,0",YBL105C(-)
chrII,15510,.,G,T,225.007,.,"DP=83;VDB=0.703053;SGB=-0.693147;MQSB=0.952661;MQ0F=0;AF1=1;AC1=1;DP4=0,0,43,35;MQ=42;FQ=-999",GT:PL,"1:255,0",YBL105C(-)
chrII,15518,.,A,G,225.007,.,"DP=98;VDB=0.994756;SGB=-0.693147;MQSB=0.974035;MQ0F=0;AF1=1;AC1=1;DP4=0,0,52,35;MQ=42;FQ=-999",GT:PL,"1:255,0",YBL105C(-)
chrII,16380,.,C,T,225.007,.,"DP=104;VDB=0.001078;SGB=-0.693147;MQSB=0.935042;MQ0F=0;AF1=1;AC1=1;DP4=0,0,34,67;MQ=42;FQ=-999",GT:PL,"1:255,0",YBL105C(-)
chrII,16392,.,A,G,225.007,.,"DP=106;VDB=0.0132655;SGB=-0.693147;MQSB=0.929281;MQ0F=0;AF1=1;AC1=1;DP4=0,0,32,62;MQ=42;FQ=-999",GT:PL,"1:255,0",YBL105C(-)
chrII,30012,.,C,T,4.7673,.,"DP=64;VDB=1.47802e-10;SGB=-0.693147;MQSB=0.177419;MQ0F=0;AF1=1;AC1=1;DP4=0,0,62,2;MQ=9;FQ=-999",GT:PL,"1:33,0","YBL100W-A(+),YBL100W-B(+)"
chrII,30848,.,C,G,3.01251,.,"DP=57;VDB=0.12861;SGB=-0.693146;RPB=0.065362;MQB=8.80482e-06;MQSB=0.0105014;BQB=0.963119;MQ0F=0;AF1=1;AC1=1;DP4=7,4,1,41;MQ=8;FQ=-999;PV4=1.58238e-05,0.291477,1,0.280872",GT:PL,"1:30,0","YBL100W-A(+),YBL100W-B(+)"
chrII,35485,.,C,T,132.006,.,"DP=10;VDB=0.00164973;SGB=-0.670168;MQSB=0;MQ0F=0;AF1=1;AC1=1;DP4=0,0,8,2;MQ=34;FQ=-999",GT:PL,"1:162,0",N/A
chrII,59755,.,T,C,136.006,.,"DP=7;VDB=0.852158;SGB=-0.616816;MQSB=1;MQ0F=0;AF1=1;AC1=1;DP4=0,0,5,1;MQ=42;FQ=-999",GT:PL,"1:166,0",N/A
chrII,88484,.,GGAGAAGAGAAGA,GGAGAAGA,217.469,.,"INDEL;IDV=57;IMF=0.850746;DP=67;VDB=3.00594e-11;SGB=-0.693147;MQSB=1;MQ0F=0;AF1=1;AC1=1;DP4=0,0,66,1;MQ=40;FQ=-999",GT:PL,"1:255,202,0",N/A
chrII,221288,.,AGTGT,AGT,84.467,.,"INDEL;IDV=3;IMF=0.75;DP=4;VDB=0.0751808;SGB=-0.556411;MQ0F=0;AF1=1;AC1=1;DP4=0,0,0,4;MQ=42;FQ=-999",GT:PL,"1:122,12,0",N/A
chrII,259764,.,C,T,96.0056,.,"DP=5;VDB=0.807392;SGB=-0.590765;MQ0F=0;AF1=1;AC1=1;DP4=0,0,0,5;MQ=42;FQ=-999",GT:PL,"1:126,0",N/A
chrII,263168,.,CG,C,10.8397,.,"INDEL;IDV=7;IMF=0.875;DP=8;VDB=0.00472538;SGB=-0.636426;MQSB=0.583333;MQ0F=0;AF1=1;AC1=1;DP4=1,0,1,6;MQ=11;FQ=-999;PV4=0.25,1,1,9.88071e-08",GT:PL,"1:48,15,0",YBR012W-B(+)
chrII,265382,.,G,T,41.0052,.,"DP=3;VDB=0.116687;SGB=-0.511536;MQ0F=0;AF1=1;AC1=1;DP4=0,0,3,0;MQ=42;FQ=-999",GT:PL,"1:71,0",N/A
chrII,383176,.,CGG,CGGG,217.469,.,"INDEL;IDV=52;IMF=0.928571;DP=56;VDB=0.037484;SGB=-0.693147;MQSB=0.974237;MQ0F=0;AF1=1;AC1=1;DP4=1,1,34,20;MQ=41;FQ=-999;PV4=1,1,1,0.150073",GT:PL,"1:255,137,0",YBR073W(+)
chrII,389421,.,GCTCTCT,GCTCT,217.469,.,"INDEL;IDV=14;IMF=0.933333;DP=15;VDB=0.365447;SGB=-0.688148;MQSB=0.954207;MQ0F=0;AF1=1;AC1=1;DP4=0,0,10,5;MQ=39;FQ=-999",GT:PL,"1:255,45,0",N/A
chrII,419923,.,A,G,225.007,.,"DP=122;VDB=1.43521e-05;SGB=-0.693147;MQSB=1;MQ0F=0;AF1=1;AC1=1;DP4=0,0,6,116;MQ=42;FQ=-999",GT:PL,"1:255,0",N/A
chrII,746362,.,CATCTGCAATCTGCAATCT,CATCTGCAATCT,114.467,.,"INDEL;IDV=39;IMF=0.609375;DP=64;VDB=0.137707;SGB=-0.693147;MQSB=0.933905;MQ0F=0.03125;AF1=0.5;AC1=1;DP4=11,2,41,10;MQ=38;FQ=-999;PV4=1,1,0.0539806,1",GT:PL,"1:255,0,103",YBR272C(-)
chrIII,84421,.,G,A,72.0053,.,"DP=12;VDB=0.00429936;SGB=-0.590765;RPB=0.0476173;MQB=0.0476173;MQSB=0.375;BQB=0.333321;MQ0F=0;AF1=1;AC1=1;DP4=3,2,5,0;MQ=30;FQ=-999;PV4=0.444444,0.0544976,1,0.0816",GT:PL,"1:102,0",N/A
chrIII,84780,.,A,T,51.005,.,"DP=3;VDB=0.235765;SGB=-0.511536;MQ0F=0;AF1=1;AC1=1;DP4=0,0,0,3;MQ=42;FQ=-999",GT:PL,"1:81,0",N/A
chrIII,143131,.,T,C,225.007,.,"DP=26;VDB=0.123479;SGB=-0.692831;MQSB=0.988072;MQ0F=0;AF1=1;AC1=1;DP4=0,0,20,4;MQ=42;FQ=-999",GT:PL,"1:255,0",N/A
chrIII,148615,.,C,T,40.0053,.,"DP=3;VDB=0.0785113;SGB=-0.511536;MQ0F=0;AF1=1;AC1=1;DP4=0,0,0,3;MQ=37;FQ=-999",GT:PL,"1:70,0",YCR018C(-)
chrIII,151554,.,TA,TAA,4.41606,.,"INDEL;IDV=1;IMF=1;DP=1;SGB=-0.379885;MQ0F=0;AF1=1;AC1=1;DP4=0,0,1,0;MQ=42;FQ=-999",GT:PL,"1:40,3,0",N/A
chrIII,151628,.,A,T,35.0062,.,"DP=15;VDB=0.036866;SGB=-0.556411;RPB=0.0686612;MQB=0.114218;BQB=0.826565;MQ0F=0;AF1=1;AC1=1;DP4=9,0,4,0;MQ=20;FQ=-999;PV4=1,0.173278,1,0.00209737",GT:PL,"1:65,0",YCR018C-A(-)
chrIII,162361,.,T,C,225.007,.,"DP=20;VDB=0.0241851;SGB=-0.692067;MQSB=0.5;MQ0F=0;AF1=1;AC1=1;DP4=0,0,2,18;MQ=42;FQ=-999",GT:PL,"1:255,0",N/A
chrIII,162396,.,G,C,225.007,.,"DP=22;VDB=0.225512;SGB=-0.692352;MQSB=0.695144;MQ0F=0;AF1=1;AC1=1;DP4=0,0,9,12;MQ=42;FQ=-999",GT:PL,"1:255,0",N/A
chrIII,162640,.,T,G,225.007,.,"DP=50;VDB=1.72928e-05;SGB=-0.693147;MQSB=1;MQ0F=0;AF1=1;AC1=1;DP4=0,0,46,4;MQ=42;FQ=-999",GT:PL,"1:255,0",YCR024C-B(-)
chrIII,162694,.,G,A,225.007,.,"DP=34;VDB=0.0997725;SGB=-0.693097;MQSB=0.862892;MQ0F=0;AF1=1;AC1=1;DP4=0,0,21,9;MQ=42;FQ=-999",GT:PL,"1:255,0",YCR024C-B(-)
chrIII,162712,.,TAAAAAAAAAA,TAAAAAAAAA,19.515,.,"INDEL;IDV=45;IMF=1;DP=45;VDB=0.0262097;SGB=-0.693146;MQSB=0.66027;MQ0F=0;AF1=1;AC1=1;DP4=0,1,34,10;MQ=42;FQ=-999;PV4=0.244444,1,1,0.172513",GT:PL,"1:57,119,0",YCR024C-B(-)
chrIII,163059,.,T,C,225.007,.,"DP=60;VDB=0.236902;SGB=-0.693147;MQSB=0.350844;MQ0F=0;AF1=1;AC1=1;DP4=0,0,19,38;MQ=42;FQ=-999",GT:PL,"1:255,0",YCR024C-A(-)
chrIII,163192,.,ATTT,ATTTT,78.467,.,"INDEL;IDV=57;IMF=0.919355;DP=62;VDB=0.121887;SGB=-0.693147;MQSB=0.738577;MQ0F=0;AF1=0.5;AC1=1;DP4=1,11,6,44;MQ=41;FQ=-999;PV4=1,1,1,1",GT:PL,"1:185,0,69",N/A
chrIII,199081,.,G,A,114.006,.,"DP=154;VDB=0.886605;SGB=-0.693147;RPB=0.00318139;MQB=1.18161e-05;MQSB=0.00200521;BQB=0.951231;MQ0F=0.00649351;AF1=1;AC1=1;DP4=25,25,31,67;MQ=14;FQ=-999;PV4=0.0330604,0.159114,1,0.322796",GT:PL,"1:144,0",YCR038C(-)
chrIV,130,.,CACA,C,3.80489,.,"INDEL;IDV=8;IMF=0.571429;DP=14;VDB=0.0549636;SGB=-0.651104;MQSB=0.166667;MQ0F=0.285714;AF1=1;AC1=1;DP4=4,2,8,0;MQ=13;FQ=-999;PV4=0.164835,1,1,0.399225",GT:PL,"1:39,4,0",N/A
chrIV,736999,.,T,A,225.007,.,"DP=54;VDB=0.230047;SGB=-0.693147;MQSB=1;MQ0F=0;AF1=1;AC1=1;DP4=0,0,20,28;MQ=42;FQ=-999",GT:PL,"1:255,0",YDR141C(-)
chrIV,757631,.,G,"C,T",181.007,.,"DP=93;VDB=0.000370135;SGB=-0.693147;MQSB=0.347642;MQ0F=0.0107527;AF1=1;AC1=1;DP4=0,0,55,38;MQ=18;FQ=-999",GT:PL,"1:211,0,194",YDR150W(+)
chrIV,758310,.,T,C,75.0053,.,"DP=81;VDB=0.797898;SGB=-0.693147;RPB=1;MQB=1;MQSB=0.0117866;BQB=1;MQ0F=0.0123457;AF1=1;AC1=1;DP4=1,0,14,60;MQ=11;FQ=-999;PV4=0.2,1,1,1",GT:PL,"1:105,0",YDR150W(+)
chrIV,769328,.,G,A,225.007,.,"DP=60;VDB=0.424566;SGB=-0.693147;MQSB=1;MQ0F=0;AF1=1;AC1=1;DP4=0,0,24,34;MQ=42;FQ=-999",GT:PL,"1:255,0",N/A
chrIV,783598,.,G,A,225.007,.,"DP=95;VDB=0.738809;SGB=-0.693147;MQSB=1;MQ0F=0;AF1=1;AC1=1;DP4=0,0,33,58;MQ=42;FQ=-999",GT:PL,"1:255,0",YDR164C(-)
chrIV,817531,.,TAAAAAAAAAA,"TAAAAAAAAAAA,TAAAAAAAAA",25.4786,.,"INDEL;IDV=30;IMF=0.833333;DP=36;VDB=0.00631461;SGB=-0.693097;MQSB=1;MQ0F=0;AF1=1;AC1=1;DP4=3,3,6,24;MQ=42;FQ=-999;PV4=0.150638,1,1,1",GT:PL,"1:63,0,67",N/A
chrIV,864219,.,A,G,225.007,.,"DP=65;VDB=4.41621e-06;SGB=-0.693147;MQSB=1;MQ0F=0;AF1=1;AC1=1;DP4=0,0,44,20;MQ=42;FQ=-999",GT:PL,"1:255,0",YDR206W(+)
chrIV,914272,.,C,T,6.97679,.,"DP=1;SGB=-0.379885;MQ0F=0;AF1=1;AC1=1;DP4=0,0,1,0;MQ=42;FQ=-999",GT:PL,"1:36,0",N/A
chrIV,987244,.,G,A,118.006,.,"DP=17;VDB=0.476212;SGB=-0.651104;RPB=0.915545;MQB=0.00499343;MQSB=0.678571;BQB=0.915545;MQ0F=0.0588235;AF1=1;AC1=1;DP4=8,0,6,2;MQ=28;FQ=-999;PV4=0.466667,0.167141,1,0.396775",GT:PL,"1:148,0",N/A
chrIV,1110336,.,T,C,6.97679,.,"DP=1;SGB=-0.379885;MQ0F=0;AF1=1;AC1=1;DP4=0,0,1,0;MQ=42;FQ=-999",GT:PL,"1:36,0",N/A
chrIV,1150910,.,AGG,AGGG,189.468,.,"INDEL;IDV=21;IMF=0.777778;DP=27;VDB=0.942771;SGB=-0.692562;MQSB=0.927743;MQ0F=0;AF1=0.500397;AC1=1;DP4=0,5,7,15;MQ=41;FQ=-999;PV4=0.283352,1,1,1",GT:PL,"1:255,0,28",YDR340W(+)
chrIV,1185130,.,C,A,225.007,.,"DP=133;VDB=0.384797;SGB=-0.693147;MQSB=1;MQ0F=0;AF1=1;AC1=1;DP4=0,0,72,45;MQ=42;FQ=-999",GT:PL,"1:255,0",YDR354W(+)
chrIV,1253397,.,T,C,225.007,.,"DP=64;VDB=0.737502;SGB=-0.693147;MQSB=1;MQ0F=0;AF1=1;AC1=1;DP4=0,0,37,24;MQ=42;FQ=-999",GT:PL,"1:255,0",YDR389W(+)
chrIV,1305680,.,TGG,TG,138.468,.,"INDEL;IDV=8;IMF=0.727273;DP=11;VDB=0.0226673;SGB=-0.670168;MQSB=1;MQ0F=0;AF1=0.667194;AC1=1;DP4=1,0,8,2;MQ=42;FQ=-999;PV4=1,1,1,1",GT:PL,"1:179,0,3",N/A
chrIV,1402305,.,C,T,225.007,.,"DP=45;VDB=0.832312;SGB=-0.693147;MQSB=0.588514;MQ0F=0;AF1=1;AC1=1;DP4=0,0,31,14;MQ=40;FQ=-999",GT:PL,"1:255,0",YDR471W(+)
chrIV,1433710,.,A,T,225.007,.,"DP=122;VDB=0.0149862;SGB=-0.693147;MQSB=0.984345;MQ0F=0;AF1=1;AC1=1;DP4=0,0,64,52;MQ=42;FQ=-999",GT:PL,"1:255,0",YDR490C(-)
chrIV,1524974,.,A,G,194.007,.,"DP=56;VDB=0.235897;SGB=-0.693147;MQSB=0.213171;MQ0F=0.0178571;AF1=1;AC1=1;DP4=0,0,25,27;MQ=22;FQ=-999",GT:PL,"1:224,0",N/A
chrIV,1525313,.,T,G,88.0055,.,"DP=42;VDB=3.67384e-07;SGB=-0.693146;MQ0F=0.0238095;AF1=1;AC1=1;DP4=0,0,0,42;MQ=21;FQ=-999",GT:PL,"1:118,0",YDR544C(-)
chrIV,1525335,.,C,G,89.0055,.,"DP=39;VDB=5.79906e-07;SGB=-0.693143;MQ0F=0;AF1=1;AC1=1;DP4=0,0,0,38;MQ=21;FQ=-999",GT:PL,"1:119,0",YDR544C(-)
chrIV,1525340,.,C,A,88.0055,.,"DP=37;VDB=3.27907e-07;SGB=-0.693141;MQ0F=0;AF1=1;AC1=1;DP4=0,0,0,37;MQ=21;FQ=-999",GT:PL,"1:118,0",YDR544C(-)
chrIV,1525345,.,C,G,78.0053,.,"DP=29;VDB=2.38416e-07;SGB=-0.693054;MQ0F=0;AF1=1;AC1=1;DP4=0,0,0,28;MQ=20;FQ=-999",GT:PL,"1:108,0",YDR544C(-)
chrIV,1525351,.,C,G,84.0054,.,"DP=24;VDB=1.71442e-09;SGB=-0.690438;MQ0F=0;AF1=1;AC1=1;DP4=0,0,0,17;MQ=23;FQ=-999",GT:PL,"1:114,0",YDR544C(-)
chrIV,1525357,.,C,G,85.0054,.,"DP=17;VDB=4.04122e-08;SGB=-0.686358;MQ0F=0;AF1=1;AC1=1;DP4=0,0,0,14;MQ=24;FQ=-999",GT:PL,"1:115,0",YDR544C(-)
chrIV,1525363,.,C,G,33.0069,.,"DP=14;VDB=6.99472e-07;SGB=-0.670168;MQ0F=0;AF1=1;AC1=1;DP4=0,0,0,10;MQ=24;FQ=-999",GT:PL,"1:63,0",YDR544C(-)
chrV,5494,.,C,T,30.0091,.,"DP=205;VDB=4.67118e-38;SGB=-0.693147;RPB=0.00240225;MQB=1.65886e-09;MQSB=0.00543016;BQB=0.691851;MQ0F=0.0780488;AF1=0.5;AC1=1;DP4=18,81,0,103;MQ=26;FQ=-999;PV4=1.12033e-06,1,1,1",GT:PL,"1:154,94",YEL075C(-)
chrV,48384,.,T,C,225.007,.,"DP=35;VDB=0.978888;SGB=-0.693097;MQSB=1;MQ0F=0;AF1=1;AC1=1;DP4=0,0,11,19;MQ=42;FQ=-999",GT:PL,"1:255,0",N/A
chrV,115989,.,C,T,72.0053,.,"DP=16;VDB=0.000229287;SGB=-0.688148;MQ0F=0;AF1=1;AC1=1;DP4=0,0,15,0;MQ=20;FQ=-999",GT:PL,"1:102,0",N/A
chrV,115997,.,T,C,97.0056,.,"DP=17;VDB=0.0863944;SGB=-0.690438;MQ0F=0;AF1=1;AC1=1;DP4=0,0,17,0;MQ=24;FQ=-999",GT:PL,"1:127,0",N/A
chrV,116028,.,G,A,155.006,.,"DP=27;VDB=0.0943439;SGB=-0.692914;MQ0F=0;AF1=1;AC1=1;DP4=0,0,25,0;MQ=40;FQ=-999",GT:PL,"1:185,0",N/A
chrV,116086,.,G,A,225.007,.,"DP=254;VDB=1.26484e-21;SGB=-0.693147;MQSB=1;MQ0F=0;AF1=1;AC1=1;DP4=0,0,251,1;MQ=42;FQ=-999",GT:PL,"1:255,0",N/A
chrV,116577,.,G,A,225.007,.,"DP=231;VDB=0.894571;SGB=-0.693147;MQSB=0.885245;MQ0F=0;AF1=1;AC1=1;DP4=0,0,74,151;MQ=42;FQ=-999",GT:PL,"1:255,0",YEL021W(+)
chrV,116644,.,G,T,225.007,.,"DP=203;VDB=0.999841;SGB=-0.693147;MQSB=0.999711;MQ0F=0;AF1=1;AC1=1;DP4=0,0,61,138;MQ=42;FQ=-999",GT:PL,"1:255,0",YEL021W(+)
chrV,116799,.,C,T,225.007,.,"DP=198;VDB=0.00719891;SGB=-0.693147;MQSB=0.987993;MQ0F=0;AF1=1;AC1=1;DP4=0,0,17,175;MQ=42;FQ=-999",GT:PL,"1:255,0",YEL021W(+)
chrV,116838,.,C,G,225.007,.,"DP=133;VDB=0.64978;SGB=-0.693147;MQSB=0.979414;MQ0F=0;AF1=1;AC1=1;DP4=0,0,18,99;MQ=42;FQ=-999",GT:PL,"1:255,0",YEL021W(+)
chrV,154531,.,T,A,225.007,.,"DP=101;VDB=0.0247273;SGB=-0.693147;RPB=1;MQB=1;MQSB=0.976881;BQB=1;MQ0F=0;AF1=1;AC1=1;DP4=0,1,23,73;MQ=42;FQ=-999;PV4=1,1,0.442764,0.227009",GT:PL,"1:255,0",YER001W(+)
chrV,272558,.,GTTTTTTTTTTTT,"GTTTTTTTTTTT,GTTTTTTTTTT",6.55188,.,"INDEL;IDV=52;IMF=0.945455;DP=55;VDB=0.0019659;SGB=-0.693147;MQSB=0.999044;MQ0F=0;AF1=1;AC1=1;DP4=3,3,32,17;MQ=42;FQ=-999;PV4=0.65683,1,1,0.207067",GT:PL,"1:43,83,0,43,97,35",N/A
chrV,352394,.,A,G,225.007,.,"DP=90;VDB=0.000429392;SGB=-0.693147;MQSB=1;MQ0F=0;AF1=1;AC1=1;DP4=0,0,29,46;MQ=42;FQ=-999",GT:PL,"1:255,0",YER096W(+)
chrV,517529,.,T,C,225.007,.,"DP=41;VDB=0.0276163;SGB=-0.693144;MQSB=0.981425;MQ0F=0;AF1=1;AC1=1;DP4=0,0,26,13;MQ=42;FQ=-999",GT:PL,"1:255,0",N/A
chrVI,97864,.,CTTTTTTTTTT,"CTTTTTTTTTTTT,CTTTTTTTTTTTTT",47.4666,.,"INDEL;IDV=121;IMF=0.801324;DP=151;VDB=0.00246973;SGB=-0.693147;MQSB=0.997926;MQ0F=0;AF1=1;AC1=1;DP4=19,3,121,8;MQ=42;FQ=-999;PV4=0.202479,1,1,1",GT:PL,"1:85,0,16",N/A
chrVII,9,.,ACAC,"ACACCAC,ACACCCACACCAC",113.467,.,"INDEL;IDV=15;IMF=0.576923;DP=26;VDB=1.60313e-12;SGB=-0.689466;MQSB=0.4375;MQ0F=0.0384615;AF1=0.512852;AC1=1;DP4=8,2,16,0;MQ=35;FQ=-999;PV4=0.138462,1,1,1",GT:PL,"1:182,31,161",N/A
chrVII,214,.,ACC,ACCC,217.469,.,"INDEL;IDV=60;IMF=0.882353;DP=68;VDB=0.184156;SGB=-0.693147;MQSB=5.86837e-07;MQ0F=0.0147059;AF1=1;AC1=1;DP4=0,1,29,38;MQ=27;FQ=-999;PV4=1,1,0.150012,1",GT:PL,"1:255,173,0",N/A
chrVII,8151,.,GA,GAA,16.5631,.,"INDEL;IDV=44;IMF=0.709677;DP=62;VDB=0.999844;SGB=-0.693147;MQSB=0.751401;MQ0F=0;AF1=1;AC1=1;DP4=0,0,36,26;MQ=9;FQ=-999",GT:PL,"1:54,187,0",N/A
chrVII,386978,.,C,G,225.007,.,"DP=101;VDB=0.0158617;SGB=-0.693147;MQSB=0.000405483;MQ0F=0;AF1=1;AC1=1;DP4=0,0,36,50;MQ=27;FQ=-999",GT:PL,"1:255,0",YGL062W(+)
chrVII,386979,.,G,C,225.007,.,"DP=103;VDB=0.0351451;SGB=-0.693147;MQSB=0.000661596;MQ0F=0;AF1=1;AC1=1;DP4=0,0,36,51;MQ=27;FQ=-999",GT:PL,"1:255,0",YGL062W(+)
chrVII,401674,.,C,A,202.007,.,"DP=14;VDB=0.086377;SGB=-0.686358;MQSB=0.5;MQ0F=0;AF1=1;AC1=1;DP4=0,0,2,12;MQ=41;FQ=-999",GT:PL,"1:232,0",N/A
chrVII,401698,.,T,A,141.006,.,"DP=11;VDB=0.983149;SGB=-0.676189;MQSB=0.5;MQ0F=0;AF1=1;AC1=1;DP4=0,0,2,9;MQ=40;FQ=-999",GT:PL,"1:171,0",N/A
chrVII,402067,.,T,A,56.0051,.,"DP=17;VDB=0.0132287;SGB=-0.651104;RPB=0.0643861;MQB=0.380236;MQSB=0.155654;BQB=0.0540977;MQ0F=0.0588235;AF1=0.503167;AC1=1;DP4=4,1,5,3;MQ=25;FQ=-999;PV4=1,0.000134519,1,1",GT:PL,"1:105,19",N/A
chrVII,402084,.,G,A,56.0051,.,"DP=14;VDB=0.0140615;SGB=-0.651104;RPB=0.793923;MQB=0.543691;MQSB=0.506703;BQB=0.236382;MQ0F=0.0714286;AF1=0.505038;AC1=1;DP4=2,2,5,3;MQ=26;FQ=-999;PV4=1,0.0121045,1,1",GT:PL,"1:103,17",N/A
chrVII,402085,.,T,C,55.0051,.,"DP=14;VDB=0.0297381;SGB=-0.636426;RPB=0.935451;MQB=0.40926;MQSB=0.506703;BQB=0.838008;MQ0F=0.0714286;AF1=0.501582;AC1=1;DP4=2,3,5,2;MQ=26;FQ=-999;PV4=0.558081,0.0531465,1,1",GT:PL,"1:107,22",N/A
chrVII,405085,.,CGG,CG,140.468,.,"INDEL;IDV=13;IMF=1;DP=13;VDB=9.67242e-06;SGB=-0.683931;MQSB=0;MQ0F=0;AF1=1;AC1=1;DP4=0,0,11,2;MQ=33;FQ=-999",GT:PL,"1:178,39,0",N/A
chrVII,496936,.,G,T,6.97679,.,"DP=1;SGB=-0.379885;MQ0F=0;AF1=1;AC1=1;DP4=0,0,1,0;MQ=42;FQ=-999",GT:PL,"1:36,0",N/A
chrVII,1006277,.,G,C,225.007,.,"DP=63;VDB=0.0828388;SGB=-0.693147;MQSB=0.707089;MQ0F=0;AF1=1;AC1=1;DP4=0,0,41,15;MQ=41;FQ=-999",GT:PL,"1:255,0",YGR257C(-)
chrVII,1006278,.,C,G,225.007,.,"DP=63;VDB=0.0831905;SGB=-0.693147;MQSB=0.707089;MQ0F=0;AF1=1;AC1=1;DP4=0,0,41,15;MQ=41;FQ=-999",GT:PL,"1:255,0",YGR257C(-)
chrVII,1006279,.,G,C,225.007,.,"DP=64;VDB=0.129483;SGB=-0.693147;MQSB=0.695357;MQ0F=0;AF1=1;AC1=1;DP4=0,0,41,16;MQ=41;FQ=-999",GT:PL,"1:255,0",YGR257C(-)
chrVIII,1569,.,G,A,193.007,.,"DP=220;VDB=0.120637;SGB=-0.693147;RPB=1;MQB=1;BQB=1;MQ0F=0.05;AF1=1;AC1=1;DP4=1,0,203,0;MQ=28;FQ=-999;PV4=1,1,0.149309,1",GT:PL,"1:223,0",YHL050C(-)
chrVIII,1672,.,A,G,51.005,.,"DP=249;VDB=1.04855e-06;SGB=-0.693147;RPB=0.136589;MQB=1.9211e-12;MQSB=7.38761e-17;BQB=0.000256656;MQ0F=0.0200803;AF1=0.543032;AC1=1;DP4=44,32,166,4;MQ=24;FQ=-999;PV4=4.34095e-15,1.95418e-07,1,1",GT:PL,"1:89,8",YHL050C(-)
chrVIII,1708,.,A,G,64.0052,.,"DP=239;VDB=0.00610664;SGB=-0.693147;RPB=1.33412e-10;MQB=1.12904e-12;MQSB=0.00486581;BQB=3.44912e-15;MQ0F=0.0543933;AF1=0.829413;AC1=1;DP4=87,20,130,0;MQ=18;FQ=-999;PV4=4.24637e-08,1.02962e-21,1,1",GT:PL,"1:95,1",YHL050C(-)
chrVIII,1846,.,A,G,34.0065,.,"DP=60;VDB=0.00154037;SGB=-0.693147;MQSB=0.967072;MQ0F=0;AF1=1;AC1=1;DP4=0,0,3,56;MQ=8;FQ=-999",GT:PL,"1:64,0",YHL050C(-)
chrVIII,1927,.,G,A,68.0052,.,"DP=221;VDB=6.55225e-11;SGB=-0.693147;RPB=0.000936307;MQB=0.0107343;MQSB=0.423154;BQB=0.979907;MQ0F=0.108597;AF1=1;AC1=1;DP4=0,7,10,168;MQ=11;FQ=-999;PV4=1,0.309031,5.91439e-08,0.405062",GT:PL,"1:98,0",N/A
chrVIII,1930,.,A,G,8.64278,.,"DP=226;VDB=1.03289e-11;SGB=-0.693147;RPB=7.48963e-23;MQB=2.69685e-09;MQSB=0.189577;BQB=0.999283;MQ0F=0.106195;AF1=1;AC1=1;DP4=6,145,4,52;MQ=15;FQ=-999;PV4=0.464331,0.108502,1,1",GT:PL,"1:38,0",N/A
chrVIII,1997,.,T,C,223.007,.,"DP=251;VDB=1.4872e-14;SGB=-0.693147;RPB=0.0181209;MQB=8.70139e-10;MQSB=5.56332e-06;BQB=0.715996;MQ0F=0.00796813;AF1=1;AC1=1;DP4=9,12,0,226;MQ=30;FQ=-999;PV4=3.61219e-11,1,1,1",GT:PL,"1:253,0",N/A
chrVIII,2068,.,A,T,151.006,.,"DP=238;VDB=5.34854e-23;SGB=-0.693147;RPB=0.39278;MQB=0.187144;MQSB=0.213043;BQB=0.1774;MQ0F=0.0840336;AF1=1;AC1=1;DP4=2,19,0,211;MQ=25;FQ=-999;PV4=0.00783699,0.0010978,1,1",GT:PL,"1:181,0",N/A
chrVIII,5635,.,T,C,68.0052,.,"DP=7;VDB=0.114666;SGB=-0.590765;RPB=1;MQB=1;MQSB=1;BQB=1;MQ0F=0;AF1=1;AC1=1;DP4=0,1,5,0;MQ=38;FQ=-999;PV4=0.166667,0.202654,1,1",GT:PL,"1:98,0",N/A
chrVIII,5700,.,A,G,12.27,.,"DP=8;VDB=0.758048;SGB=-0.616816;RPB=0.0833333;MQB=0.166667;BQB=1;MQ0F=0;AF1=0.501994;AC1=1;DP4=2,0,6,0;MQ=22;FQ=-999;PV4=1,1,0.249531,1",GT:PL,"1:63,21",YHL048C-A(-)
chrVIII,5706,.,C,G,12.27,.,"DP=8;VDB=0.758048;SGB=-0.616816;RPB=0.0833333;MQB=0.166667;BQB=1;MQ0F=0;AF1=0.501994;AC1=1;DP4=2,0,6,0;MQ=22;FQ=-999;PV4=1,1,0.249531,1",GT:PL,"1:63,21",YHL048C-A(-)
chrVIII,5709,.,C,G,12.27,.,"DP=8;VDB=0.758048;SGB=-0.616816;RPB=0.0833333;MQB=0.166667;BQB=0.5;MQ0F=0;AF1=0.501994;AC1=1;DP4=2,0,6,0;MQ=22;FQ=-999;PV4=1,1,0.249531,1",GT:PL,"1:63,21",YHL048C-A(-)
chrVIII,5717,.,T,C,42.0052,.,"DP=5;VDB=0.507898;SGB=-0.590765;MQ0F=0;AF1=1;AC1=1;DP4=0,0,5,0;MQ=21;FQ=-999",GT:PL,"1:72,0",YHL048C-A(-)
chrVIII,5724,.,C,T,30.0091,.,"DP=5;VDB=0.23997;SGB=-0.556411;MQ0F=0;AF1=1;AC1=1;DP4=0,0,4,0;MQ=20;FQ=-999",GT:PL,"1:60,0",YHL048C-A(-)
chrVIII,5759,.,G,A,68.0052,.,"DP=24;VDB=4.24794e-07;SGB=-0.692352;RPB=0.857143;MQB=0.142857;BQB=1;MQ0F=0.208333;AF1=1;AC1=1;DP4=2,0,21,0;MQ=18;FQ=-999;PV4=1,1,1,0.289854",GT:PL,"1:98,0",YHL048C-A(-)
chrVIII,5775,.,G,C,69.0052,.,"DP=28;VDB=0.000237721;SGB=-0.69168;RPB=0.999582;MQB=0.000618082;BQB=0.97974;MQ0F=0.178571;AF1=1;AC1=1;DP4=7,0,19,0;MQ=19;FQ=-999;PV4=1,0.277345,1,0.0714371",GT:PL,"1:99,0",YHL048C-A(-)
chrVIII,5777,.,G,A,72.0053,.,"DP=32;VDB=0.00312831;SGB=-0.693097;MQ0F=0.15625;AF1=1;AC1=1;DP4=0,0,30,0;MQ=20;FQ=-999",GT:PL,"1:102,0",YHL048C-A(-)
chrVIII,5788,.,T,G,74.0053,.,"DP=35;VDB=0.104165;SGB=-0.693127;MQ0F=0.171429;AF1=1;AC1=1;DP4=0,0,33,0;MQ=20;FQ=-999",GT:PL,"1:104,0",YHL048C-A(-)
chrVIII,5806,.,C,T,72.0053,.,"DP=41;VDB=0.762789;SGB=-0.693127;RPB=0.693041;MQB=0.000928613;BQB=0.963559;MQ0F=0.170732;AF1=1;AC1=1;DP4=6,0,33,0;MQ=20;FQ=-999;PV4=1,1,1,1",GT:PL,"1:102,0",N/A
chrVIII,5830,.,C,T,76.0053,.,"DP=20;VDB=0.000753076;SGB=-0.692067;MQ0F=0.1;AF1=1;AC1=1;DP4=0,0,20,0;MQ=21;FQ=-999",GT:PL,"1:106,0",N/A
chrVIII,5837,.,A,C,76.0053,.,"DP=16;VDB=3.86953e-05;SGB=-0.689466;MQ0F=0.125;AF1=1;AC1=1;DP4=0,0,16,0;MQ=21;FQ=-999",GT:PL,"1:106,0",N/A
chrVIII,5838,.,A,G,76.0053,.,"DP=16;VDB=4.01873e-05;SGB=-0.689466;MQ0F=0.125;AF1=1;AC1=1;DP4=0,0,16,0;MQ=21;FQ=-999",GT:PL,"1:106,0",N/A
chrVIII,5854,.,A,G,51.005,.,"DP=10;VDB=5.39569e-05;SGB=-0.651104;RPB=1;MQB=1;BQB=1;MQ0F=0.2;AF1=1;AC1=1;DP4=1,0,8,0;MQ=19;FQ=-999;PV4=1,1,1,0.000127004",GT:PL,"1:81,0",N/A
chrVIII,5856,.,G,A,46.005,.,"DP=10;VDB=0.000192878;SGB=-0.662043;MQ0F=0.2;AF1=1;AC1=1;DP4=0,0,9,0;MQ=19;FQ=-999",GT:PL,"1:76,0",N/A
chrVIII,6125,.,C,T,65.0052,.,"DP=8;VDB=0.748002;SGB=-0.651104;MQ0F=0;AF1=1;AC1=1;DP4=0,0,0,8;MQ=22;FQ=-999",GT:PL,"1:95,0",N/A
chrVIII,6252,.,T,G,77.0053,.,"DP=33;VDB=0.000104942;SGB=-0.692976;RPB=0.815575;MQB=0.848856;MQSB=0.109794;BQB=0.907591;MQ0F=0.0606061;AF1=1;AC1=1;DP4=0,7,9,17;MQ=17;FQ=-999;PV4=0.149333,1,1,0.348579",GT:PL,"1:107,0",N/A
chrVIII,6396,.,CGA,C,9.93137,.,"INDEL;IDV=35;IMF=0.7;DP=50;VDB=0.00193071;SGB=-0.693079;MQSB=3.31303e-06;MQ0F=0;AF1=1;AC1=1;DP4=10,11,29,0;MQ=10;FQ=-999;PV4=9.44259e-06,1,1,7.85349e-11",GT:PL,"1:47,11,0",N/A
chrVIII,85508,.,TTATATATAT,TTATATAT,31.4695,.,"INDEL;IDV=5;IMF=0.357143;DP=14;VDB=0.950376;SGB=-0.636426;MQSB=0.703221;MQ0F=0;AF1=0.5;AC1=1;DP4=2,5,4,3;MQ=37;FQ=-999;PV4=0.592075,1,1,1",GT:PL,"1:180,0,111",N/A
chrVIII,216123,.,C,T,118.006,.,"DP=91;VDB=0.999327;SGB=-0.69311;RPB=0.312826;MQB=1.10565e-12;MQSB=0.000101505;BQB=0.822523;MQ0F=0;AF1=1;AC1=1;DP4=24,31,30,1;MQ=25;FQ=-999;PV4=3.32275e-07,0.037594,1,1",GT:PL,"1:148,0",YHR056C(-)
chrVIII,417054,.,G,A,225.007,.,"DP=70;VDB=0.00513924;SGB=-0.693147;MQSB=1;MQ0F=0;AF1=1;AC1=1;DP4=0,0,32,35;MQ=42;FQ=-999",GT:PL,"1:255,0",YHR158C(-)
chrVIII,499958,.,C,T,225.007,.,"DP=127;VDB=0.000419241;SGB=-0.693147;MQSB=0.999496;MQ0F=0;AF1=1;AC1=1;DP4=0,0,119,5;MQ=42;FQ=-999",GT:PL,"1:255,0",YHR201C(-)
chrVIII,511255,.,C,T,225.007,.,"DP=191;VDB=0.0394393;SGB=-0.693147;MQSB=0.992219;MQ0F=0;AF1=1;AC1=1;DP4=0,0,29,135;MQ=42;FQ=-999",GT:PL,"1:255,0",YHR205W(+)
chrVIII,524447,.,C,G,225.007,.,"DP=61;VDB=0.673594;SGB=-0.693147;MQSB=1;MQ0F=0;AF1=1;AC1=1;DP4=0,0,29,27;MQ=42;FQ=-999",GT:PL,"1:255,0",N/A
chrIX,23185,.,CG,CGG,7.34966,.,"INDEL;IDV=36;IMF=0.972973;DP=37;VDB=0.185351;SGB=-0.693141;MQSB=0.428571;MQ0F=0;AF1=1;AC1=1;DP4=0,0,35,2;MQ=9;FQ=-999",GT:PL,"1:44,111,0",YIL169C(-)
chrIX,23282,.,TCC,TC,23.4858,.,"INDEL;IDV=51;IMF=0.784615;DP=65;VDB=0.00870076;SGB=-0.693147;MQ0F=0;AF1=0.500079;AC1=1;DP4=18,0,47,0;MQ=25;FQ=-999;PV4=1,1,1,4.22124e-08",GT:PL,"1:96,0,35",YIL169C(-)
chrIX,105433,.,AAATAATAAT,AAATAATAATAAT,126.468,.,"INDEL;IDV=6;IMF=1;DP=6;VDB=0.138089;SGB=-0.616816;MQSB=1;MQ0F=0;AF1=1;AC1=1;DP4=0,0,1,5;MQ=37;FQ=-999",GT:PL,"1:164,18,0",YIL130W(+)
chrIX,318694,.,T,A,225.007,.,"DP=69;VDB=0.559327;SGB=-0.693147;MQSB=1;MQ0F=0;AF1=1;AC1=1;DP4=0,0,22,42;MQ=42;FQ=-999",GT:PL,"1:255,0",YIL017C(-)
chrIX,439882,.,TGTGTG,TGTGTGGGTGTGGGTGTG,36.4674,.,"INDEL;IDV=1;IMF=0.0833333;DP=12;VDB=7.33352e-07;SGB=-0.651104;MQ0F=0.0833333;AF1=0.5;AC1=1;DP4=0,4,0,8;MQ=35;FQ=-999;PV4=1,1,1,1",GT:PL,"1:133,0,59",N/A
chrX,97478,.,G,A,225.007,.,"DP=96;VDB=0.000240616;SGB=-0.693147;MQSB=0.989475;MQ0F=0;AF1=1;AC1=1;DP4=0,0,39,57;MQ=42;FQ=-999",GT:PL,"1:255,0",N/A
chrX,100335,.,C,T,225.007,.,"DP=169;VDB=0.00116597;SGB=-0.693147;MQSB=0.989796;MQ0F=0;AF1=1;AC1=1;DP4=0,0,80,75;MQ=42;FQ=-999",GT:PL,"1:255,0",YJL171C(-)
chrX,199170,.,A,C,26.0156,.,"DP=42;VDB=0.412057;SGB=-0.693145;MQSB=0.923703;MQ0F=0;AF1=1;AC1=1;DP4=0,0,5,36;MQ=8;FQ=-999",GT:PL,"1:56,0",YJL113W(+)
chrX,200219,.,A,G,10.418,.,"DP=10;VDB=0.515403;SGB=-0.662043;MQSB=0.924584;MQ0F=0;AF1=1;AC1=1;DP4=0,0,3,6;MQ=7;FQ=-999",GT:PL,"1:40,0",YJL113W(+)
chrX,278977,.,CAGAGAG,CAGAG,217.469,.,"INDEL;IDV=77;IMF=0.865169;DP=89;VDB=0.589575;SGB=-0.693147;MQSB=0.998495;MQ0F=0;AF1=1;AC1=1;DP4=6,5,49,29;MQ=42;FQ=-999;PV4=0.742304,1,1,1",GT:PL,"1:255,19,0",YJL083W(+)
chrXI,457,.,C,CA,217.469,.,"INDEL;IDV=82;IMF=0.942529;DP=87;VDB=0.884035;SGB=-0.693147;MQSB=0.389417;MQ0F=0.0114943;AF1=1;AC1=1;DP4=1,6,53,27;MQ=21;FQ=-999;PV4=0.0109664,1,1,1",GT:PL,"1:255,164,0",YKL225W(+)
chrXI,451568,.,GGAACACGAACACGAACA,GGAACACGAACA,217.469,.,"INDEL;IDV=64;IMF=0.653061;DP=98;VDB=0.236422;SGB=-0.693147;MQSB=0.00947761;MQ0F=0;AF1=1;AC1=1;DP4=6,3,24,65;MQ=40;FQ=-999;PV4=0.0221187,1,0.0623557,1",GT:PL,"1:255,39,0",YKR007W(+)
chrXI,666554,.,AGG,AG,166.468,.,"INDEL;IDV=1;IMF=0.0117647;DP=85;VDB=0.266017;SGB=-0.693147;MQSB=0.808706;MQ0F=0;AF1=1;AC1=1;DP4=5,3,9,68;MQ=40;FQ=-999;PV4=0.00253786,1,0.12676,1",GT:PL,"1:204,32,0",N/A
chrXI,666556,.,GT,G,217.469,.,"INDEL;IDV=73;IMF=0.9125;DP=80;VDB=0.0178116;SGB=-0.693147;MQSB=0.582178;MQ0F=0;AF1=1;AC1=1;DP4=1,2,9,68;MQ=40;FQ=-999;PV4=0.333739,1,0.241893,1",GT:PL,"1:255,192,0",N/A
chrXI,666557,.,TG,T,217.469,.,"INDEL;IDV=3;IMF=0.0375;DP=80;VDB=0.0199488;SGB=-0.693147;MQSB=0.582178;MQ0F=0;AF1=1;AC1=1;DP4=1,2,9,68;MQ=40;FQ=-999;PV4=0.333739,1,0.241893,1",GT:PL,"1:255,192,0",N/A
chrXII,590,.,ATG,ATGTACAGTG,58.4667,.,"INDEL;IDV=19;IMF=0.112426;DP=169;VDB=0.110844;SGB=-0.693147;MQ0F=0;AF1=0.5;AC1=1;DP4=58,0,111,0;MQ=30;FQ=-999;PV4=1,1,1,1",GT:PL,"1:175,0,79",YLL067C(-)
chrXII,591,.,TGG,TGTACAGCGG,103.467,.,"INDEL;IDV=131;IMF=0.789157;DP=166;VDB=0.0216826;SGB=-0.693147;MQ0F=0;AF1=1;AC1=1;DP4=29,0,137,0;MQ=30;FQ=-999;PV4=1,1,1,1",GT:PL,"1:141,73,0",YLL067C(-)
chrXII,592,.,G,GTACAGCC,153.468,.,"INDEL;IDV=1;IMF=0.0060241;DP=166;VDB=0.000913457;SGB=-0.693147;MQ0F=0;AF1=1;AC1=1;DP4=68,0,98,0;MQ=30;FQ=-999;PV4=1,1,1,1",GT:PL,"1:191,2,0",YLL067C(-)
chrXII,187137,.,ATTT,ATT,191.468,.,"INDEL;IDV=78;IMF=0.83871;DP=93;VDB=0.999009;SGB=-0.693147;MQSB=1;MQ0F=0;AF1=1;AC1=1;DP4=2,12,48,31;MQ=42;FQ=-999;PV4=0.00248744,1,1,1",GT:PL,"1:229,41,0",N/A
chrXII,220717,.,G,A,23.0263,.,"DP=4;VDB=0.02;SGB=-0.453602;RPB=0;MQB=0;MQSB=0;BQB=0;MQ0F=0;AF1=0.829413;AC1=1;DP4=0,2,2,0;MQ=30;FQ=-999;PV4=0.333333,1,1,1",GT:PL,"1:54,1",N/A
chrXII,291384,.,A,G,225.007,.,"DP=82;VDB=0.00106346;SGB=-0.693147;MQSB=1;MQ0F=0;AF1=1;AC1=1;DP4=0,0,18,59;MQ=42;FQ=-999",GT:PL,"1:255,0",YLR081W(+)
chrXII,291386,.,A,G,225.007,.,"DP=83;VDB=0.00135456;SGB=-0.693147;MQSB=1;MQ0F=0;AF1=1;AC1=1;DP4=0,0,18,60;MQ=42;FQ=-999",GT:PL,"1:255,0",YLR081W(+)
chrXII,474417,.,ACC,ACCC,57.4667,.,"INDEL;IDV=4;IMF=0.444444;DP=9;VDB=0.874586;SGB=-0.556411;MQSB=1;MQ0F=0.111111;AF1=1;AC1=1;DP4=4,1,4,0;MQ=28;FQ=-999;PV4=1,1,1,1",GT:PL,"1:95,2,0",N/A
chrXII,475970,.,TTTG,TTTGAGACATTG,7.34966,.,"INDEL;IDV=2;IMF=1;DP=2;VDB=0.02;SGB=-0.453602;MQ0F=0;AF1=1;AC1=1;DP4=0,0,0,2;MQ=24;FQ=-999",GT:PL,"1:44,6,0",YLR157W-D(+)
chrXII,528749,.,T,A,225.007,.,"DP=127;VDB=0.0829428;SGB=-0.693147;MQSB=1;MQ0F=0;AF1=1;AC1=1;DP4=0,0,56,68;MQ=42;FQ=-999",GT:PL,"1:255,0",YLR188W(+)
chrXII,725936,.,G,A,201.007,.,"DP=55;VDB=0.346082;SGB=-0.693147;MQSB=1;MQ0F=0;AF1=1;AC1=1;DP4=0,0,51,1;MQ=41;FQ=-999",GT:PL,"1:231,0",N/A
chrXII,734703,.,T,A,75.0053,.,"DP=5;VDB=0.0868401;SGB=-0.590765;MQ0F=0;AF1=1;AC1=1;DP4=0,0,5,0;MQ=35;FQ=-999",GT:PL,"1:105,0",N/A
chrXII,757588,.,T,G,27.0133,.,"DP=21;VDB=7.31661e-07;SGB=-0.690438;RPB=0.558824;MQB=0.735294;BQB=0.852941;MQ0F=0;AF1=1;AC1=1;DP4=2,0,17,0;MQ=23;FQ=-999;PV4=1,1,0.379769,1",GT:PL,"1:57,0",YLR311C(-)
chrXII,757597,.,C,"T,A,G",17.0903,.,"DP=20;VDB=3.28087e-08;SGB=-0.691153;MQ0F=0;AF1=1;AC1=1;DP4=0,0,18,0;MQ=22;FQ=-999",GT:PL,"1:57,43,10,55,0,37,57,32,47,54",YLR311C(-)
chrXII,784382,.,GCC,GCCC,217.469,.,"INDEL;IDV=71;IMF=0.922078;DP=77;VDB=0.450823;SGB=-0.693147;MQSB=0.99361;MQ0F=0;AF1=1;AC1=1;DP4=3,2,41,31;MQ=42;FQ=-999;PV4=1,1,1,1",GT:PL,"1:255,107,0",N/A
chrXII,828903,.,C,T,225.007,.,"DP=81;VDB=0.0161283;SGB=-0.693147;MQSB=1;MQ0F=0;AF1=1;AC1=1;DP4=0,0,67,14;MQ=42;FQ=-999",GT:PL,"1:255,0",YLR350W(+)
chrXII,1007330,.,T,G,6.97679,.,"DP=1;SGB=-0.379885;MQ0F=0;AF1=1;AC1=1;DP4=0,0,0,1;MQ=42;FQ=-999",GT:PL,"1:36,0",N/A
chrXII,1039435,.,T,A,225.007,.,"DP=65;VDB=0.0794334;SGB=-0.693147;MQSB=1;MQ0F=0;AF1=1;AC1=1;DP4=0,0,50,12;MQ=42;FQ=-999",GT:PL,"1:255,0",YLR452C(-)
chrXII,1066742,.,A,G,48.005,.,"DP=193;VDB=0.0629026;SGB=-0.693147;RPB=0.449316;MQB=0.0557752;MQSB=0.00508751;BQB=0.407241;MQ0F=0.0466321;AF1=1;AC1=1;DP4=67,62,15,47;MQ=12;FQ=-999;PV4=0.00030986,1,1,1",GT:PL,"1:78,0","YLR463C(-),YLR464W(+)"
chrXIII,34473,.,T,G,225.007,.,"DP=129;VDB=0.62131;SGB=-0.693147;MQSB=0.973252;MQ0F=0;AF1=1;AC1=1;DP4=0,0,78,43;MQ=42;FQ=-999",GT:PL,"1:255,0",YML117W(+)
chrXIII,325905,.,T,A,225.007,.,"DP=81;VDB=0.0424415;SGB=-0.693147;MQSB=1;MQ0F=0;AF1=1;AC1=1;DP4=0,0,59,13;MQ=42;FQ=-999",GT:PL,"1:255,0",YMR027W(+)
chrXIII,448333,.,G,A,225.007,.,"DP=97;VDB=5.72375e-07;SGB=-0.693147;MQSB=0.999993;MQ0F=0;AF1=1;AC1=1;DP4=0,0,47,46;MQ=42;FQ=-999",GT:PL,"1:255,0",N/A
chrXIII,448334,.,A,G,225.007,.,"DP=97;VDB=5.17564e-07;SGB=-0.693147;MQSB=0.999993;MQ0F=0;AF1=1;AC1=1;DP4=0,0,47,46;MQ=42;FQ=-999",GT:PL,"1:255,0",N/A
chrXIII,630505,.,A,G,225.007,.,"DP=27;VDB=0.915328;SGB=-0.692976;MQSB=1;MQ0F=0;AF1=1;AC1=1;DP4=0,0,22,4;MQ=42;FQ=-999",GT:PL,"1:255,0",YMR185W(+)
chrXIII,672129,.,T,C,225.007,.,"DP=57;VDB=0.866786;SGB=-0.693147;MQSB=1;MQ0F=0;AF1=1;AC1=1;DP4=0,0,43,11;MQ=42;FQ=-999",GT:PL,"1:255,0",YMR205C(-)
chrXIII,680936,.,T,C,225.007,.,"DP=26;VDB=0.0197209;SGB=-0.692914;MQSB=1;MQ0F=0;AF1=1;AC1=1;DP4=0,0,13,12;MQ=42;FQ=-999",GT:PL,"1:255,0",YMR207C(-)
chrXIII,680940,.,C,T,225.007,.,"DP=26;VDB=0.0224686;SGB=-0.692914;MQSB=1;MQ0F=0;AF1=1;AC1=1;DP4=0,0,13,12;MQ=42;FQ=-999",GT:PL,"1:255,0",YMR207C(-)
chrXIII,708291,.,T,C,225.007,.,"DP=109;VDB=0.0299885;SGB=-0.693147;MQSB=1;MQ0F=0;AF1=1;AC1=1;DP4=0,0,21,82;MQ=42;FQ=-999",GT:PL,"1:255,0",YMR219W(+)
chrXIII,809198,.,A,G,225.007,.,"DP=69;VDB=0.442891;SGB=-0.693147;MQSB=0.95239;MQ0F=0;AF1=1;AC1=1;DP4=0,0,21,41;MQ=42;FQ=-999",GT:PL,"1:255,0",N/A
chrXIII,908177,.,A,G,103.006,.,"DP=227;VDB=3.95153e-06;SGB=-0.693147;RPB=0.000943961;MQB=0.484656;MQSB=9.01865e-11;BQB=0.409589;MQ0F=0.127753;AF1=1;AC1=1;DP4=19,18,89,50;MQ=18;FQ=-999;PV4=0.185264,1,0.479736,1",GT:PL,"1:133,0",YMR317W(+)
chrXIII,908179,.,T,G,46.005,.,"DP=238;VDB=3.31774e-06;SGB=-0.693147;RPB=1.4568e-06;MQB=0.0323232;MQSB=1.63715e-11;BQB=0.845656;MQ0F=0.121849;AF1=0.50001;AC1=1;DP4=21,33,79,45;MQ=18;FQ=-999;PV4=0.00297625,1,0.0203059,1",GT:PL,"1:120,44",YMR317W(+)
chrXIII,908196,.,G,C,37.0057,.,"DP=236;VDB=0.989076;SGB=-0.693147;RPB=0.326991;MQB=0.0773211;MQSB=7.04764e-16;BQB=0.107461;MQ0F=0.122881;AF1=0.520679;AC1=1;DP4=22,31,61,88;MQ=18;FQ=-999;PV4=1,1,0.0158228,0.178209",GT:PL,"1:78,11",YMR317W(+)
chrXIII,908218,.,C,T,36.0059,.,"DP=238;VDB=0.017155;SGB=-0.693147;RPB=3.25558e-07;MQB=0.331937;MQSB=8.59508e-15;BQB=0.092693;MQ0F=0.0840336;AF1=1;AC1=1;DP4=22,37,56,112;MQ=18;FQ=-999;PV4=0.633573,1,0.0856638,0.00281289",GT:PL,"1:66,0",YMR317W(+)
chrXIII,924341,.,G,T,92.0055,.,"DP=9;VDB=0.100525;SGB=-0.636426;MQ0F=0;AF1=1;AC1=1;DP4=0,0,0,7;MQ=31;FQ=-999",GT:PL,"1:122,0",N/A
chrXIV,7478,.,A,AT,182.468,.,"INDEL;IDV=27;IMF=0.84375;DP=32;VDB=3.45996e-05;SGB=-0.69312;MQSB=0.614962;MQ0F=0;AF1=1;AC1=1;DP4=0,0,5,27;MQ=22;FQ=-999",GT:PL,"1:220,96,0",N/A
chrXIV,14333,.,GC,GCC,5.79377,.,"INDEL;IDV=29;IMF=1;DP=29;VDB=3.87101e-06;SGB=-0.693079;MQ0F=0;AF1=1;AC1=1;DP4=0,0,0,29;MQ=15;FQ=-999",GT:PL,"1:42,87,0",N/A
chrXIV,140381,.,CATA,CATAATAATA,35.4676,.,"INDEL;IDV=2;IMF=1;DP=2;VDB=0.02;SGB=-0.453602;MQ0F=0;AF1=1;AC1=1;DP4=0,0,2,0;MQ=40;FQ=-999",GT:PL,"1:73,6,0",YNL268W(+)
chrXIV,312328,.,AACGACGACG,AACGACG,150.468,.,"INDEL;IDV=58;IMF=0.783784;DP=74;VDB=0.689616;SGB=-0.693147;MQSB=0.975777;MQ0F=0;AF1=0.5;AC1=1;DP4=6,5,39,24;MQ=42;FQ=-999;PV4=0.742139,1,0.256786,1",GT:PL,"1:255,0,67",YNL172W(+)
chrXIV,377887,.,G,T,225.007,.,"DP=112;VDB=0.631157;SGB=-0.693147;MQSB=1;MQ0F=0;AF1=1;AC1=1;DP4=0,0,40,72;MQ=42;FQ=-999",GT:PL,"1:255,0",YNL132W(+)
chrXIV,439397,.,GTTTTTT,GTTTTTTT,93.4671,.,"INDEL;IDV=35;IMF=0.875;DP=40;VDB=0.0899443;SGB=-0.693139;MQSB=1;MQ0F=0;AF1=1;AC1=1;DP4=3,1,5,31;MQ=42;FQ=-999;PV4=0.0203742,1,1,1",GT:PL,"1:131,60,0",N/A
chrXIV,471767,.,A,G,225.007,.,"DP=66;VDB=0.00308278;SGB=-0.693147;MQSB=1;MQ0F=0;AF1=1;AC1=1;DP4=0,0,52,12;MQ=42;FQ=-999",GT:PL,"1:255,0",YNL083W(+)
chrXV,90,.,CCCAC,CC,211.469,.,"INDEL;IDV=39;IMF=0.951219;DP=41;VDB=9.88113e-05;SGB=-0.693144;MQSB=1;MQ0F=0;AF1=1;AC1=1;DP4=2,0,38,1;MQ=40;FQ=-999;PV4=1,1,1,1",GT:PL,"1:249,93,0",N/A
chrXV,50002,.,C,T,225.007,.,"DP=80;VDB=0.821432;SGB=-0.693147;MQSB=0.997154;MQ0F=0;AF1=1;AC1=1;DP4=0,0,55,21;MQ=41;FQ=-999",GT:PL,"1:255,0",YOL145C(-)
chrXV,50010,.,A,T,225.007,.,"DP=77;VDB=0.677785;SGB=-0.693147;MQSB=0.969007;MQ0F=0;AF1=1;AC1=1;DP4=0,0,51,19;MQ=42;FQ=-999",GT:PL,"1:255,0",YOL145C(-)
chrXV,50012,.,C,T,225.007,.,"DP=77;VDB=0.932011;SGB=-0.693147;MQSB=0.972742;MQ0F=0;AF1=1;AC1=1;DP4=0,0,55,19;MQ=42;FQ=-999",GT:PL,"1:255,0",YOL145C(-)
chrXV,60240,.,C,"T,G",100.006,.,"DP=11;VDB=0.862543;SGB=-0.651104;MQSB=0.300267;MQ0F=0;AF1=1;AC1=1;DP4=0,0,3,5;MQ=37;FQ=-999",GT:PL,"1:130,0,124",N/A
chrXV,79297,.,C,G,225.007,.,"DP=93;VDB=0.283372;SGB=-0.693147;MQSB=0.715702;MQ0F=0;AF1=1;AC1=1;DP4=0,0,33,54;MQ=41;FQ=-999",GT:PL,"1:255,0",YOL128C(-)
chrXV,79304,.,A,T,225.007,.,"DP=98;VDB=0.286269;SGB=-0.693147;MQSB=0.519632;MQ0F=0;AF1=1;AC1=1;DP4=0,0,29,50;MQ=41;FQ=-999",GT:PL,"1:255,0",YOL128C(-)
chrXV,79305,.,T,A,225.007,.,"DP=93;VDB=0.258398;SGB=-0.693147;MQSB=0.519632;MQ0F=0;AF1=1;AC1=1;DP4=0,0,29,50;MQ=41;FQ=-999",GT:PL,"1:255,0",YOL128C(-)
chrXV,580195,.,G,A,178.007,.,"DP=10;VDB=0.860346;SGB=-0.670168;MQSB=1;MQ0F=0;AF1=1;AC1=1;DP4=0,0,8,2;MQ=42;FQ=-999",GT:PL,"1:208,0",YOR135C(-)
chrXV,773264,.,G,C,225.007,.,"DP=61;VDB=0.834344;SGB=-0.693147;MQSB=1;MQ0F=0;AF1=1;AC1=1;DP4=0,0,12,46;MQ=42;FQ=-999",GT:PL,"1:255,0","YOR231W(+),YOR231C-A(-)"
chrXV,951241,.,C,T,225.007,.,"DP=93;VDB=0.404693;SGB=-0.693147;MQSB=0.995123;MQ0F=0;AF1=1;AC1=1;DP4=0,0,19,67;MQ=42;FQ=-999",GT:PL,"1:255,0",YOR336W(+)
chrXVI,191944,.,C,T,225.007,.,"DP=67;VDB=0.999982;SGB=-0.693147;MQSB=1;MQ0F=0;AF1=1;AC1=1;DP4=0,0,31,29;MQ=42;FQ=-999",GT:PL,"1:255,0",YPL188W(+)
chrXVI,667520,.,T,G,225.007,.,"DP=69;VDB=0.766059;SGB=-0.693147;MQSB=0.994875;MQ0F=0;AF1=1;AC1=1;DP4=0,0,13,55;MQ=42;FQ=-999",GT:PL,"1:255,0",N/A
chrXVI,677102,.,A,G,225.007,.,"DP=60;VDB=0.999207;SGB=-0.693147;MQSB=0.996706;MQ0F=0;AF1=1;AC1=1;DP4=0,0,22,31;MQ=42;FQ=-999",GT:PL,"1:255,0",N/A
chrXVI,759400,.,T,G,225.007,.,"DP=129;VDB=0.47166;SGB=-0.693147;MQSB=0.999588;MQ0F=0;AF1=1;AC1=1;DP4=0,0,58,70;MQ=42;FQ=-999",GT:PL,"1:255,0",YPR116W(+)
chrXVI,890346,.,T,A,225.007,.,"DP=117;VDB=1;SGB=-0.693147;MQSB=0.997461;MQ0F=0;AF1=1;AC1=1;DP4=0,0,66,43;MQ=42;FQ=-999",GT:PL,"1:255,0",YPR175W(+)
chrmt,13248,.,A,T,10.418,.,"DP=2;SGB=-0.379885;MQ0F=0;AF1=1;AC1=1;DP4=0,0,1,0;MQ=40;FQ=-999",GT:PL,"1:40,0",N/A
chrmt,13802,.,T,A,176.007,.,"DP=11;VDB=0.107081;SGB=-0.662043;MQSB=1;MQ0F=0;AF1=1;AC1=1;DP4=0,0,7,2;MQ=42;FQ=-999",GT:PL,"1:206,0",N/A
chrmt,20345,.,GAAA,GAA,179.468,.,"INDEL;IDV=160;IMF=0.879121;DP=182;VDB=0.000183608;SGB=-0.693147;MQSB=0.751434;MQ0F=0;AF1=1;AC1=1;DP4=7,29,52,94;MQ=39;FQ=-999;PV4=0.0746391,1,1,1",GT:PL,"1:217,50,0",N/A
chrmt,20934,.,T,G,225.007,.,"DP=227;VDB=0.606377;SGB=-0.693147;MQSB=0.988519;MQ0F=0;AF1=1;AC1=1;DP4=0,0,140,52;MQ=42;FQ=-999",GT:PL,"1:255,0","Q0065(+),Q0070(+),Q0045(+)"
chrmt,33618,.,T,TTC,217.469,.,"INDEL;IDV=25;IMF=0.862069;DP=29;VDB=0.668636;SGB=-0.692914;MQSB=0.342519;MQ0F=0;AF1=1;AC1=1;DP4=0,4,8,17;MQ=39;FQ=-999;PV4=0.552019,1,1,1",GT:PL,"1:255,44,0",N/A
chrmt,33743,.,T,A,159.006,.,"DP=22;VDB=0.00873911;SGB=-0.690438;MQ0F=0;AF1=1;AC1=1;DP4=0,0,17,0;MQ=40;FQ=-999",GT:PL,"1:189,0",N/A
chrmt,39517,.,G,T,225.007,.,"DP=81;VDB=0.328122;SGB=-0.693147;MQSB=0.957296;MQ0F=0;AF1=1;AC1=1;DP4=0,0,48,9;MQ=42;FQ=-999",GT:PL,"1:255,0",Q0115(+)
chrmt,43084,.,ATTTTTTTT,ATTTTTTTTT,101.467,.,"INDEL;IDV=149;IMF=0.881657;DP=169;VDB=0.837204;SGB=-0.693147;MQSB=0.996785;MQ0F=0;AF1=1;AC1=1;DP4=12,11,20,126;MQ=42;FQ=-999;PV4=9.76968e-05,1,1,1",GT:PL,"1:139,225,0",N/A
chrmt,44795,.,ATTTTTTTT,ATTTTTTTTT,13.6574,.,"INDEL;IDV=7;IMF=1;DP=7;VDB=0.0513273;SGB=-0.636426;MQSB=1;MQ0F=0;AF1=1;AC1=1;DP4=0,0,6,1;MQ=38;FQ=-999",GT:PL,"1:51,21,0",N/A
chrmt,78692,.,G,T,6.97679,.,"DP=1;SGB=-0.379885;MQ0F=0;AF1=1;AC1=1;DP4=0,0,1,0;MQ=42;FQ=-999",GT:PL,"1:36,0",N/A
chrmt,82507,.,T,A,116.006,.,"DP=5;VDB=0.0435222;SGB=-0.590765;MQSB=0.5;MQ0F=0;AF1=1;AC1=1;DP4=0,0,2,3;MQ=39;FQ=-999",GT:PL,"1:146,0",N/A
